[
    {
        "type": "headline",
        "context": [],
        "passage": "Privacy Policy",
        "annotations": []
    },
    {
        "type": "text",
        "context": [
            {
                "text": "Privacy Policy",
                "type": "h1"
            }
        ],
        "passage": "This Privacy Statement was last updated on March 7, 2020.",
        "annotations": []
    },
    {
        "type": "text",
        "context": [
            {
                "text": "Privacy Policy",
                "type": "h1"
            }
        ],
        "passage": "=====================",
        "annotations": []
    },
    {
        "type": "text",
        "context": [
            {
                "text": "Privacy Policy",
                "type": "h1"
            }
        ],
        "passage": "iSmartOffice may collect personal information to help you place and receive delivery orders and to improve the iSmartOffice service.",
        "annotations": [
            {
                "requirement": "Processing Purpose",
                "value": "help you place and receive delivery orders",
                "performed": true
            },
            {
                "requirement": "Processing Purpose",
                "value": "improve the iSmartOffice service",
                "performed": true
            }
        ]
    },
    {
        "type": "text",
        "context": [
            {
                "text": "Privacy Policy",
                "type": "h1"
            }
        ],
        "passage": "This Privacy Statement explains how iSmartOffice (\u201ciSmartOffice,\u201d \u201cwe,\u201d \u201cus,\u201d or \u201cour\u201d) handles your personal information when you visit or use https://patient.ismartoffice.ai/ and https://clinic.ismartoffice.ai/ (the \u201cSite\u201d), the iSmartOffice mobile application, and any other website or mobile application that links to this Privacy Statement (collectively, the \u201cServices\u201d). Please review this Privacy Statement carefully.",
        "annotations": [
            {
                "requirement": "Controller Name",
                "value": "iSmartOffice",
                "performed": true
            },
            {
                "requirement": "Data Categories",
                "value": "your personal information",
                "performed": true
            }
        ]
    },
    {
        "type": "text",
        "context": [
            {
                "text": "Privacy Policy",
                "type": "h1"
            }
        ],
        "passage": "By using our Services you consent to the use and sharing of your personal information as described in this Privacy Statement. If you do not agree with these practices, please do not use the Services, or otherwise provide us with your personal information. Your access to and use of our Services are subject to our Terms and Conditions, which define some of the terms used throughout this Privacy Statement. Dentists should refer to the Dentist Privacy Statement for information on how iSmartOffice collects and uses Dentists\u2019 personal information.",
        "annotations": []
    },
    {
        "type": "headline",
        "context": [
            {
                "text": "Privacy Policy",
                "type": "h1"
            }
        ],
        "passage": "Collection of Information",
        "annotations": []
    },
    {
        "type": "text",
        "context": [
            {
                "text": "Privacy Policy",
                "type": "h1"
            },
            {
                "text": "Collection of Information",
                "type": "h2"
            }
        ],
        "passage": "When you use our Services we may collect or receive information about you.",
        "annotations": []
    },
    {
        "type": "headline",
        "context": [
            {
                "text": "Privacy Policy",
                "type": "h1"
            },
            {
                "text": "Collection of Information",
                "type": "h2"
            }
        ],
        "passage": "Information You Provide Directly",
        "annotations": []
    },
    {
        "type": "text",
        "context": [
            {
                "text": "Privacy Policy",
                "type": "h1"
            },
            {
                "text": "Collection of Information",
                "type": "h2"
            },
            {
                "text": "Information You Provide Directly",
                "type": "h3"
            }
        ],
        "passage": "You may provide information to us when you use our Services, including when you register with iSmartOffice, search within or place orders through our Services, contact us with inquiries, respond to surveys, or otherwise access our Services. This information may include your name, email address, phone number, delivery address, and payment information, including credit card information and billing address used to complete the purchase transaction, and other information that may identify you.",
        "annotations": [
            {
                "requirement": "Data Categories",
                "value": "your name",
                "performed": true
            },
            {
                "requirement": "Data Categories",
                "value": "credit card information",
                "performed": true
            },
            {
                "requirement": "Data Categories",
                "value": "billing address",
                "performed": true
            },
            {
                "requirement": "Data Categories",
                "value": "other information that may identify you",
                "performed": true
            },
            {
                "requirement": "Source of Data",
                "value": "You may provide information to us when you use our Services",
                "performed": true
            },
            {
                "requirement": "Data Categories",
                "value": "your [...] delivery address",
                "performed": true
            },
            {
                "requirement": "Data Categories",
                "value": "your [...] phone number",
                "performed": true
            },
            {
                "requirement": "Data Categories",
                "value": "your [...] email address",
                "performed": true
            },
            {
                "requirement": "Data Categories",
                "value": "your [...] payment information",
                "performed": true
            }
        ]
    },
    {
        "type": "text",
        "context": [
            {
                "text": "Privacy Policy",
                "type": "h1"
            },
            {
                "text": "Collection of Information",
                "type": "h2"
            },
            {
                "text": "Information You Provide Directly",
                "type": "h3"
            }
        ],
        "passage": "When you place an order through our Services we collect information related to that order, including the products or services purchased, and the date and time of the purchase and delivery.",
        "annotations": [
            {
                "requirement": "Data Categories",
                "value": "information related to that order",
                "performed": true
            },
            {
                "requirement": "Data Categories",
                "value": "the products or services purchased",
                "performed": true
            },
            {
                "requirement": "Data Categories",
                "value": "the date and time of the purchase and delivery",
                "performed": true
            }
        ]
    },
    {
        "type": "text",
        "context": [
            {
                "text": "Privacy Policy",
                "type": "h1"
            },
            {
                "text": "Collection of Information",
                "type": "h2"
            },
            {
                "text": "Information You Provide Directly",
                "type": "h3"
            }
        ],
        "passage": "You may also choose to provide ratings for your Dentist and for the Dental Service Provider you ordered from.",
        "annotations": [
            {
                "requirement": "Data Categories",
                "value": "ratings for your Dentist",
                "performed": true
            },
            {
                "requirement": "Data Categories",
                "value": "ratings for [...] the Dental Service Provider",
                "performed": true
            }
        ]
    },
    {
        "type": "headline",
        "context": [
            {
                "text": "Privacy Policy",
                "type": "h1"
            },
            {
                "text": "Collection of Information",
                "type": "h2"
            },
            {
                "text": "Information You Provide Directly",
                "type": "h3"
            }
        ],
        "passage": "Information We Collect Automatically",
        "annotations": []
    },
    {
        "type": "text",
        "context": [
            {
                "text": "Privacy Policy",
                "type": "h1"
            },
            {
                "text": "Collection of Information",
                "type": "h2"
            },
            {
                "text": "Information We Collect Automatically",
                "type": "h3"
            }
        ],
        "passage": "We also may receive and store certain information about you and your device(s) automatically when you access or use our Site and Services.",
        "annotations": [
            {
                "requirement": "Data Categories",
                "value": "information about you and your device(s)",
                "performed": true
            }
        ]
    },
    {
        "type": "text",
        "context": [
            {
                "text": "Privacy Policy",
                "type": "h1"
            },
            {
                "text": "Collection of Information",
                "type": "h2"
            },
            {
                "text": "Information We Collect Automatically",
                "type": "h3"
            }
        ],
        "passage": "This information may include:",
        "annotations": []
    },
    {
        "type": "list_item",
        "context": [
            {
                "text": "Privacy Policy",
                "type": "h1"
            },
            {
                "text": "Collection of Information",
                "type": "h2"
            },
            {
                "text": "Information We Collect Automatically",
                "type": "h3"
            },
            {
                "text": "This information may include:",
                "type": "list_intro"
            }
        ],
        "passage": "Information related to the device you use to access our Services;",
        "annotations": [
            {
                "requirement": "Data Categories",
                "value": "Information related to the device you use",
                "performed": true
            }
        ]
    },
    {
        "type": "list_item",
        "context": [
            {
                "text": "Privacy Policy",
                "type": "h1"
            },
            {
                "text": "Collection of Information",
                "type": "h2"
            },
            {
                "text": "Information We Collect Automatically",
                "type": "h3"
            },
            {
                "text": "This information may include:",
                "type": "list_intro"
            }
        ],
        "passage": "The type of web browser and operating system you use to access our Services;",
        "annotations": [
            {
                "requirement": "Data Categories",
                "value": "web browser",
                "performed": true
            },
            {
                "requirement": "Data Categories",
                "value": "operating system",
                "performed": true
            }
        ]
    },
    {
        "type": "list_item",
        "context": [
            {
                "text": "Privacy Policy",
                "type": "h1"
            },
            {
                "text": "Collection of Information",
                "type": "h2"
            },
            {
                "text": "Information We Collect Automatically",
                "type": "h3"
            },
            {
                "text": "This information may include:",
                "type": "list_intro"
            }
        ],
        "passage": "Your IP address;",
        "annotations": [
            {
                "requirement": "Data Categories",
                "value": "Your IP address",
                "performed": true
            }
        ]
    },
    {
        "type": "list_item",
        "context": [
            {
                "text": "Privacy Policy",
                "type": "h1"
            },
            {
                "text": "Collection of Information",
                "type": "h2"
            },
            {
                "text": "Information We Collect Automatically",
                "type": "h3"
            },
            {
                "text": "This information may include:",
                "type": "list_intro"
            }
        ],
        "passage": "The domain name of your Internet service provider;",
        "annotations": [
            {
                "requirement": "Data Categories",
                "value": "The domain name of your Internet service provider",
                "performed": true
            }
        ]
    },
    {
        "type": "list_item",
        "context": [
            {
                "text": "Privacy Policy",
                "type": "h1"
            },
            {
                "text": "Collection of Information",
                "type": "h2"
            },
            {
                "text": "Information We Collect Automatically",
                "type": "h3"
            },
            {
                "text": "This information may include:",
                "type": "list_intro"
            }
        ],
        "passage": "The specific iSmartOffice pages you visit, content you view, features you use and the date and time of your visits;",
        "annotations": [
            {
                "requirement": "Data Categories",
                "value": "The specific iSmartOffice pages you visit",
                "performed": true
            },
            {
                "requirement": "Data Categories",
                "value": "content you view",
                "performed": true
            },
            {
                "requirement": "Data Categories",
                "value": "features you use",
                "performed": true
            },
            {
                "requirement": "Data Categories",
                "value": "the date and time of your visits",
                "performed": true
            }
        ]
    },
    {
        "type": "list_item",
        "context": [
            {
                "text": "Privacy Policy",
                "type": "h1"
            },
            {
                "text": "Collection of Information",
                "type": "h2"
            },
            {
                "text": "Information We Collect Automatically",
                "type": "h3"
            },
            {
                "text": "This information may include:",
                "type": "list_intro"
            }
        ],
        "passage": "and Your search terms, the website you visited before you came to our Services and other clickstream data.",
        "annotations": [
            {
                "requirement": "Data Categories",
                "value": "Your search terms",
                "performed": true
            },
            {
                "requirement": "Data Categories",
                "value": "the website you visited before you came to our Services",
                "performed": true
            },
            {
                "requirement": "Data Categories",
                "value": "other clickstream data",
                "performed": true
            }
        ]
    },
    {
        "type": "headline",
        "context": [
            {
                "text": "Privacy Policy",
                "type": "h1"
            },
            {
                "text": "Collection of Information",
                "type": "h2"
            },
            {
                "text": "Information We Collect Automatically",
                "type": "h3"
            }
        ],
        "passage": "Use of Cookies",
        "annotations": []
    },
    {
        "type": "text",
        "context": [
            {
                "text": "Privacy Policy",
                "type": "h1"
            },
            {
                "text": "Use of Cookies",
                "type": "h2"
            }
        ],
        "passage": "We use cookies, web beacons, pixels, and similar technologies (\u201cCookies\u201d) to collect information and personalize your experience with our Services.",
        "annotations": []
    },
    {
        "type": "text",
        "context": [
            {
                "text": "Privacy Policy",
                "type": "h1"
            },
            {
                "text": "Use of Cookies",
                "type": "h2"
            }
        ],
        "passage": "Cookies are small web files that a site or its provider transfers to your device\u2019s hard drive through your web browser that enables the site\u2019s or provider\u2019s system to recognize your browser and remember certain information.",
        "annotations": []
    },
    {
        "type": "text",
        "context": [
            {
                "text": "Privacy Policy",
                "type": "h1"
            },
            {
                "text": "Use of Cookies",
                "type": "h2"
            }
        ],
        "passage": "We use cookies to improve your convenience, for example, to recognize you when you return to iSmartOffice and to remember information you have already provided, such as items already in your order cart.",
        "annotations": []
    },
    {
        "type": "text",
        "context": [
            {
                "text": "Privacy Policy",
                "type": "h1"
            },
            {
                "text": "Use of Cookies",
                "type": "h2"
            }
        ],
        "passage": "We also use cookies to collect information about your activities over time and across third-party websites or other online services in order to deliver content and advertising tailored to your interests.",
        "annotations": []
    },
    {
        "type": "text",
        "context": [
            {
                "text": "Privacy Policy",
                "type": "h1"
            },
            {
                "text": "Use of Cookies",
                "type": "h2"
            }
        ],
        "passage": "You may disable the use of cookies by modifying your browser settings. If you choose to disable cookies you may not be able to fully experience the interactive features of our Services.",
        "annotations": []
    },
    {
        "type": "text",
        "context": [
            {
                "text": "Privacy Policy",
                "type": "h1"
            },
            {
                "text": "Use of Cookies",
                "type": "h2"
            }
        ],
        "passage": "For more information on cookies and how to disable cookies visit www.ftc.gov/ftc/cookies.shtm or www.usa.gov/optout_instructions.shtml.",
        "annotations": []
    },
    {
        "type": "headline",
        "context": [
            {
                "text": "Privacy Policy",
                "type": "h1"
            },
            {
                "text": "Use of Cookies",
                "type": "h2"
            }
        ],
        "passage": "Use of Information",
        "annotations": []
    },
    {
        "type": "text",
        "context": [
            {
                "text": "Privacy Policy",
                "type": "h1"
            },
            {
                "text": "Use of Information",
                "type": "h2"
            }
        ],
        "passage": "We may use the information we collect or receive about you to:",
        "annotations": []
    },
    {
        "type": "list_item",
        "context": [
            {
                "text": "Privacy Policy",
                "type": "h1"
            },
            {
                "text": "Use of Information",
                "type": "h2"
            },
            {
                "text": "We may use the information we collect or receive about you to:",
                "type": "list_intro"
            }
        ],
        "passage": "Connect your orders to a Dentist and complete your Services;",
        "annotations": [
            {
                "requirement": "Processing Purpose",
                "value": "Connect your orders to a Dentist",
                "performed": true
            },
            {
                "requirement": "Processing Purpose",
                "value": "complete your Services",
                "performed": true
            }
        ]
    },
    {
        "type": "list_item",
        "context": [
            {
                "text": "Privacy Policy",
                "type": "h1"
            },
            {
                "text": "Use of Information",
                "type": "h2"
            },
            {
                "text": "We may use the information we collect or receive about you to:",
                "type": "list_intro"
            }
        ],
        "passage": "Complete your purchase transactions;",
        "annotations": [
            {
                "requirement": "Processing Purpose",
                "value": "Complete your purchase transactions",
                "performed": true
            }
        ]
    },
    {
        "type": "list_item",
        "context": [
            {
                "text": "Privacy Policy",
                "type": "h1"
            },
            {
                "text": "Use of Information",
                "type": "h2"
            },
            {
                "text": "We may use the information we collect or receive about you to:",
                "type": "list_intro"
            }
        ],
        "passage": "Contact you in connection with your orders and deliveries;",
        "annotations": [
            {
                "requirement": "Processing Purpose",
                "value": "Contact you in connection with your orders",
                "performed": true
            },
            {
                "requirement": "Processing Purpose",
                "value": "Contact you in connection with [...] deliveries",
                "performed": true
            }
        ]
    },
    {
        "type": "list_item",
        "context": [
            {
                "text": "Privacy Policy",
                "type": "h1"
            },
            {
                "text": "Use of Information",
                "type": "h2"
            },
            {
                "text": "We may use the information we collect or receive about you to:",
                "type": "list_intro"
            }
        ],
        "passage": "Contact you with promotional offerings or other communications that may be of interest to you;",
        "annotations": [
            {
                "requirement": "Processing Purpose",
                "value": "Contact you with promotional offerings",
                "performed": true
            },
            {
                "requirement": "Processing Purpose",
                "value": "other communications that may be of interest to you",
                "performed": true
            }
        ]
    },
    {
        "type": "list_item",
        "context": [
            {
                "text": "Privacy Policy",
                "type": "h1"
            },
            {
                "text": "Use of Information",
                "type": "h2"
            },
            {
                "text": "We may use the information we collect or receive about you to:",
                "type": "list_intro"
            }
        ],
        "passage": "Respond to your questions and assist with problems with our Services;",
        "annotations": [
            {
                "requirement": "Processing Purpose",
                "value": "Respond to your questions",
                "performed": true
            },
            {
                "requirement": "Processing Purpose",
                "value": "assist with problems with our Services",
                "performed": true
            }
        ]
    },
    {
        "type": "list_item",
        "context": [
            {
                "text": "Privacy Policy",
                "type": "h1"
            },
            {
                "text": "Use of Information",
                "type": "h2"
            },
            {
                "text": "We may use the information we collect or receive about you to:",
                "type": "list_intro"
            }
        ],
        "passage": "Personalize the content and features you see when you visit our Services;",
        "annotations": [
            {
                "requirement": "Processing Purpose",
                "value": "Personalize the content and features you see",
                "performed": true
            }
        ]
    },
    {
        "type": "list_item",
        "context": [
            {
                "text": "Privacy Policy",
                "type": "h1"
            },
            {
                "text": "Use of Information",
                "type": "h2"
            },
            {
                "text": "We may use the information we collect or receive about you to:",
                "type": "list_intro"
            }
        ],
        "passage": "Serve advertisements tailored to your interests;",
        "annotations": [
            {
                "requirement": "Processing Purpose",
                "value": "Serve advertisements tailored to your interests",
                "performed": true
            }
        ]
    },
    {
        "type": "list_item",
        "context": [
            {
                "text": "Privacy Policy",
                "type": "h1"
            },
            {
                "text": "Use of Information",
                "type": "h2"
            },
            {
                "text": "We may use the information we collect or receive about you to:",
                "type": "list_intro"
            }
        ],
        "passage": "Improve the content and functionality of our Services;",
        "annotations": [
            {
                "requirement": "Processing Purpose",
                "value": "Improve the content and functionality of our Services",
                "performed": true
            }
        ]
    },
    {
        "type": "list_item",
        "context": [
            {
                "text": "Privacy Policy",
                "type": "h1"
            },
            {
                "text": "Use of Information",
                "type": "h2"
            },
            {
                "text": "We may use the information we collect or receive about you to:",
                "type": "list_intro"
            }
        ],
        "passage": "Help the Dental Service Providers on our platform improve their offerings;",
        "annotations": [
            {
                "requirement": "Processing Purpose",
                "value": "improve their offerings",
                "performed": true
            }
        ]
    },
    {
        "type": "list_item",
        "context": [
            {
                "text": "Privacy Policy",
                "type": "h1"
            },
            {
                "text": "Use of Information",
                "type": "h2"
            },
            {
                "text": "We may use the information we collect or receive about you to:",
                "type": "list_intro"
            }
        ],
        "passage": "Better understand our users\u2019 demographics, interests, and behaviours Enhance other information we have about you to help us better understand you and determine your interests;",
        "annotations": [
            {
                "requirement": "Processing Purpose",
                "value": "Better understand our users\u2019 demographics, interests, and behaviours",
                "performed": true
            },
            {
                "requirement": "Processing Purpose",
                "value": "Enhance other information we have about you",
                "performed": true
            },
            {
                "requirement": "Processing Purpose",
                "value": "help us better understand you",
                "performed": true
            },
            {
                "requirement": "Processing Purpose",
                "value": "determine your interests",
                "performed": true
            }
        ]
    },
    {
        "type": "list_item",
        "context": [
            {
                "text": "Privacy Policy",
                "type": "h1"
            },
            {
                "text": "Use of Information",
                "type": "h2"
            },
            {
                "text": "We may use the information we collect or receive about you to:",
                "type": "list_intro"
            }
        ],
        "passage": "Provide recommendations to you;",
        "annotations": [
            {
                "requirement": "Processing Purpose",
                "value": "Provide recommendations to you",
                "performed": true
            }
        ]
    },
    {
        "type": "list_item",
        "context": [
            {
                "text": "Privacy Policy",
                "type": "h1"
            },
            {
                "text": "Use of Information",
                "type": "h2"
            },
            {
                "text": "We may use the information we collect or receive about you to:",
                "type": "list_intro"
            }
        ],
        "passage": "Manage our everyday business needs, such as auditing, administration of our Services, forum management, fulfillment, analytics, fraud prevention, and enforcement of our corporate reporting obligations and Terms of Service, or to comply with the law;",
        "annotations": [
            {
                "requirement": "Processing Purpose",
                "value": "Manage our everyday business needs",
                "performed": true
            },
            {
                "requirement": "Processing Purpose",
                "value": "auditing",
                "performed": true
            },
            {
                "requirement": "Processing Purpose",
                "value": "administration of our Services",
                "performed": true
            },
            {
                "requirement": "Processing Purpose",
                "value": "forum management",
                "performed": true
            },
            {
                "requirement": "Processing Purpose",
                "value": "fulfillment",
                "performed": true
            },
            {
                "requirement": "Processing Purpose",
                "value": "analytics",
                "performed": true
            },
            {
                "requirement": "Processing Purpose",
                "value": "fraud prevention",
                "performed": true
            },
            {
                "requirement": "Processing Purpose",
                "value": "enforcement of our corporate reporting obligations",
                "performed": true
            },
            {
                "requirement": "Processing Purpose",
                "value": "compliance with the law",
                "performed": true
            }
        ]
    },
    {
        "type": "list_item",
        "context": [
            {
                "text": "Privacy Policy",
                "type": "h1"
            },
            {
                "text": "Use of Information",
                "type": "h2"
            },
            {
                "text": "We may use the information we collect or receive about you to:",
                "type": "list_intro"
            }
        ],
        "passage": "Calculate the total number of visitors to our Services and to each page or feature of our Services.",
        "annotations": [
            {
                "requirement": "Processing Purpose",
                "value": "Calculate the total number of visitors to our Services",
                "performed": true
            },
            {
                "requirement": "Processing Purpose",
                "value": "to each page or feature of our Services",
                "performed": true
            }
        ]
    },
    {
        "type": "text",
        "context": [
            {
                "text": "Privacy Policy",
                "type": "h1"
            },
            {
                "text": "Use of Information",
                "type": "h2"
            }
        ],
        "passage": "We may use your information for any other purpose disclosed to you at the time we collect or receive the information, or otherwise with your consent.",
        "annotations": []
    },
    {
        "type": "text",
        "context": [
            {
                "text": "Privacy Policy",
                "type": "h1"
            },
            {
                "text": "Use of Information",
                "type": "h2"
            }
        ],
        "passage": "Any communication or material you transmit to us via e-mail or otherwise, including any data, questions, comments, suggestions, or the like, but not including your personal information and any requests, comments, or concerns regarding your personal information, will be treated as non-confidential and non-proprietary.",
        "annotations": []
    },
    {
        "type": "headline",
        "context": [
            {
                "text": "Privacy Policy",
                "type": "h1"
            },
            {
                "text": "Use of Information",
                "type": "h2"
            }
        ],
        "passage": "Location Information",
        "annotations": []
    },
    {
        "type": "text",
        "context": [
            {
                "text": "Privacy Policy",
                "type": "h1"
            },
            {
                "text": "Location Information",
                "type": "h2"
            }
        ],
        "passage": "When you use the Services, we may collect precise location data about the progress of your order from the iSmartOffice app used by the Dentist.",
        "annotations": [
            {
                "requirement": "Data Categories",
                "value": "precise location data",
                "performed": true
            },
            {
                "requirement": "Processing Purpose",
                "value": "about the progress of your order",
                "performed": true
            }
        ]
    },
    {
        "type": "text",
        "context": [
            {
                "text": "Privacy Policy",
                "type": "h1"
            },
            {
                "text": "Location Information",
                "type": "h2"
            }
        ],
        "passage": "If you permit the Services to access location services through the permission system used by your mobile operating system (\u201cPlatform\u201d) or browser, we may also collect the precise location of your device when the iSmartOffice app is running in the foreground or background of your device while we are processing your order.",
        "annotations": [
            {
                "requirement": "Data Categories",
                "value": "the precise location of your device",
                "performed": true
            },
            {
                "requirement": "Processing Purpose",
                "value": "processing your order",
                "performed": true
            },
            {
                "requirement": "Controller Name",
                "value": "iSmartOffice",
                "performed": true
            }
        ]
    },
    {
        "type": "text",
        "context": [
            {
                "text": "Privacy Policy",
                "type": "h1"
            },
            {
                "text": "Location Information",
                "type": "h2"
            }
        ],
        "passage": "We may also derive your approximate location from your IP address.",
        "annotations": [
            {
                "requirement": "Data Categories",
                "value": "your approximate location",
                "performed": true
            },
            {
                "requirement": "Data Categories",
                "value": "your IP address",
                "performed": true
            }
        ]
    },
    {
        "type": "text",
        "context": [
            {
                "text": "Privacy Policy",
                "type": "h1"
            },
            {
                "text": "Location Information",
                "type": "h2"
            }
        ],
        "passage": "We use your location information to provide more accurate deliveries of your orders.",
        "annotations": [
            {
                "requirement": "Data Categories",
                "value": "your location information",
                "performed": true
            },
            {
                "requirement": "Processing Purpose",
                "value": "provide more accurate deliveries of your orders",
                "performed": true
            }
        ]
    },
    {
        "type": "text",
        "context": [
            {
                "text": "Privacy Policy",
                "type": "h1"
            },
            {
                "text": "Location Information",
                "type": "h2"
            }
        ],
        "passage": "You can choose whether to enable the location tracking feature through the settings on your device or Platform or when prompted by the iSmartOffice mobile app. If you choose to disable the location feature, the Dentist will not receive precise location information from your device, which may compromise the accuracy of deliveries in some situations, for instance, if you are located in a large area, such as a park.",
        "annotations": [
            {
                "requirement": "Controller Name",
                "value": "iSmartOffice",
                "performed": true
            },
            {
                "requirement": "Data Categories",
                "value": "precise location information",
                "performed": true
            }
        ]
    },
    {
        "type": "headline",
        "context": [
            {
                "text": "Privacy Policy",
                "type": "h1"
            },
            {
                "text": "Location Information",
                "type": "h2"
            }
        ],
        "passage": "Sharing with Third Parties",
        "annotations": []
    },
    {
        "type": "text",
        "context": [
            {
                "text": "Privacy Policy",
                "type": "h1"
            },
            {
                "text": "Sharing with Third Parties",
                "type": "h2"
            }
        ],
        "passage": "To help us run our business, we may share your information, including your contact information, ratings, other information you provide directly, and information collected automatically, with entities that provide services to us, including third parties that provide payment processing, advertising services, web analytics, data processing, IT services, customer support, and other services.",
        "annotations": [
            {
                "requirement": "Data Categories",
                "value": "your contact information",
                "performed": true
            },
            {
                "requirement": "Data Categories",
                "value": "ratings",
                "performed": true
            },
            {
                "requirement": "Data Categories",
                "value": "other information you provide directly",
                "performed": true
            },
            {
                "requirement": "Data Categories",
                "value": "information collected automatically",
                "performed": true
            },
            {
                "requirement": "Data Recipients",
                "value": "entities that provide services to us",
                "performed": true
            },
            {
                "requirement": "Data Recipients",
                "value": "third parties that provide payment processing",
                "performed": true
            },
            {
                "requirement": "Data Recipients",
                "value": "advertising services",
                "performed": true
            },
            {
                "requirement": "Data Recipients",
                "value": "web analytics",
                "performed": true
            },
            {
                "requirement": "Data Recipients",
                "value": "data processing",
                "performed": true
            },
            {
                "requirement": "Data Recipients",
                "value": "IT services",
                "performed": true
            },
            {
                "requirement": "Data Recipients",
                "value": "customer support",
                "performed": true
            },
            {
                "requirement": "Data Recipients",
                "value": "other services",
                "performed": true
            }
        ]
    },
    {
        "type": "text",
        "context": [
            {
                "text": "Privacy Policy",
                "type": "h1"
            },
            {
                "text": "Sharing with Third Parties",
                "type": "h2"
            }
        ],
        "passage": "To help provide you with a high-quality delivery we also may share your information, including your personal information, with the independent contractor Dentists, who complete your requested deliveries.",
        "annotations": [
            {
                "requirement": "Data Recipients",
                "value": "independent contractor Dentists",
                "performed": true
            },
            {
                "requirement": "Data Categories",
                "value": "your personal information",
                "performed": true
            }
        ]
    },
    {
        "type": "text",
        "context": [
            {
                "text": "Privacy Policy",
                "type": "h1"
            },
            {
                "text": "Sharing with Third Parties",
                "type": "h2"
            }
        ],
        "passage": "Similarly, we may share your name, phone number, order information, customer feedback, and other information related to your orders with iSmartOffice Dental Service Providers.",
        "annotations": [
            {
                "requirement": "Data Categories",
                "value": "your name",
                "performed": true
            },
            {
                "requirement": "Data Categories",
                "value": "phone number",
                "performed": true
            },
            {
                "requirement": "Data Categories",
                "value": "order information",
                "performed": true
            },
            {
                "requirement": "Data Categories",
                "value": "customer feedback",
                "performed": true
            },
            {
                "requirement": "Data Categories",
                "value": "other information related to your orders",
                "performed": true
            },
            {
                "requirement": "Data Recipients",
                "value": "iSmartOffice Dental Service Providers",
                "performed": true
            }
        ]
    },
    {
        "type": "text",
        "context": [
            {
                "text": "Privacy Policy",
                "type": "h1"
            },
            {
                "text": "Sharing with Third Parties",
                "type": "h2"
            }
        ],
        "passage": "We may also disclose aggregate, anonymous information to these third-party service providers.",
        "annotations": [
            {
                "requirement": "Data Categories",
                "value": "aggregate, anonymous information",
                "performed": true
            },
            {
                "requirement": "Data Recipients",
                "value": "these third-party service providers",
                "performed": true
            }
        ]
    },
    {
        "type": "headline",
        "context": [
            {
                "text": "Privacy Policy",
                "type": "h1"
            },
            {
                "text": "Sharing with Third Parties",
                "type": "h2"
            }
        ],
        "passage": "When Required By Law",
        "annotations": []
    },
    {
        "type": "text",
        "context": [
            {
                "text": "Privacy Policy",
                "type": "h1"
            },
            {
                "text": "When Required By Law",
                "type": "h2"
            }
        ],
        "passage": "We recognize that information related to your orders could contain private information. However, we may be required to disclose your information to third parties including law enforcement agencies when required to protect and defend our legal rights, protect the safety and security of users of our Services, prevent fraud, comply with the law, respond to legal process, or a request for cooperation by a government entity.",
        "annotations": [
            {
                "requirement": "Processing Purpose",
                "value": "protect and defend our legal rights",
                "performed": true
            },
            {
                "requirement": "Processing Purpose",
                "value": "protect the safety and security of users of our Services",
                "performed": true
            },
            {
                "requirement": "Processing Purpose",
                "value": "prevent fraud",
                "performed": true
            },
            {
                "requirement": "Processing Purpose",
                "value": "comply with the law",
                "performed": true
            },
            {
                "requirement": "Processing Purpose",
                "value": "respond to legal process, or a request for cooperation by a government entity",
                "performed": true
            },
            {
                "requirement": "Data Categories",
                "value": "information related to your orders",
                "performed": true
            },
            {
                "requirement": "Data Recipients",
                "value": "law enforcement agencies",
                "performed": true
            },
            {
                "requirement": "Legal Basis for Processing",
                "value": "protect\u00a0and defend our legal rights",
                "performed": true
            },
            {
                "requirement": "Legal Basis for Processing",
                "value": "protect\u00a0the safety and security of users of our Services",
                "performed": true
            },
            {
                "requirement": "Legal Basis for Processing",
                "value": "prevent\u00a0fraud",
                "performed": true
            },
            {
                "requirement": "Legal Basis for Processing",
                "value": "comply\u00a0with the law",
                "performed": true
            },
            {
                "requirement": "Legal Basis for Processing",
                "value": "respond\u00a0to legal process, or a request for cooperation by a government entity",
                "performed": true
            }
        ]
    },
    {
        "type": "text",
        "context": [
            {
                "text": "Privacy Policy",
                "type": "h1"
            },
            {
                "text": "When Required By Law",
                "type": "h2"
            }
        ],
        "passage": "We have developed a process that strikes a balance between protecting customer privacy and responding to valid law enforcement requests that can be found at https://patient.iSmartOffice.ai/Help/Alert/ and https://clinic.iSmartOffice.ai/Help/Alert/.",
        "annotations": [
            {
                "requirement": "Legal Basis for Processing",
                "value": "responding to valid law enforcement requests",
                "performed": true
            }
        ]
    },
    {
        "type": "headline",
        "context": [
            {
                "text": "Privacy Policy",
                "type": "h1"
            },
            {
                "text": "When Required By Law",
                "type": "h2"
            }
        ],
        "passage": "Corporate Transactions",
        "annotations": []
    },
    {
        "type": "text",
        "context": [
            {
                "text": "Privacy Policy",
                "type": "h1"
            },
            {
                "text": "Corporate Transactions",
                "type": "h2"
            }
        ],
        "passage": "In the event of a sale, transfer, merger, reorganization, dissolution, or similar event we may transfer your information to one or more third parties as part of that transaction.",
        "annotations": [
            {
                "requirement": "Processing Purpose",
                "value": "sale, transfer, merger, reorganization, dissolution",
                "performed": true
            }
        ]
    },
    {
        "type": "headline",
        "context": [
            {
                "text": "Privacy Policy",
                "type": "h1"
            },
            {
                "text": "Corporate Transactions",
                "type": "h2"
            }
        ],
        "passage": "Accessing and Correcting Your Personal Information",
        "annotations": []
    },
    {
        "type": "text",
        "context": [
            {
                "text": "Privacy Policy",
                "type": "h1"
            },
            {
                "text": "Accessing and Correcting Your Personal Information",
                "type": "h2"
            }
        ],
        "passage": "Keeping your personal information current helps ensure that we provide you with the most relevant offers. You can access and update your personal information via your Account profile.",
        "annotations": [
            {
                "requirement": "Right to Access",
                "value": "You can access [...] your personal information",
                "performed": true
            },
            {
                "requirement": "Right to Rectification",
                "value": "update your personal information",
                "performed": true
            }
        ]
    },
    {
        "type": "text",
        "context": [
            {
                "text": "Privacy Policy",
                "type": "h1"
            },
            {
                "text": "Accessing and Correcting Your Personal Information",
                "type": "h2"
            }
        ],
        "passage": "While we are ready to assist you in managing your subscriptions, deactivating your account, and removing your active profile and data, we cannot always delete records of past interactions and transactions. For example, we are required to retain records relating to previous purchases through our Services for financial reporting and compliance reasons. In addition, because of the way we maintain certain services, after you delete certain information, we may temporarily retain backup copies of such information before it is permanently deleted.",
        "annotations": [
            {
                "requirement": "Right to Erasure",
                "value": "removing your active profile and data",
                "performed": true
            },
            {
                "requirement": "Data Retention Period",
                "value": "retain records relating to previous purchases through our Services for financial reporting and compliance reasons",
                "performed": true
            },
            {
                "requirement": "Data Retention Period",
                "value": "temporarily retain backup copies of such information before it is permanently deleted",
                "performed": true
            }
        ]
    },
    {
        "type": "headline",
        "context": [
            {
                "text": "Privacy Policy",
                "type": "h1"
            },
            {
                "text": "Accessing and Correcting Your Personal Information",
                "type": "h2"
            }
        ],
        "passage": "Data Retention",
        "annotations": []
    },
    {
        "type": "text",
        "context": [
            {
                "text": "Privacy Policy",
                "type": "h1"
            },
            {
                "text": "Data Retention",
                "type": "h2"
            }
        ],
        "passage": "We will retain your personal information for as long as your account is active or as needed to provide you services and to maintain a record of your transactions for financial reporting purposes.",
        "annotations": [
            {
                "requirement": "Data Retention Period",
                "value": "as long as your account is active",
                "performed": true
            },
            {
                "requirement": "Data Retention Period",
                "value": "as needed to provide you services",
                "performed": true
            },
            {
                "requirement": "Data Retention Period",
                "value": "to maintain a record of your transactions for financial reporting purposes",
                "performed": true
            }
        ]
    },
    {
        "type": "text",
        "context": [
            {
                "text": "Privacy Policy",
                "type": "h1"
            },
            {
                "text": "Data Retention",
                "type": "h2"
            }
        ],
        "passage": "We will also retain and use your personal information as necessary to comply with our legal obligations, resolve disputes, and enforce our agreements.",
        "annotations": [
            {
                "requirement": "Data Retention Period",
                "value": "We will also retain and use your personal information as necessary to comply with our legal obligations, resolve disputes, and enforce our agreements",
                "performed": true
            }
        ]
    },
    {
        "type": "text",
        "context": [
            {
                "text": "Privacy Policy",
                "type": "h1"
            },
            {
                "text": "Data Retention",
                "type": "h2"
            }
        ],
        "passage": "iSmartOffice may retain aggregate or anonymized data indefinitely.",
        "annotations": [
            {
                "requirement": "Data Retention Period",
                "value": "indefinitely",
                "performed": true
            },
            {
                "requirement": "Controller Name",
                "value": "iSmartOffice",
                "performed": true
            }
        ]
    },
    {
        "type": "headline",
        "context": [
            {
                "text": "Privacy Policy",
                "type": "h1"
            },
            {
                "text": "Data Retention",
                "type": "h2"
            }
        ],
        "passage": "Third-Party Sites",
        "annotations": []
    },
    {
        "type": "text",
        "context": [
            {
                "text": "Privacy Policy",
                "type": "h1"
            },
            {
                "text": "Third-Party Sites",
                "type": "h2"
            }
        ],
        "passage": "Some of the functionality on our Services may be provided by third parties that are not affiliated with iSmartOffice. These entities may collect or receive certain information about your use of our Services and your activities over time and across different websites, including through the use of cookies, web beacons, and similar technologies. For example, we use services like Google Analytics to help us see traffic patterns on iSmartOffice.ai. iSmartOffice is not responsible for the privacy practices of these entities.",
        "annotations": [
            {
                "requirement": "Data Recipients",
                "value": "Google Analytics",
                "performed": true
            },
            {
                "requirement": "Data Categories",
                "value": "your use of our Services",
                "performed": true
            },
            {
                "requirement": "Data Categories",
                "value": "your activities over time",
                "performed": true
            },
            {
                "requirement": "Controller Name",
                "value": "iSmartOffice",
                "performed": true
            },
            {
                "requirement": "Processing Purpose",
                "value": "traffic patterns",
                "performed": true
            }
        ]
    },
    {
        "type": "text",
        "context": [
            {
                "text": "Privacy Policy",
                "type": "h1"
            },
            {
                "text": "Third-Party Sites",
                "type": "h2"
            }
        ],
        "passage": "In addition, our Services may contain links to other websites not operated or controlled by iSmartOffice. Such websites are not under our control and we are not responsible for their privacy policies or practices. If you provide any personal information through any such third-party website we recommend that you familiarize yourself with the privacy policies and practices of that third party.",
        "annotations": []
    },
    {
        "type": "headline",
        "context": [
            {
                "text": "Privacy Policy",
                "type": "h1"
            },
            {
                "text": "Third-Party Sites",
                "type": "h2"
            }
        ],
        "passage": "Social Networking",
        "annotations": []
    },
    {
        "type": "text",
        "context": [
            {
                "text": "Privacy Policy",
                "type": "h1"
            },
            {
                "text": "Social Networking",
                "type": "h2"
            }
        ],
        "passage": "You may choose to enable or log in to our Services via various online services, including social networking services like Facebook. Our Services also may enable you to access social networking services such as Facebook, Twitter, or Instagram (collectively, \u201cSocial Network\u201d) directly or indirectly through our Services.",
        "annotations": []
    },
    {
        "type": "text",
        "context": [
            {
                "text": "Privacy Policy",
                "type": "h1"
            },
            {
                "text": "Social Networking",
                "type": "h2"
            }
        ],
        "passage": "When you link a Social Network account to iSmartOffice or log in to our Services using your Social Network account, we may collect relevant information necessary to enable our Services to access that Social Network and your data contained within that Social Network. We also may share your information with the operator of that Social Network to facilitate or enhance the delivery of that Social Network or other services to you.",
        "annotations": [
            {
                "requirement": "Data Recipients",
                "value": "the operator of that Social Network",
                "performed": true
            },
            {
                "requirement": "Source of Data",
                "value": "your Social Network account",
                "performed": true
            }
        ]
    },
    {
        "type": "text",
        "context": [
            {
                "text": "Privacy Policy",
                "type": "h1"
            },
            {
                "text": "Social Networking",
                "type": "h2"
            }
        ],
        "passage": "A Social Network may provide us with access to certain information that you have provided to them, and we will use, store, and disclose such information in accordance with this Privacy Statement.",
        "annotations": [
            {
                "requirement": "Data Categories",
                "value": "certain information that you have provided to them",
                "performed": true
            },
            {
                "requirement": "Source of Data",
                "value": "A Social Network",
                "performed": true
            }
        ]
    },
    {
        "type": "text",
        "context": [
            {
                "text": "Privacy Policy",
                "type": "h1"
            },
            {
                "text": "Social Networking",
                "type": "h2"
            }
        ],
        "passage": "Additionally, a Social Network may collect personal information and information about your use of our Site or Services automatically. The manner in which a Social Network collects, uses, stores, and discloses your information is governed by the policies of such third parties and iSmartOffice shall have no liability or responsibility for the privacy practices or other actions of any Social Network that may be enabled within our Services.",
        "annotations": [
            {
                "requirement": "Data Categories",
                "value": "personal information",
                "performed": true
            },
            {
                "requirement": "Data Categories",
                "value": "information about your use of our Site or Services",
                "performed": true
            },
            {
                "requirement": "Source of Data",
                "value": "A Social Network",
                "performed": true
            },
            {
                "requirement": "Data Recipients",
                "value": "Social Network",
                "performed": true
            },
            {
                "requirement": "Controller Name",
                "value": "iSmartOffice",
                "performed": true
            }
        ]
    },
    {
        "type": "text",
        "context": [
            {
                "text": "Privacy Policy",
                "type": "h1"
            },
            {
                "text": "Social Networking",
                "type": "h2"
            }
        ],
        "passage": "You may also have the option of posting your activities on our Services and other content to a Social Network when you access content through our Services. For example, you may post to Facebook that you placed an order with iSmartOffice. Keep in mind that your activity on a Social Network is governed by that Social Network and not by iSmartOffice, and may be visible or accessible to the public.",
        "annotations": []
    },
    {
        "type": "headline",
        "context": [
            {
                "text": "Privacy Policy",
                "type": "h1"
            },
            {
                "text": "Social Networking",
                "type": "h2"
            }
        ],
        "passage": "Your Choices",
        "annotations": []
    },
    {
        "type": "text",
        "context": [
            {
                "text": "Privacy Policy",
                "type": "h1"
            },
            {
                "text": "Your Choices",
                "type": "h2"
            }
        ],
        "passage": "If you are a registered iSmartOffice user you may access or modify your personal information by logging into our Site using your username and password and visiting the \u201cAccount\u201d page.",
        "annotations": [
            {
                "requirement": "Right to Access",
                "value": "you may access [...] your personal information",
                "performed": true
            },
            {
                "requirement": "Right to Rectification",
                "value": "you may [...] modify your personal information",
                "performed": true
            }
        ]
    },
    {
        "type": "text",
        "context": [
            {
                "text": "Privacy Policy",
                "type": "h1"
            },
            {
                "text": "Your Choices",
                "type": "h2"
            }
        ],
        "passage": "You may also contact us at contact@iSmartOffice.ai and contact@iSmartOffice.ai to access, modify, or request the deletion of your personal information or delete your account.",
        "annotations": [
            {
                "requirement": "Controller Contact",
                "value": "contact@iSmartOffice.ai",
                "performed": true
            },
            {
                "requirement": "Right to Access",
                "value": "access [...] your personal information",
                "performed": true
            },
            {
                "requirement": "Right to Rectification",
                "value": "modify [...] your personal information",
                "performed": true
            },
            {
                "requirement": "Right to Erasure",
                "value": "request the deletion of your personal information",
                "performed": true
            },
            {
                "requirement": "Right to Erasure",
                "value": "delete your account",
                "performed": true
            }
        ]
    },
    {
        "type": "text",
        "context": [
            {
                "text": "Privacy Policy",
                "type": "h1"
            },
            {
                "text": "Your Choices",
                "type": "h2"
            }
        ],
        "passage": "You may disable our ability to use cookies by using the cookie controls in your web browser (see \u201cUse of Cookies\u201d section above).",
        "annotations": []
    },
    {
        "type": "text",
        "context": [
            {
                "text": "Privacy Policy",
                "type": "h1"
            },
            {
                "text": "Your Choices",
                "type": "h2"
            }
        ],
        "passage": "If we send you marketing emails about services that may interest you, each email will contain instructions permitting you to \u201copt-out\u201d of receiving future marketing or other communications.",
        "annotations": [
            {
                "requirement": "Right to Withdraw Consent",
                "value": "opt-out of receiving future marketing or other communications",
                "performed": true
            }
        ]
    },
    {
        "type": "headline",
        "context": [
            {
                "text": "Privacy Policy",
                "type": "h1"
            },
            {
                "text": "Your Choices",
                "type": "h2"
            }
        ],
        "passage": "Your Illinois Privacy Rights",
        "annotations": []
    },
    {
        "type": "text",
        "context": [
            {
                "text": "Privacy Policy",
                "type": "h1"
            },
            {
                "text": "Your Illinois Privacy Rights",
                "type": "h2"
            }
        ],
        "passage": "Pursuant to Section xxx of the Illinois Civil Code, residents of Illinois can obtain certain information about the types of personal information that companies with whom they have an established business relationship have shared with third parties for direct marketing purposes during the preceding calendar year. In particular, the law provides that companies must inform consumers about the categories of personal information that have been shared with third parties, the names and addresses of those third parties, and examples of the types of services or products marketed by those third parties.",
        "annotations": []
    },
    {
        "type": "text",
        "context": [
            {
                "text": "Privacy Policy",
                "type": "h1"
            },
            {
                "text": "Your Illinois Privacy Rights",
                "type": "h2"
            }
        ],
        "passage": "To request a copy of the information disclosure provided by iSmartOffice pursuant to Section xxx of the Illinois Civil Code, please contact us via the email or mailing address provided below. Please allow 30 days for a response.",
        "annotations": [
            {
                "requirement": "Right to Access",
                "value": "request a copy of the information disclosure",
                "performed": true
            }
        ]
    },
    {
        "type": "headline",
        "context": [
            {
                "text": "Privacy Policy",
                "type": "h1"
            },
            {
                "text": "Your Illinois Privacy Rights",
                "type": "h2"
            }
        ],
        "passage": "California Do Not Track Disclosure",
        "annotations": []
    },
    {
        "type": "text",
        "context": [
            {
                "text": "Privacy Policy",
                "type": "h1"
            },
            {
                "text": "California Do Not Track Disclosure",
                "type": "h2"
            }
        ],
        "passage": "iSmartOffice does not have a mechanism in place for responding to browser \u201cdo not track\u201d signals or other similar mechanisms used to limit the collection of information for use in Online Behavioral Advertising.",
        "annotations": []
    },
    {
        "type": "headline",
        "context": [
            {
                "text": "Privacy Policy",
                "type": "h1"
            },
            {
                "text": "California Do Not Track Disclosure",
                "type": "h2"
            }
        ],
        "passage": "Children\u2019s Information",
        "annotations": []
    },
    {
        "type": "text",
        "context": [
            {
                "text": "Privacy Policy",
                "type": "h1"
            },
            {
                "text": "Children\u2019s Information",
                "type": "h2"
            }
        ],
        "passage": "Our Services are not intended for children under 13 years of age and we do not knowingly collect personal information from children under the age of 13. If you are a parent or guardian of a child under the age of 13 and believe he or she has disclosed personally identifiable information to us please contact us at contact@iSmartOffice.ai and contact@iSmartOffice.ai. A parent or guardian of a child under age 13 may review and request the deletion of the child\u2019s personal information.",
        "annotations": [
            {
                "requirement": "Controller Contact",
                "value": "contact@iSmartOffice.ai",
                "performed": true
            }
        ]
    },
    {
        "type": "headline",
        "context": [
            {
                "text": "Privacy Policy",
                "type": "h1"
            },
            {
                "text": "Children\u2019s Information",
                "type": "h2"
            }
        ],
        "passage": "Referral Program",
        "annotations": []
    },
    {
        "type": "text",
        "context": [
            {
                "text": "Privacy Policy",
                "type": "h1"
            },
            {
                "text": "Referral Program",
                "type": "h2"
            }
        ],
        "passage": "iSmartOffice allows users to invite friends to sign up for our Services by submitting a friend\u2019s name and email address to iSmartOffice. Sometimes we offer a promotional value for every friend that signs up and places an order through your referral link.",
        "annotations": [
            {
                "requirement": "Data Categories",
                "value": "a friend\u2019s name",
                "performed": true
            },
            {
                "requirement": "Data Categories",
                "value": "email address",
                "performed": true
            },
            {
                "requirement": "Processing Purpose",
                "value": "invite friends to sign up for our Services",
                "performed": true
            },
            {
                "requirement": "Processing Purpose",
                "value": "offer a promotional value for every friend that signs up and places an order through your referral link",
                "performed": true
            }
        ]
    },
    {
        "type": "text",
        "context": [
            {
                "text": "Privacy Policy",
                "type": "h1"
            },
            {
                "text": "Referral Program",
                "type": "h2"
            }
        ],
        "passage": "By choosing to invite a friend you represent that you have received the friend\u2019s consent to provide his or her name and email address to us. iSmartOffice will use that information to send an email inviting him or her to visit the site and will store that information to track the success of the referral program.",
        "annotations": [
            {
                "requirement": "Data Categories",
                "value": "his or her name",
                "performed": true
            },
            {
                "requirement": "Data Categories",
                "value": "his or her [...] email address",
                "performed": true
            },
            {
                "requirement": "Processing Purpose",
                "value": "send an email inviting him or her to visit the site",
                "performed": true
            },
            {
                "requirement": "Processing Purpose",
                "value": "store that information to track the success of the referral program",
                "performed": true
            }
        ]
    },
    {
        "type": "headline",
        "context": [
            {
                "text": "Privacy Policy",
                "type": "h1"
            },
            {
                "text": "Referral Program",
                "type": "h2"
            }
        ],
        "passage": "International Users",
        "annotations": []
    },
    {
        "type": "text",
        "context": [
            {
                "text": "Privacy Policy",
                "type": "h1"
            },
            {
                "text": "International Users",
                "type": "h2"
            }
        ],
        "passage": "iSmartOffice is based in the United States and, regardless of where you use our Services, the information collected as part of that use will be transferred to and maintained on servers located in the United States.",
        "annotations": [
            {
                "requirement": "Third-country Transfers",
                "value": "United States",
                "performed": true
            },
            {
                "requirement": "Controller Name",
                "value": "iSmartOffice",
                "performed": true
            }
        ]
    },
    {
        "type": "text",
        "context": [
            {
                "text": "Privacy Policy",
                "type": "h1"
            },
            {
                "text": "International Users",
                "type": "h2"
            }
        ],
        "passage": "Any information we obtain about you will be stored in accordance with U.S. privacy laws, regulations, and standards, which may not be equivalent to the laws in your country of residence. By using our Services, you consent to this collection, transfer, storage, and processing of information to and in the United States.",
        "annotations": [
            {
                "requirement": "Third-country Transfers",
                "value": "United States",
                "performed": true
            }
        ]
    },
    {
        "type": "headline",
        "context": [
            {
                "text": "Privacy Policy",
                "type": "h1"
            },
            {
                "text": "International Users",
                "type": "h2"
            }
        ],
        "passage": "Security",
        "annotations": []
    },
    {
        "type": "text",
        "context": [
            {
                "text": "Privacy Policy",
                "type": "h1"
            },
            {
                "text": "Security",
                "type": "h2"
            }
        ],
        "passage": "iSmartOffice has implemented commercially reasonable administrative, technical, and physical security controls that are designed to safeguard personal information. However, no online activity is ever fully secure or error-free. Therefore, iSmartOffice does not guarantee that your personal information is absolutely secure. Please keep this in mind when disclosing any personal information or other information to iSmartOffice. You are responsible for safeguarding your username and password.",
        "annotations": []
    },
    {
        "type": "headline",
        "context": [
            {
                "text": "Privacy Policy",
                "type": "h1"
            },
            {
                "text": "Security",
                "type": "h2"
            }
        ],
        "passage": "Changes to This Privacy Statement",
        "annotations": []
    },
    {
        "type": "text",
        "context": [
            {
                "text": "Privacy Policy",
                "type": "h1"
            },
            {
                "text": "Changes to This Privacy Statement",
                "type": "h2"
            }
        ],
        "passage": "Our Services may change from time to time. As a result, we reserve the right to update or modify this Privacy Statement at any time and from time to time without prior notice.",
        "annotations": []
    },
    {
        "type": "text",
        "context": [
            {
                "text": "Privacy Policy",
                "type": "h1"
            },
            {
                "text": "Changes to This Privacy Statement",
                "type": "h2"
            }
        ],
        "passage": "If we make any material changes to the way we use or disclose your personal information, we will notify you by email, at the email address you have provided to us. If you object to any changes you must cease using our Services.",
        "annotations": []
    },
    {
        "type": "text",
        "context": [
            {
                "text": "Privacy Policy",
                "type": "h1"
            },
            {
                "text": "Changes to This Privacy Statement",
                "type": "h2"
            }
        ],
        "passage": "Please review this Privacy Statement periodically by visiting this webpage. This Privacy Statement was last updated on the date indicated at the top of this page. Your continued use of our Services after any changes or revisions to this Privacy Statement indicates your agreement to the terms of the revised Privacy Statement.",
        "annotations": []
    },
    {
        "type": "headline",
        "context": [
            {
                "text": "Privacy Policy",
                "type": "h1"
            },
            {
                "text": "Changes to This Privacy Statement",
                "type": "h2"
            }
        ],
        "passage": "Contact Us",
        "annotations": []
    },
    {
        "type": "text",
        "context": [
            {
                "text": "Privacy Policy",
                "type": "h1"
            },
            {
                "text": "Contact Us",
                "type": "h2"
            }
        ],
        "passage": "If you have any questions or concerns relating to this Privacy Statement or our privacy practices please contact us at contact@iSmartOffice.com and support@iSmartOffice.com.",
        "annotations": [
            {
                "requirement": "Controller Contact",
                "value": "contact@iSmartOffice.com",
                "performed": true
            },
            {
                "requirement": "Controller Contact",
                "value": "support@iSmartOffice.com",
                "performed": true
            }
        ]
    },
    {
        "type": "text",
        "context": [
            {
                "text": "Privacy Policy",
                "type": "h1"
            },
            {
                "text": "Contact Us",
                "type": "h2"
            }
        ],
        "passage": "iSmartOffice Attention: Privacy Chicago, IL",
        "annotations": [
            {
                "requirement": "Controller Contact",
                "value": "iSmartOffice Attention: Privacy Chicago, IL",
                "performed": true
            }
        ]
    }
]