[
    {
        "type": "headline",
        "context": [],
        "passage": "Privacy Policy for N:0W Goals App",
        "annotations": [
            {
                "requirement": "Controller Name",
                "value": "N:0W Goals App",
                "performed": true:\"?"
            }
        ]
    },
    {
        "type": "text",
        "context": [
            {
                "text": "Privacy Policy for N:0W Goals App",
                "type": "h1"
            }
        ],
        "passage": "At N:0W Goals, we value your privacy and are committed to protecting your personal information. This Privacy Policy outlines the information we collect from you, how we use it, and how we keep it secure.",
        "annotations": []
    },
    {
        "type": "headline",
        "context": [
            {
                "text": "Privacy Policy for N:0W Goals App",
                "type": "h1"
            }
        ],
        "passage": "Information we collect:",
        "annotations": []
    },
    {
        "type": "text",
        "context": [
            {
                "text": "Privacy Policy for N:0W Goals App",
                "type": "h1"
            },
            {
                "text": "Information we collect:",
                "type": "h2"
            }
        ],
        "passage": "When you sign up for N:0W Goals, we collect your name, email address, and password. We also collect information about your other preferences. We may also collect information from your device, such as your IP address, browser type, and device type.",
        "annotations": [
            {
                "requirement": "Data Categories",
                "value": "your name",
                "performed": true
            },
            {
                "requirement": "Data Categories",
                "value": "your [...] email address",
                "performed": true
            },
            {
                "requirement": "Data Categories",
                "value": "your [...] password",
                "performed": true
            },
            {
                "requirement": "Data Categories",
                "value": "your other preferences",
                "performed": true
            },
            {
                "requirement": "Data Categories",
                "value": "your IP address",
                "performed": true
            },
            {
                "requirement": "Data Categories",
                "value": "your [...] browser type",
                "performed": true
            },
            {
                "requirement": "Data Categories",
                "value": "your [...] device type",
                "performed": true
            }
        ]
    },
    {
        "type": "headline",
        "context": [
            {
                "text": "Privacy Policy for N:0W Goals App",
                "type": "h1"
            },
            {
                "text": "Information we collect:",
                "type": "h2"
            }
        ],
        "passage": "How we use your information:",
        "annotations": []
    },
    {
        "type": "text",
        "context": [
            {
                "text": "Privacy Policy for N:0W Goals App",
                "type": "h1"
            },
            {
                "text": "How we use your information:",
                "type": "h2"
            }
        ],
        "passage": "We use your personal information to create and manage your N:0W Goals account, personalize your experience, and provide you with the best possible experience. We may also use your information to improve our app and services, and to communicate with you about new features and promotions.",
        "annotations": [
            {
                "requirement": "Processing Purpose",
                "value": "create and manage your N:0W Goals account",
                "performed": true
            },
            {
                "requirement": "Processing Purpose",
                "value": "personalize your experience",
                "performed": true
            },
            {
                "requirement": "Processing Purpose",
                "value": "provide you with the best possible experience",
                "performed": true
            },
            {
                "requirement": "Processing Purpose",
                "value": "improve our app and services",
                "performed": true
            },
            {
                "requirement": "Processing Purpose",
                "value": "communicate with you about new features and promotions",
                "performed": true
            }
        ]
    },
    {
        "type": "headline",
        "context": [
            {
                "text": "Privacy Policy for N:0W Goals App",
                "type": "h1"
            },
            {
                "text": "How we use your information:",
                "type": "h2"
            }
        ],
        "passage": "Sharing your information:",
        "annotations": []
    },
    {
        "type": "text",
        "context": [
            {
                "text": "Privacy Policy for N:0W Goals App",
                "type": "h1"
            },
            {
                "text": "Sharing your information:",
                "type": "h2"
            }
        ],
        "passage": "We do not sell or rent your personal information to third parties. We may share your information with our service providers who help us provide and improve our app and services. We may also share your information to comply with legal obligations or to protect our rights and property.",
        "annotations": [
            {
                "requirement": "Processing Purpose",
                "value": "help us provide [...] our app",
                "performed": true
            },
            {
                "requirement": "Processing Purpose",
                "value": "help us [...] improve our [...] services",
                "performed": true
            },
            {
                "requirement": "Processing Purpose",
                "value": "comply with legal obligations",
                "performed": true
            },
            {
                "requirement": "Processing Purpose",
                "value": "protect our rights and property",
                "performed": true
            }
        ]
    },
    {
        "type": "headline",
        "context": [
            {
                "text": "Privacy Policy for N:0W Goals App",
                "type": "h1"
            },
            {
                "text": "Sharing your information:",
                "type": "h2"
            }
        ],
        "passage": "Security:",
        "annotations": []
    },
    {
        "type": "text",
        "context": [
            {
                "text": "Privacy Policy for N:0W Goals App",
                "type": "h1"
            },
            {
                "text": "Security:",
                "type": "h2"
            }
        ],
        "passage": "We take reasonable measures to protect your personal information from unauthorized access, disclosure, alteration, or destruction. We use industry-standard encryption and security protocols to safeguard your information.",
        "annotations": []
    },
    {
        "type": "headline",
        "context": [
            {
                "text": "Privacy Policy for N:0W Goals App",
                "type": "h1"
            },
            {
                "text": "Security:",
                "type": "h2"
            }
        ],
        "passage": "Retention:",
        "annotations": []
    },
    {
        "type": "text",
        "context": [
            {
                "text": "Privacy Policy for N:0W Goals App",
                "type": "h1"
            },
            {
                "text": "Retention:",
                "type": "h2"
            }
        ],
        "passage": "We retain your personal information for as long as necessary to provide you with our services and as required by law.",
        "annotations": [
            {
                "requirement": "Data Retention Period",
                "value": "as long as necessary to provide you with our services",
                "performed": true
            },
            {
                "requirement": "Data Retention Period",
                "value": "as required by law",
                "performed": true
            }
        ]
    },
    {
        "type": "headline",
        "context": [
            {
                "text": "Privacy Policy for N:0W Goals App",
                "type": "h1"
            },
            {
                "text": "Retention:",
                "type": "h2"
            }
        ],
        "passage": "Your rights:",
        "annotations": []
    },
    {
        "type": "text",
        "context": [
            {
                "text": "Privacy Policy for N:0W Goals App",
                "type": "h1"
            },
            {
                "text": "Your rights:",
                "type": "h2"
            }
        ],
        "passage": "You have the right to access, correct, or delete your personal information at any time. You can also opt-out of receiving promotional emails from us.",
        "annotations": [
            {
                "requirement": "Right to Access",
                "value": "You have the right to access [...] your personal information",
                "performed": true
            },
            {
                "requirement": "Right to Rectification",
                "value": "correct [...] your personal information",
                "performed": true
            },
            {
                "requirement": "Right to Erasure",
                "value": "delete your personal information",
                "performed": true
            }
        ]
    },
    {
        "type": "headline",
        "context": [
            {
                "text": "Privacy Policy for N:0W Goals App",
                "type": "h1"
            },
            {
                "text": "Your rights:",
                "type": "h2"
            }
        ],
        "passage": "Changes to this policy:",
        "annotations": []
    },
    {
        "type": "text",
        "context": [
            {
                "text": "Privacy Policy for N:0W Goals App",
                "type": "h1"
            },
            {
                "text": "Changes to this policy:",
                "type": "h2"
            }
        ],
        "passage": "We may update this Privacy Policy from time to time. If we make any material changes, we will notify you by email or through the app.",
        "annotations": []
    },
    {
        "type": "text",
        "context": [
            {
                "text": "Privacy Policy for N:0W Goals App",
                "type": "h1"
            },
            {
                "text": "Changes to this policy:",
                "type": "h2"
            }
        ],
        "passage": "If you have any questions or concerns about our Privacy Policy, please contact us at admin@goalsn0w.com",
        "annotations": [
            {
                "requirement": "Controller Contact",
                "value": "admin@goalsn0w.com",
                "performed": true
            }
        ]
    }
]