[
    {
        "type": "headline",
        "context": [],
        "passage": "Privacy Policy",
        "annotations": []
    },
    {
        "type": "text",
        "context": [
            {
                "text": "Privacy Policy",
                "type": "h2"
            }
        ],
        "passage": "Your privacy is important to us.",
        "annotations": []
    },
    {
        "type": "text",
        "context": [
            {
                "text": "Privacy Policy",
                "type": "h2"
            }
        ],
        "passage": "The User (defined below) of this Application (defined below), agrees to be bound by this privacy policy (\u201cPolicy\u201d). In the event the terms and conditions of the Policy are not agreeable to the User, the User is requested to refrain from using this Application.",
        "annotations": []
    },
    {
        "type": "text",
        "context": [
            {
                "text": "Privacy Policy",
                "type": "h2"
            }
        ],
        "passage": "Education Rogers Media (\u201cDeveloper\u201d) is concerned about the privacy of the data and information of the Users accessing the Application, Kamadgiri Academy Satna, and the other associated/ancillary applications, websites and services managed by the Developer (\u201cApplication\u201d) and otherwise engaging with the Developer through the Application.",
        "annotations": [
            {
                "requirement": "Controller Name",
                "value": "Education Rogers Media",
                "performed": true
            }
        ]
    },
    {
        "type": "text",
        "context": [
            {
                "text": "Privacy Policy",
                "type": "h2"
            }
        ],
        "passage": "This Policy is a legally binding document between the User and Developer. The terms of this Policy will be effective upon the User's acceptance of the same (directly or indirectly in electronic form, by use of the Application) and will govern the relationship between the User and Developer.",
        "annotations": []
    },
    {
        "type": "text",
        "context": [
            {
                "text": "Privacy Policy",
                "type": "h2"
            }
        ],
        "passage": "This Policy forms an electronic contract within the provisions of the Information Technology Act, 2000 (\u201cIT Act\u201d), the rules made thereunder and the amended provisions pertaining to electronic documents/records in various statutes as amended by the IT Act, from time to time. This Policy does not require any physical, electronic or digital signature.",
        "annotations": []
    },
    {
        "type": "text",
        "context": [
            {
                "text": "Privacy Policy",
                "type": "h2"
            }
        ],
        "passage": "This Policy shall, at all times be read and construed in consonance and along with the terms of use and access available at (\u201cT&Cs\u201d).",
        "annotations": []
    },
    {
        "type": "text",
        "context": [
            {
                "text": "Privacy Policy",
                "type": "h2"
            }
        ],
        "passage": "Developer will not differentiate between who is using the device to access the Application, so long as the log in/access credentials match with yours. In order to make the best use of the Application and enable your Information (defined below) to be captured accurately on the Application, it is essential that you have logged in using your own credentials.",
        "annotations": []
    },
    {
        "type": "text",
        "context": [
            {
                "text": "Privacy Policy",
                "type": "h2"
            }
        ],
        "passage": "This Policy highlights inter alia the type of data shared/collected from a User in the course of the User\u2019s usage of the Application. The Policy further intends to apprise the User of the purposes for which the data of the User is collected and the Application\u2019s policy with regard to sharing such personal information with third party entities.",
        "annotations": []
    },
    {
        "type": "text",
        "context": [
            {
                "text": "Privacy Policy",
                "type": "h2"
            }
        ],
        "passage": "As used herein, \u201cyou\", \u201cuser\u201d or \u201cUsers\u201d shall mean (as the context may require) the following:",
        "annotations": []
    },
    {
        "type": "text",
        "context": [
            {
                "text": "Privacy Policy",
                "type": "h2"
            }
        ],
        "passage": "(a) such persons who are creating User Content and publishers who publish the User Content on the Application (\u201cTutor\u201d); or",
        "annotations": []
    },
    {
        "type": "text",
        "context": [
            {
                "text": "Privacy Policy",
                "type": "h2"
            }
        ],
        "passage": "(b) anyone who uses or accesses/views the Classplus Platform and/or avails the Services on any computer, mobile phone, tablet, console, or other device",
        "annotations": []
    },
    {
        "type": "text",
        "context": [
            {
                "text": "Privacy Policy",
                "type": "h2"
            }
        ],
        "passage": "The terms \u201cWe\u201d/ \u201cUs\u201d/ \u201cOur\u201d individually and collectively refer to and are synonymous with the term \u2018Developer\u2019 and the terms \u201cYou\u201d / \u201cYour\u201d / \u201cYourself\u201d are to be construed to be synonymous with the term \u2018User\u2019.",
        "annotations": []
    },
    {
        "type": "text",
        "context": [
            {
                "text": "Privacy Policy",
                "type": "h2"
            }
        ],
        "passage": "All defined terms used within this Policy but not specifically defined herein shall draw their meaning from the definition ascribed to such terms under the T&Cs.",
        "annotations": []
    },
    {
        "type": "headline",
        "context": [
            {
                "text": "Privacy Policy",
                "type": "h2"
            }
        ],
        "passage": "1. COLLECTION OF INFORMATION",
        "annotations": []
    },
    {
        "type": "text",
        "context": [
            {
                "text": "Privacy Policy",
                "type": "h2"
            },
            {
                "text": "1. COLLECTION OF INFORMATION",
                "type": "h5"
            }
        ],
        "passage": "Developer may during the course of the User\u2019s usage of the Application collect the following personal and non-personal information and such other information from the Users for accessing the Application (\u201cInformation\u201d), as part of the voluntary registration process, any on-line survey or interaction on the Application or combination thereof, as may be required from time to time. The Information shall be collected in order to conduct operations on the Application. The Application collects or can request the below mentioned Information from the Users:",
        "annotations": []
    },
    {
        "type": "text",
        "context": [
            {
                "text": "Privacy Policy",
                "type": "h2"
            },
            {
                "text": "1. COLLECTION OF INFORMATION",
                "type": "h5"
            }
        ],
        "passage": "1.1 Personal Information:",
        "annotations": []
    },
    {
        "type": "text",
        "context": [
            {
                "text": "Privacy Policy",
                "type": "h2"
            },
            {
                "text": "1. COLLECTION OF INFORMATION",
                "type": "h5"
            }
        ],
        "passage": "(a) Name of the User;",
        "annotations": [
            {
                "requirement": "Data Categories",
                "value": "Name of the User",
                "performed": true
            }
        ]
    },
    {
        "type": "text",
        "context": [
            {
                "text": "Privacy Policy",
                "type": "h2"
            },
            {
                "text": "1. COLLECTION OF INFORMATION",
                "type": "h5"
            }
        ],
        "passage": "(b) Phone number (mobile and/or residence and/or alternative) of the User;",
        "annotations": [
            {
                "requirement": "Data Categories",
                "value": "Phone number",
                "performed": true
            },
            {
                "requirement": "Data Categories",
                "value": "mobile and/or residence and/or alternative",
                "performed": true
            }
        ]
    },
    {
        "type": "text",
        "context": [
            {
                "text": "Privacy Policy",
                "type": "h2"
            },
            {
                "text": "1. COLLECTION OF INFORMATION",
                "type": "h5"
            }
        ],
        "passage": "(c) Gender of the User;",
        "annotations": [
            {
                "requirement": "Data Categories",
                "value": "Gender of the User",
                "performed": true
            }
        ]
    },
    {
        "type": "text",
        "context": [
            {
                "text": "Privacy Policy",
                "type": "h2"
            },
            {
                "text": "1. COLLECTION OF INFORMATION",
                "type": "h5"
            }
        ],
        "passage": "(d) Date of birth of the User;",
        "annotations": [
            {
                "requirement": "Data Categories",
                "value": "Date of birth of the User",
                "performed": true
            }
        ]
    },
    {
        "type": "text",
        "context": [
            {
                "text": "Privacy Policy",
                "type": "h2"
            },
            {
                "text": "1. COLLECTION OF INFORMATION",
                "type": "h5"
            }
        ],
        "passage": "(e) Address (official/residence/other) of the User;",
        "annotations": [
            {
                "requirement": "Data Categories",
                "value": "Address (official/residence/other) of the User",
                "performed": true
            }
        ]
    },
    {
        "type": "text",
        "context": [
            {
                "text": "Privacy Policy",
                "type": "h2"
            },
            {
                "text": "1. COLLECTION OF INFORMATION",
                "type": "h5"
            }
        ],
        "passage": "(f) Email Id (primary/alternative) of the User;",
        "annotations": [
            {
                "requirement": "Data Categories",
                "value": "Email Id (primary/alternative) of the User",
                "performed": true
            }
        ]
    },
    {
        "type": "text",
        "context": [
            {
                "text": "Privacy Policy",
                "type": "h2"
            },
            {
                "text": "1. COLLECTION OF INFORMATION",
                "type": "h5"
            }
        ],
        "passage": "(g) Personal information received from social networking sites through which the User has registered to the Application including name, profile picture, email address or friends list, and any information made public in connection with that social media service;",
        "annotations": [
            {
                "requirement": "Data Categories",
                "value": "name",
                "performed": true
            },
            {
                "requirement": "Data Categories",
                "value": "profile picture",
                "performed": true
            },
            {
                "requirement": "Data Categories",
                "value": "email address",
                "performed": true
            },
            {
                "requirement": "Data Categories",
                "value": "friends list",
                "performed": true
            },
            {
                "requirement": "Data Categories",
                "value": "any information made public in connection with that social media service",
                "performed": true
            }
        ]
    },
    {
        "type": "text",
        "context": [
            {
                "text": "Privacy Policy",
                "type": "h2"
            },
            {
                "text": "1. COLLECTION OF INFORMATION",
                "type": "h5"
            }
        ],
        "passage": "(h) Personal information from the mobile device of the User such as their contact list including the name, phone number and the email address of the contact;",
        "annotations": [
            {
                "requirement": "Data Categories",
                "value": "their contact list",
                "performed": true
            },
            {
                "requirement": "Data Categories",
                "value": "name",
                "performed": true
            },
            {
                "requirement": "Data Categories",
                "value": "phone number",
                "performed": true
            },
            {
                "requirement": "Data Categories",
                "value": "email address of the contact",
                "performed": true
            }
        ]
    },
    {
        "type": "text",
        "context": [
            {
                "text": "Privacy Policy",
                "type": "h2"
            },
            {
                "text": "1. COLLECTION OF INFORMATION",
                "type": "h5"
            }
        ],
        "passage": "(i) Internet protocol (IP) address of the User; and",
        "annotations": [
            {
                "requirement": "Data Categories",
                "value": "Internet protocol (IP) address",
                "performed": true
            }
        ]
    },
    {
        "type": "text",
        "context": [
            {
                "text": "Privacy Policy",
                "type": "h2"
            },
            {
                "text": "1. COLLECTION OF INFORMATION",
                "type": "h5"
            }
        ],
        "passage": "(j) Sensitive personal data such as passwords and payment details.",
        "annotations": [
            {
                "requirement": "Data Categories",
                "value": "Sensitive personal data such as passwords",
                "performed": true
            },
            {
                "requirement": "Data Categories",
                "value": "payment details",
                "performed": true
            }
        ]
    },
    {
        "type": "text",
        "context": [
            {
                "text": "Privacy Policy",
                "type": "h2"
            },
            {
                "text": "1. COLLECTION OF INFORMATION",
                "type": "h5"
            }
        ],
        "passage": "1.2 Non-Personal information:",
        "annotations": []
    },
    {
        "type": "text",
        "context": [
            {
                "text": "Privacy Policy",
                "type": "h2"
            },
            {
                "text": "1. COLLECTION OF INFORMATION",
                "type": "h5"
            }
        ],
        "passage": "(a) Details of internet or telecom service provider of the User;",
        "annotations": [
            {
                "requirement": "Data Categories",
                "value": "Details of internet or telecom service provider of the User",
                "performed": true
            }
        ]
    },
    {
        "type": "text",
        "context": [
            {
                "text": "Privacy Policy",
                "type": "h2"
            },
            {
                "text": "1. COLLECTION OF INFORMATION",
                "type": "h5"
            }
        ],
        "passage": "(b) Location of a User;",
        "annotations": [
            {
                "requirement": "Data Categories",
                "value": "Location of a User",
                "performed": true
            }
        ]
    },
    {
        "type": "text",
        "context": [
            {
                "text": "Privacy Policy",
                "type": "h2"
            },
            {
                "text": "1. COLLECTION OF INFORMATION",
                "type": "h5"
            }
        ],
        "passage": "(c) Type of internet browser being used by the User; and",
        "annotations": [
            {
                "requirement": "Data Categories",
                "value": "Type of internet browser being used by the User",
                "performed": true
            }
        ]
    },
    {
        "type": "text",
        "context": [
            {
                "text": "Privacy Policy",
                "type": "h2"
            },
            {
                "text": "1. COLLECTION OF INFORMATION",
                "type": "h5"
            }
        ],
        "passage": "(d) Such other information that may be required to access and operate the Application.",
        "annotations": [
            {
                "requirement": "Processing Purpose",
                "value": "to access and operate the Application",
                "performed": true
            }
        ]
    },
    {
        "type": "text",
        "context": [
            {
                "text": "Privacy Policy",
                "type": "h2"
            },
            {
                "text": "1. COLLECTION OF INFORMATION",
                "type": "h5"
            }
        ],
        "passage": "1.3 The Tutor agrees and affirms that the Information collected by the Tutor and shared with the Developer has been so collected by obtaining the requisite consents from the Users (if Users are above legal age and from the parents/ legal guardians of the Users if the Users are below legal age) as required under applicable law. The consent taken includes the right to collect, store and disseminate the Information.",
        "annotations": [
            {
                "requirement": "Processing Purpose",
                "value": "disseminate the Information",
                "performed": true
            },
            {
                "requirement": "Legal Basis for Processing",
                "value": "the requisite consents",
                "performed": true
            },
            {
                "requirement": "Processing Purpose",
                "value": "collect [...] the Information",
                "performed": true
            },
            {
                "requirement": "Processing Purpose",
                "value": "store [...] the\u00a0Information",
                "performed": true
            }
        ]
    },
    {
        "type": "text",
        "context": [
            {
                "text": "Privacy Policy",
                "type": "h2"
            },
            {
                "text": "1. COLLECTION OF INFORMATION",
                "type": "h5"
            }
        ],
        "passage": "1.4 Please note that in addition to the above, the duration of use of the Application by the User may also be logged and stored by the Application.",
        "annotations": [
            {
                "requirement": "Data Categories",
                "value": "duration of use of the Application",
                "performed": true
            }
        ]
    },
    {
        "type": "text",
        "context": [
            {
                "text": "Privacy Policy",
                "type": "h2"
            },
            {
                "text": "1. COLLECTION OF INFORMATION",
                "type": "h5"
            }
        ],
        "passage": "1.5 The Information may be collected and/or stored in electronic form, however, Developer is hereby authorized by the User to collect/store such information in physical form as well.",
        "annotations": []
    },
    {
        "type": "text",
        "context": [
            {
                "text": "Privacy Policy",
                "type": "h2"
            },
            {
                "text": "1. COLLECTION OF INFORMATION",
                "type": "h5"
            }
        ],
        "passage": "1.6 The Developer may share the Information of a User with any third-party entities subject to such entities adopting reasonable safety standards with respect to the use of such Information.",
        "annotations": [
            {
                "requirement": "Data Recipients",
                "value": "any third-party entities",
                "performed": true
            }
        ]
    },
    {
        "type": "headline",
        "context": [
            {
                "text": "Privacy Policy",
                "type": "h2"
            },
            {
                "text": "1. COLLECTION OF INFORMATION",
                "type": "h5"
            }
        ],
        "passage": "2. REPRESENTATION AND WARRANTIES",
        "annotations": []
    },
    {
        "type": "text",
        "context": [
            {
                "text": "Privacy Policy",
                "type": "h2"
            },
            {
                "text": "2. REPRESENTATION AND WARRANTIES",
                "type": "h5"
            }
        ],
        "passage": "Every User hereby represents and warrants to the Developer that:",
        "annotations": []
    },
    {
        "type": "text",
        "context": [
            {
                "text": "Privacy Policy",
                "type": "h2"
            },
            {
                "text": "2. REPRESENTATION AND WARRANTIES",
                "type": "h5"
            }
        ],
        "passage": "(a) all Information provided by the User is true, correct, current and updated;",
        "annotations": []
    },
    {
        "type": "text",
        "context": [
            {
                "text": "Privacy Policy",
                "type": "h2"
            },
            {
                "text": "2. REPRESENTATION AND WARRANTIES",
                "type": "h5"
            }
        ],
        "passage": "(b) all Information provided by the User and the provision of such Information by the User does not in any manner violate any third-party agreement, law, decree, order or judgement;",
        "annotations": []
    },
    {
        "type": "text",
        "context": [
            {
                "text": "Privacy Policy",
                "type": "h2"
            },
            {
                "text": "2. REPRESENTATION AND WARRANTIES",
                "type": "h5"
            }
        ],
        "passage": "(c) all Information provided by the User does not belong to any third party, and if it does belong to a third party, the User is duly authorized by such Third Party to use, access and disseminate such Information;",
        "annotations": []
    },
    {
        "type": "text",
        "context": [
            {
                "text": "Privacy Policy",
                "type": "h2"
            },
            {
                "text": "2. REPRESENTATION AND WARRANTIES",
                "type": "h5"
            }
        ],
        "passage": "(d) the officers, directors, contractors or agents of Developer shall not be responsible in any manner whatsoever with regard to the authenticity or veracity of the Information that a User may provide to the Application; and",
        "annotations": []
    },
    {
        "type": "text",
        "context": [
            {
                "text": "Privacy Policy",
                "type": "h2"
            },
            {
                "text": "2. REPRESENTATION AND WARRANTIES",
                "type": "h5"
            }
        ],
        "passage": "(e) the User shall indemnify and hold harmless Developer and each of its officers, directors, contracts or agents and any third party relying on the Information provided by the User in the event the User is in breach of this Policy.",
        "annotations": []
    },
    {
        "type": "text",
        "context": [
            {
                "text": "Privacy Policy",
                "type": "h2"
            },
            {
                "text": "2. REPRESENTATION AND WARRANTIES",
                "type": "h5"
            }
        ],
        "passage": "Developer represents and warrants to every User that:",
        "annotations": []
    },
    {
        "type": "text",
        "context": [
            {
                "text": "Privacy Policy",
                "type": "h2"
            },
            {
                "text": "2. REPRESENTATION AND WARRANTIES",
                "type": "h5"
            }
        ],
        "passage": "(a) it shall not collect the User\u2019s sensitive personal data unless such sensitive personal data is collected for a lawful purpose for which such collection of data is necessary;",
        "annotations": []
    },
    {
        "type": "text",
        "context": [
            {
                "text": "Privacy Policy",
                "type": "h2"
            },
            {
                "text": "2. REPRESENTATION AND WARRANTIES",
                "type": "h5"
            }
        ],
        "passage": "(b) it shall not retain any sensitive personal data for longer than such sensitive personal data is required or can be lawfully used;",
        "annotations": [
            {
                "requirement": "Data Retention Period",
                "value": "shall not retain any sensitive personal data for longer than such sensitive personal data is required or can be lawfully used",
                "performed": true
            }
        ]
    },
    {
        "type": "text",
        "context": [
            {
                "text": "Privacy Policy",
                "type": "h2"
            },
            {
                "text": "2. REPRESENTATION AND WARRANTIES",
                "type": "h5"
            }
        ],
        "passage": "(c) in the event Developer collects Information directly from the User, Developer shall make reasonable effort to apprise the User of the purpose of such collection of Information, the intended recipient of the Information and the details of the agencies collecting and retaining the Information; and",
        "annotations": []
    },
    {
        "type": "text",
        "context": [
            {
                "text": "Privacy Policy",
                "type": "h2"
            },
            {
                "text": "2. REPRESENTATION AND WARRANTIES",
                "type": "h5"
            }
        ],
        "passage": "(d) it has in place the security practices and procedures prescribed under the Information Technology (Reasonable Security Practices and Procedures and Sensitive Personal Data or Information) Rules, 2011 (\u201cIT Rules\u201d).",
        "annotations": []
    },
    {
        "type": "headline",
        "context": [
            {
                "text": "Privacy Policy",
                "type": "h2"
            },
            {
                "text": "2. REPRESENTATION AND WARRANTIES",
                "type": "h5"
            }
        ],
        "passage": "3. PURPOSE AND USE OF INFORMATION",
        "annotations": []
    },
    {
        "type": "text",
        "context": [
            {
                "text": "Privacy Policy",
                "type": "h2"
            },
            {
                "text": "3. PURPOSE AND USE OF INFORMATION",
                "type": "h5"
            }
        ],
        "passage": "All Information collected/stored by the Application shall be used for:",
        "annotations": []
    },
    {
        "type": "text",
        "context": [
            {
                "text": "Privacy Policy",
                "type": "h2"
            },
            {
                "text": "3. PURPOSE AND USE OF INFORMATION",
                "type": "h5"
            }
        ],
        "passage": "(a) providing information about new educational products and services to the Users;",
        "annotations": [
            {
                "requirement": "Processing Purpose",
                "value": "providing information about new educational products and services",
                "performed": true
            }
        ]
    },
    {
        "type": "text",
        "context": [
            {
                "text": "Privacy Policy",
                "type": "h2"
            },
            {
                "text": "3. PURPOSE AND USE OF INFORMATION",
                "type": "h5"
            }
        ],
        "passage": "(b) to continually improve the existing Application and service offerings;",
        "annotations": [
            {
                "requirement": "Processing Purpose",
                "value": "continually improve the existing Application and service offerings",
                "performed": true
            }
        ]
    },
    {
        "type": "text",
        "context": [
            {
                "text": "Privacy Policy",
                "type": "h2"
            },
            {
                "text": "3. PURPOSE AND USE OF INFORMATION",
                "type": "h5"
            }
        ],
        "passage": "(c) to conduct research and surveys;",
        "annotations": [
            {
                "requirement": "Processing Purpose",
                "value": "conduct research",
                "performed": true
            },
            {
                "requirement": "Processing Purpose",
                "value": "conduct [...] surveys",
                "performed": true
            }
        ]
    },
    {
        "type": "text",
        "context": [
            {
                "text": "Privacy Policy",
                "type": "h2"
            },
            {
                "text": "3. PURPOSE AND USE OF INFORMATION",
                "type": "h5"
            }
        ],
        "passage": "(d) to implement the necessary security practices to ensure that all personal data are protected;",
        "annotations": [
            {
                "requirement": "Processing Purpose",
                "value": "implement the necessary security practices",
                "performed": true
            }
        ]
    },
    {
        "type": "text",
        "context": [
            {
                "text": "Privacy Policy",
                "type": "h2"
            },
            {
                "text": "3. PURPOSE AND USE OF INFORMATION",
                "type": "h5"
            }
        ],
        "passage": "(e) to administer the User accounts in normal course of business;",
        "annotations": [
            {
                "requirement": "Processing Purpose",
                "value": "administer the User accounts",
                "performed": true
            }
        ]
    },
    {
        "type": "text",
        "context": [
            {
                "text": "Privacy Policy",
                "type": "h2"
            },
            {
                "text": "3. PURPOSE AND USE OF INFORMATION",
                "type": "h5"
            }
        ],
        "passage": "(f) to contact the Users in case where fraud, illegal activities or breach of privacy is recorded;",
        "annotations": [
            {
                "requirement": "Processing Purpose",
                "value": "contact the Users",
                "performed": true
            }
        ]
    },
    {
        "type": "text",
        "context": [
            {
                "text": "Privacy Policy",
                "type": "h2"
            },
            {
                "text": "3. PURPOSE AND USE OF INFORMATION",
                "type": "h5"
            }
        ],
        "passage": "(g) to enable the employees of or persons acting on behalf of the Developer to communicate with the User, as and when necessary, in order to provide the services requested by such User;",
        "annotations": [
            {
                "requirement": "Processing Purpose",
                "value": "enable the employees [...] to communicate with the User",
                "performed": true
            },
            {
                "requirement": "Processing Purpose",
                "value": "provide the services requested by such User",
                "performed": true
            }
        ]
    },
    {
        "type": "text",
        "context": [
            {
                "text": "Privacy Policy",
                "type": "h2"
            },
            {
                "text": "3. PURPOSE AND USE OF INFORMATION",
                "type": "h5"
            }
        ],
        "passage": "(h) such other purposes that Developer, at its sole discretion, however subject to the principles contained in this Policy, may deem fit.",
        "annotations": []
    },
    {
        "type": "headline",
        "context": [
            {
                "text": "Privacy Policy",
                "type": "h2"
            },
            {
                "text": "3. PURPOSE AND USE OF INFORMATION",
                "type": "h5"
            }
        ],
        "passage": "4. SHARING OF INFORMATION",
        "annotations": []
    },
    {
        "type": "text",
        "context": [
            {
                "text": "Privacy Policy",
                "type": "h2"
            },
            {
                "text": "4. SHARING OF INFORMATION",
                "type": "h5"
            }
        ],
        "passage": "Every User hereby expressly agrees that Developer may share the Information collected from such User with its affiliates, employees, and such other individuals and institutions located within or outside India from time to time to ensure efficient management of Application traffic, to detect and prevent identity theft and other illegal acts, and to respond to legal, judicial, quasi-judicial law enforcement agencies or in connection with an investigation on matters related to public safety, as required and permitted by law and for such other purposes that the Developer may deem fit from time to time.",
        "annotations": [
            {
                "requirement": "Data Recipients",
                "value": "its affiliates",
                "performed": true
            },
            {
                "requirement": "Data Recipients",
                "value": "employees",
                "performed": true
            },
            {
                "requirement": "Data Recipients",
                "value": "other individuals and institutions located within or outside India",
                "performed": true
            },
            {
                "requirement": "Third-country Transfers",
                "value": "outside India",
                "performed": true
            },
            {
                "requirement": "Processing Purpose",
                "value": "ensure efficient management of Application traffic",
                "performed": true
            },
            {
                "requirement": "Legal Basis for Processing",
                "value": "detect and prevent identity theft and other illegal acts",
                "performed": true
            },
            {
                "requirement": "Legal Basis for Processing",
                "value": "respond to legal, judicial, quasi-judicial law enforcement agencies",
                "performed": true
            },
            {
                "requirement": "Legal Basis for Processing",
                "value": "in connection with an investigation on matters related to public safety",
                "performed": true
            }
        ]
    },
    {
        "type": "headline",
        "context": [
            {
                "text": "Privacy Policy",
                "type": "h2"
            },
            {
                "text": "4. SHARING OF INFORMATION",
                "type": "h5"
            }
        ],
        "passage": "5. DATA RETENTION",
        "annotations": []
    },
    {
        "type": "text",
        "context": [
            {
                "text": "Privacy Policy",
                "type": "h2"
            },
            {
                "text": "5. DATA RETENTION",
                "type": "h5"
            }
        ],
        "passage": "Developer shall retain Information for as long as is reasonably necessary in relation to the purposes for which this data was collected. In many instances, Developer shall retain Information that is necessary for operation of the Application by the User, which may include maintaining this Information beyond when the User ceases using the Application.",
        "annotations": [
            {
                "requirement": "Data Retention Period",
                "value": "as long as is reasonably necessary in relation to the purposes for which this data was collected",
                "performed": true
            },
            {
                "requirement": "Data Retention Period",
                "value": "maintaining this Information beyond when the User ceases using the Application",
                "performed": true
            }
        ]
    },
    {
        "type": "text",
        "context": [
            {
                "text": "Privacy Policy",
                "type": "h2"
            },
            {
                "text": "5. DATA RETENTION",
                "type": "h5"
            }
        ],
        "passage": "However, all Information pertaining to chats and student side test attempts shall be retained by Developer for a minimum period of 2 years from date of receipt of such Information, after which such Information, if deemed fit by the Developer, shall be erased from the Developer servers and databases.",
        "annotations": [
            {
                "requirement": "Data Retention Period",
                "value": "a minimum period of 2 years",
                "performed": true
            }
        ]
    },
    {
        "type": "headline",
        "context": [
            {
                "text": "Privacy Policy",
                "type": "h2"
            },
            {
                "text": "5. DATA RETENTION",
                "type": "h5"
            }
        ],
        "passage": "6. COOKIES AND THIRD-PARTY APPLICATION LINKS",
        "annotations": []
    },
    {
        "type": "text",
        "context": [
            {
                "text": "Privacy Policy",
                "type": "h2"
            },
            {
                "text": "6. COOKIES AND THIRD-PARTY APPLICATION LINKS",
                "type": "h5"
            }
        ],
        "passage": "6.1 The Application sends cookies (small files containing a string of characters) to your computer, thereby uniquely identifying your browser. Cookies are used to track your preferences, help you login faster, and aggregated to determine user trends. This data is used to improve offerings, such as providing more content in areas of greater interest to a majority of users.",
        "annotations": [
            {
                "requirement": "Processing Purpose",
                "value": "track your preferences",
                "performed": true
            },
            {
                "requirement": "Processing Purpose",
                "value": "help you login faster",
                "performed": true
            },
            {
                "requirement": "Processing Purpose",
                "value": "determine user trends",
                "performed": true
            },
            {
                "requirement": "Processing Purpose",
                "value": "improve offerings",
                "performed": true
            },
            {
                "requirement": "Processing Purpose",
                "value": "providing more content in areas of greater interest to a majority of users",
                "performed": true
            }
        ]
    },
    {
        "type": "text",
        "context": [
            {
                "text": "Privacy Policy",
                "type": "h2"
            },
            {
                "text": "6. COOKIES AND THIRD-PARTY APPLICATION LINKS",
                "type": "h5"
            }
        ],
        "passage": "6.2 Most browsers are initially set up to accept cookies, but you can reset your browser to refuse all cookies or to indicate when a cookie is being sent.",
        "annotations": []
    },
    {
        "type": "text",
        "context": [
            {
                "text": "Privacy Policy",
                "type": "h2"
            },
            {
                "text": "6. COOKIES AND THIRD-PARTY APPLICATION LINKS",
                "type": "h5"
            }
        ],
        "passage": "6.3 Disclaimer: Some of the Application features and services may not function properly if your cookies are disabled.",
        "annotations": []
    },
    {
        "type": "text",
        "context": [
            {
                "text": "Privacy Policy",
                "type": "h2"
            },
            {
                "text": "6. COOKIES AND THIRD-PARTY APPLICATION LINKS",
                "type": "h5"
            }
        ],
        "passage": "6.4 The Application may contain links that will redirect the Users to third party websites or applications that may have access to the personal information of the User to which this Policy shall not be applicable. Thereby, every User agrees and acknowledges that accessing third party websites or applications through links provided on the Application will solely be at the Users discretion. Additionally, Developer shall under no circumstance be held liable for breach of privacy by such third-party websites or applications nor shall it be liable for any objectionable content that may be displayed on such third-party websites or applications The Application may contain links to other applications and websites; however, every User agrees and acknowledges that the Application shall not be responsible for the privacy practices of other third-party websites or applications which it does not own, manage or control.",
        "annotations": []
    },
    {
        "type": "headline",
        "context": [
            {
                "text": "Privacy Policy",
                "type": "h2"
            },
            {
                "text": "6. COOKIES AND THIRD-PARTY APPLICATION LINKS",
                "type": "h5"
            }
        ],
        "passage": "7. PROTECTION OF INFORMATION",
        "annotations": []
    },
    {
        "type": "text",
        "context": [
            {
                "text": "Privacy Policy",
                "type": "h2"
            },
            {
                "text": "7. PROTECTION OF INFORMATION",
                "type": "h5"
            }
        ],
        "passage": "7.1 Developer understands and acknowledges the importance of security and protection of the Information provided by and/or collected from the Users. Pursuant to the same, Developer shall make the best efforts to ensure protection of Information by use of such security measures and programs that it may deem fit for the purpose. We shall employ best efforts to protect the Information against any unauthorized, illegal and fraudulent use of such Information by third parties.",
        "annotations": []
    },
    {
        "type": "text",
        "context": [
            {
                "text": "Privacy Policy",
                "type": "h2"
            },
            {
                "text": "7. PROTECTION OF INFORMATION",
                "type": "h5"
            }
        ],
        "passage": "7.2 Notwithstanding anything to the contrary, Developer shall not be held responsible for any loss, damage or misuse of the Information caused to the User, if such loss, damage or misuse is attributable to an event beyond the control of or attributable to Developer or a force majeure event.",
        "annotations": []
    },
    {
        "type": "text",
        "context": [
            {
                "text": "Privacy Policy",
                "type": "h2"
            },
            {
                "text": "7. PROTECTION OF INFORMATION",
                "type": "h5"
            }
        ],
        "passage": "7.3 The Tutor shall use the Information only as authorized and as necessary for the operation of the Application and shall be solely responsible and liable for appropriate storage and dissemination of the Information. The Developer shall not be liable for any unauthorized or illicit use, storage or distribution of Information by the Tutor.",
        "annotations": [
            {
                "requirement": "Processing Purpose",
                "value": "necessary for the operation of the Application",
                "performed": true
            }
        ]
    },
    {
        "type": "text",
        "context": [
            {
                "text": "Privacy Policy",
                "type": "h2"
            },
            {
                "text": "7. PROTECTION OF INFORMATION",
                "type": "h5"
            }
        ],
        "passage": "7.4 Developer shall ensure that the Application shall adopt appropriate encryption and security measures to prevent any hacking of the information of the Users and third parties and shall ensure that the User shall not be required or asked to disclose any Information, which may be prejudicial to the interests of the User. Currently, the content available on the Application is encrypted with AES 256 encryption where the data transfers are secured with HTTPS secured protocols and video content is delivered through HLS protocols.",
        "annotations": []
    },
    {
        "type": "text",
        "context": [
            {
                "text": "Privacy Policy",
                "type": "h2"
            },
            {
                "text": "7. PROTECTION OF INFORMATION",
                "type": "h5"
            }
        ],
        "passage": "7.5 Developer shall use the Information collected from the Users in accordance with applicable laws including but not limited to the IT Act and the rules made thereunder and use the Information only for the purpose for which it was furnished.",
        "annotations": []
    },
    {
        "type": "text",
        "context": [
            {
                "text": "Privacy Policy",
                "type": "h2"
            },
            {
                "text": "7. PROTECTION OF INFORMATION",
                "type": "h5"
            }
        ],
        "passage": "7.6 Developer has appropriate physical, electronic and managerial procedures in relation to the Application. The servers of the Application are accessible only to the authorized personnel and any Information of the User shall be shared with the authorized personnel only on a need-to-know basis to facilitate the services requested by the User. Developer shall endeavor to safeguard the confidentiality of a User\u2019s personally identifiable information, however, the transmissions made by means of the Internet cannot be made absolutely secure by the Application. The User agrees and acknowledges that Developer shall not be liable for disclosure of any information due to errors in transmission or any unauthorized acts of third parties.",
        "annotations": [
            {
                "requirement": "Data Recipients",
                "value": "the authorized personnel",
                "performed": true
            }
        ]
    },
    {
        "type": "text",
        "context": [
            {
                "text": "Privacy Policy",
                "type": "h2"
            },
            {
                "text": "7. PROTECTION OF INFORMATION",
                "type": "h5"
            }
        ],
        "passage": "7.7 The User agrees and acknowledges that Developer shall be entitled to share the Information where such sharing is necessary for the lawful performance of the contractual obligations existing between Developer and the User and for such purposes as it may deem fit, however, the disclosure of Information shall be in accordance with this Policy, the IT Act and the rules made thereunder.",
        "annotations": [
            {
                "requirement": "Legal Basis for Processing",
                "value": "necessary for the lawful performance of the contractual obligations existing between Developer and the User",
                "performed": true
            },
            {
                "requirement": "Processing Purpose",
                "value": "lawful performance of the contractual obligations existing between Developer and the User",
                "performed": true
            }
        ]
    },
    {
        "type": "headline",
        "context": [
            {
                "text": "Privacy Policy",
                "type": "h2"
            },
            {
                "text": "7. PROTECTION OF INFORMATION",
                "type": "h5"
            }
        ],
        "passage": "8. OPTION TO OPT OUT AND WITHDRAWAL OF INFORMATION",
        "annotations": []
    },
    {
        "type": "text",
        "context": [
            {
                "text": "Privacy Policy",
                "type": "h2"
            },
            {
                "text": "8. OPTION TO OPT OUT AND WITHDRAWAL OF INFORMATION",
                "type": "h5"
            }
        ],
        "passage": "The User has the option of not providing its Information to the Developer. Further, Information provided and/or collected by the Developer may be withdrawn at any time during or pursuant to usage of the Application by a User. Users desirous of withdrawing the Information shall send an email to the grievance officer and request for such withdrawal. The Developer may subsequent to such withdrawal of information, at its sole discretion continue or discontinue the provision of its services to such User.",
        "annotations": [
            {
                "requirement": "Right to Withdraw Consent",
                "value": "Information provided and/or collected by the Developer may be withdrawn at any time",
                "performed": true
            }
        ]
    },
    {
        "type": "headline",
        "context": [
            {
                "text": "Privacy Policy",
                "type": "h2"
            },
            {
                "text": "8. OPTION TO OPT OUT AND WITHDRAWAL OF INFORMATION",
                "type": "h5"
            }
        ],
        "passage": "9. GRIEVANCE REDRESSAL",
        "annotations": []
    },
    {
        "type": "text",
        "context": [
            {
                "text": "Privacy Policy",
                "type": "h2"
            },
            {
                "text": "9. GRIEVANCE REDRESSAL",
                "type": "h5"
            }
        ],
        "passage": "The User may report violation of breach of privacy, Information or identify theft or grievances in relation to the Information shared, collected, stored or disseminated by Developer in relation to the Application, to the grievance officer. The details of the grievance officer are as below:",
        "annotations": []
    },
    {
        "type": "text",
        "context": [
            {
                "text": "Privacy Policy",
                "type": "h2"
            },
            {
                "text": "9. GRIEVANCE REDRESSAL",
                "type": "h5"
            }
        ],
        "passage": "Attn: Mukul Rustagi",
        "annotations": [
            {
                "requirement": "Controller Contact",
                "value": "Attn: Mukul Rustagi",
                "performed": true
            }
        ]
    },
    {
        "type": "text",
        "context": [
            {
                "text": "Privacy Policy",
                "type": "h2"
            },
            {
                "text": "9. GRIEVANCE REDRESSAL",
                "type": "h5"
            }
        ],
        "passage": "Address: 1st Floor, Building No, D8, Block D, Sector 3, Noida, Uttar Pradesh 201301",
        "annotations": [
            {
                "requirement": "Controller Contact",
                "value": "1st Floor, Building No, D8, Block D, Sector 3, Noida, Uttar Pradesh 201301",
                "performed": true
            }
        ]
    },
    {
        "type": "text",
        "context": [
            {
                "text": "Privacy Policy",
                "type": "h2"
            },
            {
                "text": "9. GRIEVANCE REDRESSAL",
                "type": "h5"
            }
        ],
        "passage": "E-mail Address: support@classplus.co",
        "annotations": [
            {
                "requirement": "Controller Contact",
                "value": "support@classplus.co",
                "performed": true
            }
        ]
    },
    {
        "type": "headline",
        "context": [
            {
                "text": "Privacy Policy",
                "type": "h2"
            },
            {
                "text": "9. GRIEVANCE REDRESSAL",
                "type": "h5"
            }
        ],
        "passage": "10. UPDATION OF POLICY",
        "annotations": []
    },
    {
        "type": "text",
        "context": [
            {
                "text": "Privacy Policy",
                "type": "h2"
            },
            {
                "text": "10. UPDATION OF POLICY",
                "type": "h5"
            }
        ],
        "passage": "Developer reserves the right to change or update this Policy at any time without notice to the User. Such updates or changes to these Policy shall take effect from the date indicated in the updated Policy. You are advised to review our Policy periodically for any changes.",
        "annotations": []
    },
    {
        "type": "headline",
        "context": [
            {
                "text": "Privacy Policy",
                "type": "h2"
            },
            {
                "text": "10. UPDATION OF POLICY",
                "type": "h5"
            }
        ],
        "passage": "11. GOVERNING LAW AND JURISDICTION",
        "annotations": []
    },
    {
        "type": "text",
        "context": [
            {
                "text": "Privacy Policy",
                "type": "h2"
            },
            {
                "text": "11. GOVERNING LAW AND JURISDICTION",
                "type": "h5"
            }
        ],
        "passage": "This Policy is governed and construed in accordance with laws of India. In the event of any dispute arising between the parties with respect to this Policy, the dispute shall be referred to an arbitral tribunal comprising of 3 (three) arbitrators, wherein each party shall appoint one arbitrator and the third arbitrator shall be appointed by the aforesaid two arbitrators; and the arbitration shall be conducted in accordance with the Indian Arbitration and Conciliation Act of 1996. The language of arbitration proceeding shall be English. The seat and venue of arbitration shall be New Delhi, India and the decision of the arbitrator shall be final and binding on the parties. Subject to this arbitration clause for dispute resolution, this Policy shall be subject to the exclusive jurisdiction of courts in New Delhi, India.",
        "annotations": []
    },
    {
        "type": "headline",
        "context": [
            {
                "text": "Privacy Policy",
                "type": "h2"
            },
            {
                "text": "11. GOVERNING LAW AND JURISDICTION",
                "type": "h5"
            }
        ],
        "passage": "12. USE OF THE APPLICATION BY CHILDREN",
        "annotations": []
    },
    {
        "type": "text",
        "context": [
            {
                "text": "Privacy Policy",
                "type": "h2"
            },
            {
                "text": "12. USE OF THE APPLICATION BY CHILDREN",
                "type": "h5"
            }
        ],
        "passage": "To register on the Application, you must meet the Age Requirements specified hereinbelow. If you are a \u2018Minor\u2019 or \u2018Child\u2019, i.e., an individual who does not meet the Age Requirements, then you may not register on the Application, and only your parent can register on your behalf, agree to all Application T&Cs and enable access to you under their guidance and supervision.",
        "annotations": []
    },
    {
        "type": "text",
        "context": [
            {
                "text": "Privacy Policy",
                "type": "h2"
            },
            {
                "text": "12. USE OF THE APPLICATION BY CHILDREN",
                "type": "h5"
            }
        ],
        "passage": "While some of our services may require collection of a Minor or Child\u2019s personal information, we do not knowingly collect such personal information. In the event a Minor or Child utilizes the Application, it is assumed that he / she has obtained the consent of the parent / legal guardian and such use is made available by the parents or legal guardian.",
        "annotations": []
    },
    {
        "type": "text",
        "context": [
            {
                "text": "Privacy Policy",
                "type": "h2"
            },
            {
                "text": "12. USE OF THE APPLICATION BY CHILDREN",
                "type": "h5"
            }
        ],
        "passage": "Developer will not be responsible for any consequences that arise as a result of misuse of our Application, that may occur by virtue of any person including a Minor or Child registering on the Application. Developer reserves the right to terminate your subscription and / or refuse to provide you with access to the Application if it is discovered that you do not meet the Age Requirements and the consent to use the Application is not given by your parent / legal guardian. We will also take the necessary steps to remove such information from our servers.",
        "annotations": []
    },
    {
        "type": "text",
        "context": [
            {
                "text": "Privacy Policy",
                "type": "h2"
            },
            {
                "text": "12. USE OF THE APPLICATION BY CHILDREN",
                "type": "h5"
            }
        ],
        "passage": "If you are a parent / legal guardian and you are aware that your child has provided us with personal information without your consent, please contact us at support@classplus.co.",
        "annotations": [
            {
                "requirement": "Controller Contact",
                "value": "support@classplus.co",
                "performed": true
            }
        ]
    },
    {
        "type": "text",
        "context": [
            {
                "text": "Privacy Policy",
                "type": "h2"
            },
            {
                "text": "12. USE OF THE APPLICATION BY CHILDREN",
                "type": "h5"
            }
        ],
        "passage": "If your Child faces bullying, abuse or harassment while availing our Services, please contact us at support@classplus.co.",
        "annotations": [
            {
                "requirement": "Controller Contact",
                "value": "support@classplus.co",
                "performed": true
            }
        ]
    },
    {
        "type": "text",
        "context": [
            {
                "text": "Privacy Policy",
                "type": "h2"
            },
            {
                "text": "12. USE OF THE APPLICATION BY CHILDREN",
                "type": "h5"
            }
        ],
        "passage": "Age requirements to register and use the Application (\u201cAge Requirements\u201d):",
        "annotations": []
    },
    {
        "type": "text",
        "context": [
            {
                "text": "Privacy Policy",
                "type": "h2"
            },
            {
                "text": "12. USE OF THE APPLICATION BY CHILDREN",
                "type": "h5"
            }
        ],
        "passage": "If you are a resident of India or Australia, then you must have attained at least eighteen (18) years of age, to register and use the Application, or else act under parental consent.",
        "annotations": []
    },
    {
        "type": "text",
        "context": [
            {
                "text": "Privacy Policy",
                "type": "h2"
            },
            {
                "text": "12. USE OF THE APPLICATION BY CHILDREN",
                "type": "h5"
            }
        ],
        "passage": "If you are a resident of Singapore, then you must have attained at least thirteen (13) years of age to register and use the Application, or else act under parental consent.",
        "annotations": [
            {
                "requirement": "Legal Basis for Processing",
                "value": "parental consent",
                "performed": true
            }
        ]
    },
    {
        "type": "text",
        "context": [
            {
                "text": "Privacy Policy",
                "type": "h2"
            },
            {
                "text": "12. USE OF THE APPLICATION BY CHILDREN",
                "type": "h5"
            }
        ],
        "passage": "If you are a resident of South Korea, then you must have attained at least fourteen (14) years of age to register and use the Application, or else act under parental consent.",
        "annotations": [
            {
                "requirement": "Legal Basis for Processing",
                "value": "parental consent",
                "performed": true
            }
        ]
    },
    {
        "type": "text",
        "context": [
            {
                "text": "Privacy Policy",
                "type": "h2"
            },
            {
                "text": "12. USE OF THE APPLICATION BY CHILDREN",
                "type": "h5"
            }
        ],
        "passage": "If you are a resident of Vietnam, then you must have attained at least sixteen (16) years of age to register and use the Application, or else act under parental consent.",
        "annotations": []
    }
]