[
    {
        "type": "headline",
        "context": [],
        "passage": "Privacy Policy",
        "annotations": []
    },
    {
        "type": "text",
        "context": [
            {
                "text": "Privacy Policy",
                "type": "h2"
            }
        ],
        "passage": "This Privacy Policy provides a detailed and thorough explanation of the methodologies and practices that Skedbooks employs to collect, utilize, and safeguard your personal information during your interactions with our website and services. It encompasses the entire lifecycle of data handling, from initial collection through various technological means, to the specific uses of that data for enhancing user experience and service functionality. This policy ensures transparency and provides you with a clear understanding of how your personal information is managed and protected when you engage with Skedbooks.",
        "annotations": [
            {
                "requirement": "Controller Name",
                "value": "Skedbooks",
                "performed": true
            },
            {
                "requirement": "Processing Purpose",
                "value": "enhancing user experience",
                "performed": true
            },
            {
                "requirement": "Processing Purpose",
                "value": "service functionality",
                "performed": true
            }
        ]
    },
    {
        "type": "headline",
        "context": [
            {
                "text": "Privacy Policy",
                "type": "h2"
            }
        ],
        "passage": "Information We Collect",
        "annotations": []
    },
    {
        "type": "text",
        "context": [
            {
                "text": "Privacy Policy",
                "type": "h2"
            },
            {
                "text": "Information We Collect",
                "type": "h3"
            }
        ],
        "passage": "We explicitly do not collect any personally identifiable information (PII) from our users, as accessing and reading books on our platform does not necessitate the input of user credentials or any other personal data. However, to ensure the sustainability of our development efforts and to keep our services free of charge, we display advertisements. These advertisements may utilize cookies and other tracking technologies to deliver relevant ads based on non-personalized data. This process may involve the collection and use of certain known information, such as device type, browser type, and general location, but it remains strictly non-specific to individual users",
        "annotations": [
            {
                "requirement": "Data Categories",
                "value": "personally identifiable information (PII)",
                "performed": false
            },
            {
                "requirement": "Data Categories",
                "value": "device type",
                "performed": true
            },
            {
                "requirement": "Data Categories",
                "value": "browser type",
                "performed": true
            },
            {
                "requirement": "Data Categories",
                "value": "general location",
                "performed": true
            },
            {
                "requirement": "Processing Purpose",
                "value": "deliver relevant ads",
                "performed": true
            }
        ]
    },
    {
        "type": "headline",
        "context": [
            {
                "text": "Privacy Policy",
                "type": "h2"
            },
            {
                "text": "Information We Collect",
                "type": "h3"
            }
        ],
        "passage": "Security",
        "annotations": []
    },
    {
        "type": "text",
        "context": [
            {
                "text": "Privacy Policy",
                "type": "h2"
            },
            {
                "text": "Security",
                "type": "h3"
            }
        ],
        "passage": "We do not store or track any user-related personally identifiable information (PII). Our system is meticulously designed to ensure that all interactions with Skedbooks are secure and maintain the highest standards of data privacy. This involves implementing advanced security protocols and encryption techniques to safeguard user interactions and prevent unauthorized access. Our commitment to user privacy means that no personal data is collected, stored, or processed, thereby providing a safe and anonymous browsing experience. Additionally, our infrastructure is built to adhere to industry best practices for data protection and security, ensuring a robust environment for our users.",
        "annotations": [
            {
                "requirement": "Data Categories",
                "value": "user-related personally identifiable information (PII)",
                "performed": false
            },
            {
                "requirement": "Data Categories",
                "value": "personal data",
                "performed": false
            }
        ]
    },
    {
        "type": "headline",
        "context": [
            {
                "text": "Privacy Policy",
                "type": "h2"
            },
            {
                "text": "Security",
                "type": "h3"
            }
        ],
        "passage": "Cookies",
        "annotations": []
    },
    {
        "type": "text",
        "context": [
            {
                "text": "Privacy Policy",
                "type": "h2"
            },
            {
                "text": "Cookies",
                "type": "h3"
            }
        ],
        "passage": "We do not directly utilize any cookies to identify or track users. However, third-party advertisements displayed on our platform may employ cookies for targeted ad delivery. These ad cookies are designed to collect and use certain non-personal information to enhance ad relevance and effectiveness.",
        "annotations": [
            {
                "requirement": "Data Categories",
                "value": "cookies",
                "performed": true
            },
            {
                "requirement": "Processing Purpose",
                "value": "collect and use certain non-personal information to enhance ad relevance and effectiveness",
                "performed": true
            },
            {
                "requirement": "Data Recipients",
                "value": "third-party advertisements",
                "performed": true
            }
        ]
    },
    {
        "type": "text",
        "context": [
            {
                "text": "Privacy Policy",
                "type": "h2"
            },
            {
                "text": "Cookies",
                "type": "h3"
            }
        ],
        "passage": "Users have the option to disable these cookies through their browser or application settings. Disabling ad cookies is unlikely to impact the core functionality or user experience of Skedbooks. Nevertheless, we kindly request that users consider allowing these ad cookies to remain active. The revenue generated from these advertisements supports our ability to maintain and develop Skedbooks, ensuring that the platform remains free and sustainable for all users.",
        "annotations": []
    },
    {
        "type": "text",
        "context": [
            {
                "text": "Privacy Policy",
                "type": "h2"
            },
            {
                "text": "Cookies",
                "type": "h3"
            }
        ],
        "passage": "From a technical perspective, the ad cookies might include mechanisms for tracking non-personal data such as browsing patterns, device information, and location data. This data is used to deliver ads that are more relevant to the user's interests, without compromising user privacy. By keeping ad cookies enabled, users help us continue providing high-quality services and content without any direct cost to them.",
        "annotations": [
            {
                "requirement": "Data Categories",
                "value": "browsing patterns",
                "performed": true
            },
            {
                "requirement": "Data Categories",
                "value": "device information",
                "performed": true
            },
            {
                "requirement": "Data Categories",
                "value": "location data",
                "performed": true
            },
            {
                "requirement": "Processing Purpose",
                "value": "deliver ads that are more relevant to the user's interests",
                "performed": true
            },
            {
                "requirement": "Legitimate Interests for Processing",
                "value": "providing high-quality services and content without any direct cost to them",
                "performed": true
            }
        ]
    },
    {
        "type": "headline",
        "context": [
            {
                "text": "Privacy Policy",
                "type": "h2"
            },
            {
                "text": "Cookies",
                "type": "h3"
            }
        ],
        "passage": "Changes to This Privacy Policy",
        "annotations": []
    },
    {
        "type": "text",
        "context": [
            {
                "text": "Privacy Policy",
                "type": "h2"
            },
            {
                "text": "Changes to This Privacy Policy",
                "type": "h3"
            }
        ],
        "passage": "We reserve the right to amend our Privacy Policy at our discretion. Any modifications to the policy will be promptly published on this webpage, ensuring that users are kept informed of the latest provisions. The effective date of the revised policy will be updated to reflect the date of implementation, thereby providing clear and transparent communication regarding the timing and nature of the changes. This ensures that users can readily identify and review the most current version of our Privacy Policy, maintaining an ongoing awareness of how their personal information is handled and protected.",
        "annotations": []
    },
    {
        "type": "headline",
        "context": [
            {
                "text": "Privacy Policy",
                "type": "h2"
            },
            {
                "text": "Changes to This Privacy Policy",
                "type": "h3"
            }
        ],
        "passage": "Contact Us",
        "annotations": []
    },
    {
        "type": "text",
        "context": [
            {
                "text": "Privacy Policy",
                "type": "h2"
            },
            {
                "text": "Contact Us",
                "type": "h3"
            }
        ],
        "passage": "If you have any questions or concerns about our Privacy Policy, please contact us at hello@skedsoft.com.",
        "annotations": [
            {
                "requirement": "Controller Contact",
                "value": "hello@skedsoft.com",
                "performed": true
            }
        ]
    }
]