[
    {
        "type": "headline",
        "context": [],
        "passage": "Privacy policy",
        "annotations": []
    },
    {
        "type": "text",
        "context": [
            {
                "text": "Privacy policy",
                "type": "h1"
            }
        ],
        "passage": "Last updated: January 05, 2021",
        "annotations": []
    },
    {
        "type": "text",
        "context": [
            {
                "text": "Privacy policy",
                "type": "h1"
            }
        ],
        "passage": "This Privacy Policy describes Our policies and procedures on the collection, use and disclosure of Your information when You use the Service and tells You about Your privacy rights and how the law protects You.",
        "annotations": []
    },
    {
        "type": "text",
        "context": [
            {
                "text": "Privacy policy",
                "type": "h1"
            }
        ],
        "passage": "We use Your Personal data to provide and improve the Service. By using the Service, You agree to the collection and use of information in accordance with this Privacy Policy. This Privacy Policy has been created with the help of the Privacy Policy Generator.",
        "annotations": [
            {
                "requirement": "Processing Purpose",
                "value": "provide and improve the Service",
                "performed": true
            }
        ]
    },
    {
        "type": "headline",
        "context": [
            {
                "text": "Privacy policy",
                "type": "h1"
            }
        ],
        "passage": "Interpretation and Definitions",
        "annotations": []
    },
    {
        "type": "headline",
        "context": [
            {
                "text": "Privacy policy",
                "type": "h1"
            },
            {
                "text": "Interpretation and Definitions",
                "type": "h2"
            }
        ],
        "passage": "Interpretation",
        "annotations": []
    },
    {
        "type": "text",
        "context": [
            {
                "text": "Privacy policy",
                "type": "h1"
            },
            {
                "text": "Interpretation and Definitions",
                "type": "h2"
            },
            {
                "text": "Interpretation",
                "type": "h3"
            }
        ],
        "passage": "The words of which the initial letter is capitalized have meanings defined under the following conditions. The following definitions shall have the same meaning regardless of whether they appear in singular or in plural.",
        "annotations": []
    },
    {
        "type": "headline",
        "context": [
            {
                "text": "Privacy policy",
                "type": "h1"
            },
            {
                "text": "Interpretation and Definitions",
                "type": "h2"
            },
            {
                "text": "Interpretation",
                "type": "h3"
            }
        ],
        "passage": "Definitions",
        "annotations": []
    },
    {
        "type": "text",
        "context": [
            {
                "text": "Privacy policy",
                "type": "h1"
            },
            {
                "text": "Interpretation and Definitions",
                "type": "h2"
            },
            {
                "text": "Definitions",
                "type": "h3"
            }
        ],
        "passage": "For the purposes of this Privacy Policy:",
        "annotations": []
    },
    {
        "type": "list_item",
        "context": [
            {
                "text": "Privacy policy",
                "type": "h1"
            },
            {
                "text": "Interpretation and Definitions",
                "type": "h2"
            },
            {
                "text": "Definitions",
                "type": "h3"
            },
            {
                "text": "For the purposes of this Privacy Policy:",
                "type": "list_intro"
            }
        ],
        "passage": "Account means a unique account created for You to access our Service or parts of our Service.",
        "annotations": []
    },
    {
        "type": "list_item",
        "context": [
            {
                "text": "Privacy policy",
                "type": "h1"
            },
            {
                "text": "Interpretation and Definitions",
                "type": "h2"
            },
            {
                "text": "Definitions",
                "type": "h3"
            },
            {
                "text": "For the purposes of this Privacy Policy:",
                "type": "list_intro"
            }
        ],
        "passage": "Company (referred to as either \"the Company\", \"We\", \"Us\" or \"Our\" in this Agreement) refers to Calalinta.",
        "annotations": [
            {
                "requirement": "Controller Name",
                "value": "Calalinta",
                "performed": true
            }
        ]
    },
    {
        "type": "list_item",
        "context": [
            {
                "text": "Privacy policy",
                "type": "h1"
            },
            {
                "text": "Interpretation and Definitions",
                "type": "h2"
            },
            {
                "text": "Definitions",
                "type": "h3"
            },
            {
                "text": "For the purposes of this Privacy Policy:",
                "type": "list_intro"
            }
        ],
        "passage": "Cookies are small files that are placed on Your computer, mobile device or any other device by a website, containing the details of Your browsing history on that website among its many uses.",
        "annotations": []
    },
    {
        "type": "list_item",
        "context": [
            {
                "text": "Privacy policy",
                "type": "h1"
            },
            {
                "text": "Interpretation and Definitions",
                "type": "h2"
            },
            {
                "text": "Definitions",
                "type": "h3"
            },
            {
                "text": "For the purposes of this Privacy Policy:",
                "type": "list_intro"
            }
        ],
        "passage": "Country refers to: Italy",
        "annotations": []
    },
    {
        "type": "list_item",
        "context": [
            {
                "text": "Privacy policy",
                "type": "h1"
            },
            {
                "text": "Interpretation and Definitions",
                "type": "h2"
            },
            {
                "text": "Definitions",
                "type": "h3"
            },
            {
                "text": "For the purposes of this Privacy Policy:",
                "type": "list_intro"
            }
        ],
        "passage": "Device means any device that can access the Service such as a computer, a cellphone or a digital tablet.",
        "annotations": []
    },
    {
        "type": "list_item",
        "context": [
            {
                "text": "Privacy policy",
                "type": "h1"
            },
            {
                "text": "Interpretation and Definitions",
                "type": "h2"
            },
            {
                "text": "Definitions",
                "type": "h3"
            },
            {
                "text": "For the purposes of this Privacy Policy:",
                "type": "list_intro"
            }
        ],
        "passage": "Personal Data is any information that relates to an identified or identifiable individual.",
        "annotations": []
    },
    {
        "type": "list_item",
        "context": [
            {
                "text": "Privacy policy",
                "type": "h1"
            },
            {
                "text": "Interpretation and Definitions",
                "type": "h2"
            },
            {
                "text": "Definitions",
                "type": "h3"
            },
            {
                "text": "For the purposes of this Privacy Policy:",
                "type": "list_intro"
            }
        ],
        "passage": "Service refers to the Website.",
        "annotations": []
    },
    {
        "type": "list_item",
        "context": [
            {
                "text": "Privacy policy",
                "type": "h1"
            },
            {
                "text": "Interpretation and Definitions",
                "type": "h2"
            },
            {
                "text": "Definitions",
                "type": "h3"
            },
            {
                "text": "For the purposes of this Privacy Policy:",
                "type": "list_intro"
            }
        ],
        "passage": "Service Provider means any natural or legal person who processes the data on behalf of the Company. It refers to third-party companies or individuals employed by the Company to facilitate the Service, to provide the Service on behalf of the Company, to perform services related to the Service or to assist the Company in analyzing how the Service is used.",
        "annotations": []
    },
    {
        "type": "list_item",
        "context": [
            {
                "text": "Privacy policy",
                "type": "h1"
            },
            {
                "text": "Interpretation and Definitions",
                "type": "h2"
            },
            {
                "text": "Definitions",
                "type": "h3"
            },
            {
                "text": "For the purposes of this Privacy Policy:",
                "type": "list_intro"
            }
        ],
        "passage": "Third-party Social Media Service refers to any website or any social network website through which a User can log in or create an account to use the Service.",
        "annotations": []
    },
    {
        "type": "list_item",
        "context": [
            {
                "text": "Privacy policy",
                "type": "h1"
            },
            {
                "text": "Interpretation and Definitions",
                "type": "h2"
            },
            {
                "text": "Definitions",
                "type": "h3"
            },
            {
                "text": "For the purposes of this Privacy Policy:",
                "type": "list_intro"
            }
        ],
        "passage": "Usage Data refers to data collected automatically, either generated by the use of the Service or from the Service infrastructure itself (for example, the duration of a page visit).",
        "annotations": [
            {
                "requirement": "Data Categories",
                "value": "Usage Data",
                "performed": true
            },
            {
                "requirement": "Data Categories",
                "value": "data collected automatically",
                "performed": true
            },
            {
                "requirement": "Data Categories",
                "value": "duration of a page visit",
                "performed": true
            }
        ]
    },
    {
        "type": "list_item",
        "context": [
            {
                "text": "Privacy policy",
                "type": "h1"
            },
            {
                "text": "Interpretation and Definitions",
                "type": "h2"
            },
            {
                "text": "Definitions",
                "type": "h3"
            },
            {
                "text": "For the purposes of this Privacy Policy:",
                "type": "list_intro"
            }
        ],
        "passage": "Website refers to Calalinta, accessible from www.calalintastudio.com",
        "annotations": [
            {
                "requirement": "Controller Name",
                "value": "Calalinta",
                "performed": true
            }
        ]
    },
    {
        "type": "list_item",
        "context": [
            {
                "text": "Privacy policy",
                "type": "h1"
            },
            {
                "text": "Interpretation and Definitions",
                "type": "h2"
            },
            {
                "text": "Definitions",
                "type": "h3"
            },
            {
                "text": "For the purposes of this Privacy Policy:",
                "type": "list_intro"
            }
        ],
        "passage": "You means the individual accessing or using the Service, or the company, or other legal entity on behalf of which such individual is accessing or using the Service, as applicable.",
        "annotations": []
    },
    {
        "type": "headline",
        "context": [
            {
                "text": "Privacy policy",
                "type": "h1"
            },
            {
                "text": "Interpretation and Definitions",
                "type": "h2"
            },
            {
                "text": "Definitions",
                "type": "h3"
            }
        ],
        "passage": "Collecting and Using Your Personal Data",
        "annotations": []
    },
    {
        "type": "headline",
        "context": [
            {
                "text": "Privacy policy",
                "type": "h1"
            },
            {
                "text": "Collecting and Using Your Personal Data",
                "type": "h2"
            }
        ],
        "passage": "Types of Data Collected",
        "annotations": []
    },
    {
        "type": "headline",
        "context": [
            {
                "text": "Privacy policy",
                "type": "h1"
            },
            {
                "text": "Collecting and Using Your Personal Data",
                "type": "h2"
            },
            {
                "text": "Types of Data Collected",
                "type": "h3"
            }
        ],
        "passage": "Personal Data",
        "annotations": [
            {
                "requirement": "Data Categories",
                "value": "Personal Data",
                "performed": true
            }
        ]
    },
    {
        "type": "text",
        "context": [
            {
                "text": "Privacy policy",
                "type": "h1"
            },
            {
                "text": "Collecting and Using Your Personal Data",
                "type": "h2"
            },
            {
                "text": "Types of Data Collected",
                "type": "h3"
            },
            {
                "text": "Personal Data",
                "type": "h4"
            }
        ],
        "passage": "While using Our Service, We may ask You to provide Us with certain personally identifiable information that can be used to contact or identify You. Personally identifiable information may include, but is not limited to:",
        "annotations": [
            {
                "requirement": "Data Categories",
                "value": "personally identifiable information",
                "performed": true
            },
            {
                "requirement": "Data Categories",
                "value": "certain personally identifiable information that can be used to contact or identify You",
                "performed": true
            }
        ]
    },
    {
        "type": "list_item",
        "context": [
            {
                "text": "Privacy policy",
                "type": "h1"
            },
            {
                "text": "Collecting and Using Your Personal Data",
                "type": "h2"
            },
            {
                "text": "Types of Data Collected",
                "type": "h3"
            },
            {
                "text": "Personal Data",
                "type": "h4"
            },
            {
                "text": "While using Our Service, We may ask You to provide Us with certain personally identifiable information that can be used to contact or identify You. Personally identifiable information may include, but is not limited to:",
                "type": "list_intro"
            }
        ],
        "passage": "Email address",
        "annotations": [
            {
                "requirement": "Data Categories",
                "value": "Email address",
                "performed": true
            }
        ]
    },
    {
        "type": "list_item",
        "context": [
            {
                "text": "Privacy policy",
                "type": "h1"
            },
            {
                "text": "Collecting and Using Your Personal Data",
                "type": "h2"
            },
            {
                "text": "Types of Data Collected",
                "type": "h3"
            },
            {
                "text": "Personal Data",
                "type": "h4"
            },
            {
                "text": "While using Our Service, We may ask You to provide Us with certain personally identifiable information that can be used to contact or identify You. Personally identifiable information may include, but is not limited to:",
                "type": "list_intro"
            }
        ],
        "passage": "Usage Data",
        "annotations": [
            {
                "requirement": "Data Categories",
                "value": "Usage Data",
                "performed": true
            }
        ]
    },
    {
        "type": "headline",
        "context": [
            {
                "text": "Privacy policy",
                "type": "h1"
            },
            {
                "text": "Collecting and Using Your Personal Data",
                "type": "h2"
            },
            {
                "text": "Types of Data Collected",
                "type": "h3"
            },
            {
                "text": "Personal Data",
                "type": "h4"
            }
        ],
        "passage": "Usage Data",
        "annotations": [
            {
                "requirement": "Data Categories",
                "value": "Usage Data",
                "performed": true
            }
        ]
    },
    {
        "type": "text",
        "context": [
            {
                "text": "Privacy policy",
                "type": "h1"
            },
            {
                "text": "Collecting and Using Your Personal Data",
                "type": "h2"
            },
            {
                "text": "Types of Data Collected",
                "type": "h3"
            },
            {
                "text": "Usage Data",
                "type": "h4"
            }
        ],
        "passage": "Usage Data is collected automatically when using the Service.",
        "annotations": [
            {
                "requirement": "Data Categories",
                "value": "Usage Data",
                "performed": true
            }
        ]
    },
    {
        "type": "text",
        "context": [
            {
                "text": "Privacy policy",
                "type": "h1"
            },
            {
                "text": "Collecting and Using Your Personal Data",
                "type": "h2"
            },
            {
                "text": "Types of Data Collected",
                "type": "h3"
            },
            {
                "text": "Usage Data",
                "type": "h4"
            }
        ],
        "passage": "Usage Data may include information such as Your Device's Internet Protocol address (e.g. IP address), browser type, browser version, the pages of our Service that You visit, the time and date of Your visit, the time spent on those pages, unique device identifiers and other diagnostic data.",
        "annotations": [
            {
                "requirement": "Data Categories",
                "value": "Your Device's Internet Protocol address (e.g. IP address)",
                "performed": true
            },
            {
                "requirement": "Data Categories",
                "value": "browser type",
                "performed": true
            },
            {
                "requirement": "Data Categories",
                "value": "browser version",
                "performed": true
            },
            {
                "requirement": "Data Categories",
                "value": "the pages of our Service that You visit",
                "performed": true
            },
            {
                "requirement": "Data Categories",
                "value": "the time and date of Your visit",
                "performed": true
            },
            {
                "requirement": "Data Categories",
                "value": "the time spent on those pages",
                "performed": true
            },
            {
                "requirement": "Data Categories",
                "value": "unique device identifiers",
                "performed": true
            },
            {
                "requirement": "Data Categories",
                "value": "other diagnostic data",
                "performed": true
            }
        ]
    },
    {
        "type": "text",
        "context": [
            {
                "text": "Privacy policy",
                "type": "h1"
            },
            {
                "text": "Collecting and Using Your Personal Data",
                "type": "h2"
            },
            {
                "text": "Types of Data Collected",
                "type": "h3"
            },
            {
                "text": "Usage Data",
                "type": "h4"
            }
        ],
        "passage": "When You access the Service by or through a mobile device, We may collect certain information automatically, including, but not limited to, the type of mobile device You use, Your mobile device unique ID, the IP address of Your mobile device, Your mobile operating system, the type of mobile Internet browser You use, unique device identifiers and other diagnostic data.",
        "annotations": [
            {
                "requirement": "Data Categories",
                "value": "the type of mobile device You use",
                "performed": true
            },
            {
                "requirement": "Data Categories",
                "value": "Your mobile device unique ID",
                "performed": true
            },
            {
                "requirement": "Data Categories",
                "value": "the IP address of Your mobile device",
                "performed": true
            },
            {
                "requirement": "Data Categories",
                "value": "Your mobile operating system",
                "performed": true
            },
            {
                "requirement": "Data Categories",
                "value": "the type of mobile Internet browser You use",
                "performed": true
            },
            {
                "requirement": "Data Categories",
                "value": "unique device identifiers",
                "performed": true
            },
            {
                "requirement": "Data Categories",
                "value": "other diagnostic data",
                "performed": true
            }
        ]
    },
    {
        "type": "text",
        "context": [
            {
                "text": "Privacy policy",
                "type": "h1"
            },
            {
                "text": "Collecting and Using Your Personal Data",
                "type": "h2"
            },
            {
                "text": "Types of Data Collected",
                "type": "h3"
            },
            {
                "text": "Usage Data",
                "type": "h4"
            }
        ],
        "passage": "We may also collect information that Your browser sends whenever You visit our Service or when You access the Service by or through a mobile device.",
        "annotations": [
            {
                "requirement": "Data Categories",
                "value": "information that Your browser sends",
                "performed": true
            }
        ]
    },
    {
        "type": "headline",
        "context": [
            {
                "text": "Privacy policy",
                "type": "h1"
            },
            {
                "text": "Collecting and Using Your Personal Data",
                "type": "h2"
            },
            {
                "text": "Types of Data Collected",
                "type": "h3"
            },
            {
                "text": "Usage Data",
                "type": "h4"
            }
        ],
        "passage": "Tracking Technologies and Cookies",
        "annotations": []
    },
    {
        "type": "text",
        "context": [
            {
                "text": "Privacy policy",
                "type": "h1"
            },
            {
                "text": "Collecting and Using Your Personal Data",
                "type": "h2"
            },
            {
                "text": "Tracking Technologies and Cookies",
                "type": "h3"
            }
        ],
        "passage": "We use Cookies and similar tracking technologies to track the activity on Our Service and store certain information. Tracking technologies used are beacons, tags, and scripts to collect and track information and to improve and analyze Our Service. The technologies We use may include:",
        "annotations": [
            {
                "requirement": "Data Categories",
                "value": "Cookies",
                "performed": true
            },
            {
                "requirement": "Data Categories",
                "value": "similar tracking technologies",
                "performed": true
            },
            {
                "requirement": "Data Categories",
                "value": "activity on Our Service",
                "performed": true
            },
            {
                "requirement": "Data Categories",
                "value": "beacons",
                "performed": true
            },
            {
                "requirement": "Data Categories",
                "value": "tags",
                "performed": true
            },
            {
                "requirement": "Data Categories",
                "value": "scripts",
                "performed": true
            },
            {
                "requirement": "Processing Purpose",
                "value": "track PLACEHOLDER the activity on Our Service",
                "performed": true
            },
            {
                "requirement": "Processing Purpose",
                "value": "store certain information",
                "performed": true
            },
            {
                "requirement": "Processing Purpose",
                "value": "improve PLACEHOLDER Our Service",
                "performed": true
            },
            {
                "requirement": "Processing Purpose",
                "value": "analyze Our Service",
                "performed": true
            }
        ]
    },
    {
        "type": "list_item",
        "context": [
            {
                "text": "Privacy policy",
                "type": "h1"
            },
            {
                "text": "Collecting and Using Your Personal Data",
                "type": "h2"
            },
            {
                "text": "Tracking Technologies and Cookies",
                "type": "h3"
            },
            {
                "text": "We use Cookies and similar tracking technologies to track the activity on Our Service and store certain information. Tracking technologies used are beacons, tags, and scripts to collect and track information and to improve and analyze Our Service. The technologies We use may include:",
                "type": "list_intro"
            }
        ],
        "passage": "Cookies or Browser Cookies. A cookie is a small file placed on Your Device. You can instruct Your browser to refuse all Cookies or to indicate when a Cookie is being sent. However, if You do not accept Cookies, You may not be able to use some parts of our Service. Unless you have adjusted Your browser setting so that it will refuse Cookies, our Service may use Cookies.",
        "annotations": [
            {
                "requirement": "Mandatory Data Disclosure",
                "value": "You can instruct Your browser to refuse all Cookies or to indicate when a Cookie is being sent",
                "performed": true
            },
            {
                "requirement": "Mandatory Data Disclosure",
                "value": "if You do not accept Cookies, You may not be able to use some parts of our Service",
                "performed": true
            }
        ]
    },
    {
        "type": "list_item",
        "context": [
            {
                "text": "Privacy policy",
                "type": "h1"
            },
            {
                "text": "Collecting and Using Your Personal Data",
                "type": "h2"
            },
            {
                "text": "Tracking Technologies and Cookies",
                "type": "h3"
            },
            {
                "text": "We use Cookies and similar tracking technologies to track the activity on Our Service and store certain information. Tracking technologies used are beacons, tags, and scripts to collect and track information and to improve and analyze Our Service. The technologies We use may include:",
                "type": "list_intro"
            }
        ],
        "passage": "Flash Cookies. Certain features of our Service may use local stored objects (or Flash Cookies) to collect and store information about Your preferences or Your activity on our Service. Flash Cookies are not managed by the same browser settings as those used for Browser Cookies. For more information on how You can delete Flash Cookies, please read \"Where can I change the settings for disabling, or deleting local shared objects?\" available at https://helpx.adobe.com/flash-player/kb/disable-local-shared-objects-flash.html#main_Where_can_I_change_the_settings_for_disabling__or_deleting_local_shared_objects_",
        "annotations": [
            {
                "requirement": "Data Categories",
                "value": "Your preferences",
                "performed": true
            },
            {
                "requirement": "Data Categories",
                "value": "Your activity on our Service",
                "performed": true
            }
        ]
    },
    {
        "type": "list_item",
        "context": [
            {
                "text": "Privacy policy",
                "type": "h1"
            },
            {
                "text": "Collecting and Using Your Personal Data",
                "type": "h2"
            },
            {
                "text": "Tracking Technologies and Cookies",
                "type": "h3"
            },
            {
                "text": "We use Cookies and similar tracking technologies to track the activity on Our Service and store certain information. Tracking technologies used are beacons, tags, and scripts to collect and track information and to improve and analyze Our Service. The technologies We use may include:",
                "type": "list_intro"
            }
        ],
        "passage": "Web Beacons. Certain sections of our Service and our emails may contain small electronic files known as web beacons (also referred to as clear gifs, pixel tags, and single-pixel gifs) that permit the Company, for example, to count users who have visited those pages or opened an email and for other related website statistics (for example, recording the popularity of a certain section and verifying system and server integrity).",
        "annotations": [
            {
                "requirement": "Processing Purpose",
                "value": "count users who have visited those pages",
                "performed": true
            },
            {
                "requirement": "Processing Purpose",
                "value": "opened an email",
                "performed": true
            },
            {
                "requirement": "Processing Purpose",
                "value": "recording the popularity of a certain section",
                "performed": true
            },
            {
                "requirement": "Processing Purpose",
                "value": "verifying system and server integrity",
                "performed": true
            }
        ]
    },
    {
        "type": "text",
        "context": [
            {
                "text": "Privacy policy",
                "type": "h1"
            },
            {
                "text": "Collecting and Using Your Personal Data",
                "type": "h2"
            },
            {
                "text": "Tracking Technologies and Cookies",
                "type": "h3"
            }
        ],
        "passage": "Cookies can be \"Persistent\" or \"Session\" Cookies. Persistent Cookies remain on Your personal computer or mobile device when You go offline, while Session Cookies are deleted as soon as You close Your web browser. You can learn more about cookies here: All About Cookies by TermsFeed.",
        "annotations": []
    },
    {
        "type": "text",
        "context": [
            {
                "text": "Privacy policy",
                "type": "h1"
            },
            {
                "text": "Collecting and Using Your Personal Data",
                "type": "h2"
            },
            {
                "text": "Tracking Technologies and Cookies",
                "type": "h3"
            }
        ],
        "passage": "We use both Session and Persistent Cookies for the purposes set out below:",
        "annotations": [
            {
                "requirement": "Processing Purpose",
                "value": "the purposes set out below",
                "performed": true
            }
        ]
    },
    {
        "type": "text",
        "context": [
            {
                "text": "Privacy policy",
                "type": "h1"
            },
            {
                "text": "Collecting and Using Your Personal Data",
                "type": "h2"
            },
            {
                "text": "Tracking Technologies and Cookies",
                "type": "h3"
            },
            {
                "text": "We use both Session and Persistent Cookies for the purposes set out below:",
                "type": "list_intro"
            }
        ],
        "passage": "Necessary / Essential Cookies",
        "annotations": []
    },
    {
        "type": "text",
        "context": [
            {
                "text": "Privacy policy",
                "type": "h1"
            },
            {
                "text": "Collecting and Using Your Personal Data",
                "type": "h2"
            },
            {
                "text": "Tracking Technologies and Cookies",
                "type": "h3"
            },
            {
                "text": "We use both Session and Persistent Cookies for the purposes set out below:",
                "type": "list_intro"
            }
        ],
        "passage": "Type: Session Cookies",
        "annotations": [
            {
                "requirement": "Data Categories",
                "value": "Session Cookies",
                "performed": true
            }
        ]
    },
    {
        "type": "text",
        "context": [
            {
                "text": "Privacy policy",
                "type": "h1"
            },
            {
                "text": "Collecting and Using Your Personal Data",
                "type": "h2"
            },
            {
                "text": "Tracking Technologies and Cookies",
                "type": "h3"
            },
            {
                "text": "We use both Session and Persistent Cookies for the purposes set out below:",
                "type": "list_intro"
            }
        ],
        "passage": "Administered by: Us",
        "annotations": [
            {
                "requirement": "Controller Name",
                "value": "Us",
                "performed": true
            }
        ]
    },
    {
        "type": "text",
        "context": [
            {
                "text": "Privacy policy",
                "type": "h1"
            },
            {
                "text": "Collecting and Using Your Personal Data",
                "type": "h2"
            },
            {
                "text": "Tracking Technologies and Cookies",
                "type": "h3"
            },
            {
                "text": "We use both Session and Persistent Cookies for the purposes set out below:",
                "type": "list_intro"
            }
        ],
        "passage": "Purpose: These Cookies are essential to provide You with services available through the Website and to enable You to use some of its features. They help to authenticate users and prevent fraudulent use of user accounts. Without these Cookies, the services that You have asked for cannot be provided, and We only use these Cookies to provide You with those services.",
        "annotations": [
            {
                "requirement": "Processing Purpose",
                "value": "to provide You with services available through the Website",
                "performed": true
            },
            {
                "requirement": "Processing Purpose",
                "value": "to enable You to use some of its features",
                "performed": true
            },
            {
                "requirement": "Processing Purpose",
                "value": "to authenticate users",
                "performed": true
            },
            {
                "requirement": "Processing Purpose",
                "value": "prevent fraudulent use of user accounts",
                "performed": true
            },
            {
                "requirement": "Mandatory Data Disclosure",
                "value": "Without these Cookies, the services that You have asked for cannot be provided",
                "performed": true
            }
        ]
    },
    {
        "type": "text",
        "context": [
            {
                "text": "Privacy policy",
                "type": "h1"
            },
            {
                "text": "Collecting and Using Your Personal Data",
                "type": "h2"
            },
            {
                "text": "Tracking Technologies and Cookies",
                "type": "h3"
            },
            {
                "text": "We use both Session and Persistent Cookies for the purposes set out below:",
                "type": "list_intro"
            }
        ],
        "passage": "Cookies Policy / Notice Acceptance Cookies",
        "annotations": []
    },
    {
        "type": "text",
        "context": [
            {
                "text": "Privacy policy",
                "type": "h1"
            },
            {
                "text": "Collecting and Using Your Personal Data",
                "type": "h2"
            },
            {
                "text": "Tracking Technologies and Cookies",
                "type": "h3"
            },
            {
                "text": "We use both Session and Persistent Cookies for the purposes set out below:",
                "type": "list_intro"
            }
        ],
        "passage": "Type: Persistent Cookies",
        "annotations": [
            {
                "requirement": "Data Categories",
                "value": "Persistent Cookies",
                "performed": true
            }
        ]
    },
    {
        "type": "text",
        "context": [
            {
                "text": "Privacy policy",
                "type": "h1"
            },
            {
                "text": "Collecting and Using Your Personal Data",
                "type": "h2"
            },
            {
                "text": "Tracking Technologies and Cookies",
                "type": "h3"
            },
            {
                "text": "We use both Session and Persistent Cookies for the purposes set out below:",
                "type": "list_intro"
            }
        ],
        "passage": "Administered by: Us",
        "annotations": [
            {
                "requirement": "Controller Name",
                "value": "Us",
                "performed": true
            }
        ]
    },
    {
        "type": "text",
        "context": [
            {
                "text": "Privacy policy",
                "type": "h1"
            },
            {
                "text": "Collecting and Using Your Personal Data",
                "type": "h2"
            },
            {
                "text": "Tracking Technologies and Cookies",
                "type": "h3"
            },
            {
                "text": "We use both Session and Persistent Cookies for the purposes set out below:",
                "type": "list_intro"
            }
        ],
        "passage": "Purpose: These Cookies identify if users have accepted the use of cookies on the Website.",
        "annotations": [
            {
                "requirement": "Processing Purpose",
                "value": "identify if users have accepted the use of cookies",
                "performed": true
            }
        ]
    },
    {
        "type": "text",
        "context": [
            {
                "text": "Privacy policy",
                "type": "h1"
            },
            {
                "text": "Collecting and Using Your Personal Data",
                "type": "h2"
            },
            {
                "text": "Tracking Technologies and Cookies",
                "type": "h3"
            },
            {
                "text": "We use both Session and Persistent Cookies for the purposes set out below:",
                "type": "list_intro"
            }
        ],
        "passage": "Functionality Cookies",
        "annotations": []
    },
    {
        "type": "text",
        "context": [
            {
                "text": "Privacy policy",
                "type": "h1"
            },
            {
                "text": "Collecting and Using Your Personal Data",
                "type": "h2"
            },
            {
                "text": "Tracking Technologies and Cookies",
                "type": "h3"
            },
            {
                "text": "We use both Session and Persistent Cookies for the purposes set out below:",
                "type": "list_intro"
            }
        ],
        "passage": "Type: Persistent Cookies",
        "annotations": [
            {
                "requirement": "Data Categories",
                "value": "Persistent Cookies",
                "performed": true
            }
        ]
    },
    {
        "type": "text",
        "context": [
            {
                "text": "Privacy policy",
                "type": "h1"
            },
            {
                "text": "Collecting and Using Your Personal Data",
                "type": "h2"
            },
            {
                "text": "Tracking Technologies and Cookies",
                "type": "h3"
            },
            {
                "text": "We use both Session and Persistent Cookies for the purposes set out below:",
                "type": "list_intro"
            }
        ],
        "passage": "Administered by: Us",
        "annotations": [
            {
                "requirement": "Controller Name",
                "value": "Us",
                "performed": true
            }
        ]
    },
    {
        "type": "text",
        "context": [
            {
                "text": "Privacy policy",
                "type": "h1"
            },
            {
                "text": "Collecting and Using Your Personal Data",
                "type": "h2"
            },
            {
                "text": "Tracking Technologies and Cookies",
                "type": "h3"
            },
            {
                "text": "We use both Session and Persistent Cookies for the purposes set out below:",
                "type": "list_intro"
            }
        ],
        "passage": "Purpose: These Cookies allow us to remember choices You make when You use the Website, such as remembering your login details or language preference. The purpose of these Cookies is to provide You with a more personal experience and to avoid You having to re-enter your preferences every time You use the Website.",
        "annotations": [
            {
                "requirement": "Processing Purpose",
                "value": "to remember choices You make when You use the Website",
                "performed": true
            },
            {
                "requirement": "Processing Purpose",
                "value": "to provide You with a more personal experience",
                "performed": true
            },
            {
                "requirement": "Processing Purpose",
                "value": "to avoid You having to re-enter your preferences every time You use the Website",
                "performed": true
            }
        ]
    },
    {
        "type": "text",
        "context": [
            {
                "text": "Privacy policy",
                "type": "h1"
            },
            {
                "text": "Collecting and Using Your Personal Data",
                "type": "h2"
            },
            {
                "text": "Tracking Technologies and Cookies",
                "type": "h3"
            }
        ],
        "passage": "For more information about the cookies we use and your choices regarding cookies, please visit our Cookies Policy or the Cookies section of our Privacy Policy.",
        "annotations": []
    },
    {
        "type": "headline",
        "context": [
            {
                "text": "Privacy policy",
                "type": "h1"
            },
            {
                "text": "Collecting and Using Your Personal Data",
                "type": "h2"
            },
            {
                "text": "Tracking Technologies and Cookies",
                "type": "h3"
            }
        ],
        "passage": "Use of Your Personal Data",
        "annotations": []
    },
    {
        "type": "text",
        "context": [
            {
                "text": "Privacy policy",
                "type": "h1"
            },
            {
                "text": "Collecting and Using Your Personal Data",
                "type": "h2"
            },
            {
                "text": "Use of Your Personal Data",
                "type": "h3"
            }
        ],
        "passage": "The Company may use Personal Data for the following purposes:",
        "annotations": [
            {
                "requirement": "Processing Purpose",
                "value": "use Personal Data",
                "performed": true
            }
        ]
    },
    {
        "type": "list_item",
        "context": [
            {
                "text": "Privacy policy",
                "type": "h1"
            },
            {
                "text": "Collecting and Using Your Personal Data",
                "type": "h2"
            },
            {
                "text": "Use of Your Personal Data",
                "type": "h3"
            },
            {
                "text": "The Company may use Personal Data for the following purposes:",
                "type": "list_intro"
            }
        ],
        "passage": "To provide and maintain our Service, including to monitor the usage of our Service.",
        "annotations": [
            {
                "requirement": "Processing Purpose",
                "value": "provide and maintain our Service",
                "performed": true
            },
            {
                "requirement": "Processing Purpose",
                "value": "monitor the usage of our Service",
                "performed": true
            }
        ]
    },
    {
        "type": "list_item",
        "context": [
            {
                "text": "Privacy policy",
                "type": "h1"
            },
            {
                "text": "Collecting and Using Your Personal Data",
                "type": "h2"
            },
            {
                "text": "Use of Your Personal Data",
                "type": "h3"
            },
            {
                "text": "The Company may use Personal Data for the following purposes:",
                "type": "list_intro"
            }
        ],
        "passage": "To manage Your Account: to manage Your registration as a user of the Service. The Personal Data You provide can give You access to different functionalities of the Service that are available to You as a registered user.",
        "annotations": [
            {
                "requirement": "Processing Purpose",
                "value": "manage Your registration as a user of the Service",
                "performed": true
            }
        ]
    },
    {
        "type": "list_item",
        "context": [
            {
                "text": "Privacy policy",
                "type": "h1"
            },
            {
                "text": "Collecting and Using Your Personal Data",
                "type": "h2"
            },
            {
                "text": "Use of Your Personal Data",
                "type": "h3"
            },
            {
                "text": "The Company may use Personal Data for the following purposes:",
                "type": "list_intro"
            }
        ],
        "passage": "For the performance of a contract: the development, compliance and undertaking of the purchase contract for the products, items or services You have purchased or of any other contract with Us through the Service.",
        "annotations": [
            {
                "requirement": "Processing Purpose",
                "value": "the development, compliance and undertaking of the purchase contract for the products, items or services You have purchased or of any other contract with Us through the Service",
                "performed": true
            },
            {
                "requirement": "Legal Basis for Processing",
                "value": "performance of a contract",
                "performed": true
            }
        ]
    },
    {
        "type": "list_item",
        "context": [
            {
                "text": "Privacy policy",
                "type": "h1"
            },
            {
                "text": "Collecting and Using Your Personal Data",
                "type": "h2"
            },
            {
                "text": "Use of Your Personal Data",
                "type": "h3"
            },
            {
                "text": "The Company may use Personal Data for the following purposes:",
                "type": "list_intro"
            }
        ],
        "passage": "To contact You: To contact You by email, telephone calls, SMS, or other equivalent forms of electronic communication, such as a mobile application's push notifications regarding updates or informative communications related to the functionalities, products or contracted services, including the security updates, when necessary or reasonable for their implementation.",
        "annotations": [
            {
                "requirement": "Processing Purpose",
                "value": "contact You by email, telephone calls, SMS, or other equivalent forms of electronic communication, such as a mobile application's push notifications",
                "performed": true
            },
            {
                "requirement": "Processing Purpose",
                "value": "regarding updates or informative communications related to the functionalities, products or contracted services, including the security updates, when necessary or reasonable for their implementation",
                "performed": true
            }
        ]
    },
    {
        "type": "list_item",
        "context": [
            {
                "text": "Privacy policy",
                "type": "h1"
            },
            {
                "text": "Collecting and Using Your Personal Data",
                "type": "h2"
            },
            {
                "text": "Use of Your Personal Data",
                "type": "h3"
            },
            {
                "text": "The Company may use Personal Data for the following purposes:",
                "type": "list_intro"
            }
        ],
        "passage": "To provide You with news, special offers and general information about other goods, services and events which we offer that are similar to those that you have already purchased or enquired about unless You have opted not to receive such information.",
        "annotations": [
            {
                "requirement": "Processing Purpose",
                "value": "provide You with news, special offers and general information about other goods, services and events which we offer that are similar to those that you have already purchased or enquired about",
                "performed": true
            }
        ]
    },
    {
        "type": "list_item",
        "context": [
            {
                "text": "Privacy policy",
                "type": "h1"
            },
            {
                "text": "Collecting and Using Your Personal Data",
                "type": "h2"
            },
            {
                "text": "Use of Your Personal Data",
                "type": "h3"
            },
            {
                "text": "The Company may use Personal Data for the following purposes:",
                "type": "list_intro"
            }
        ],
        "passage": "To manage Your requests: To attend and manage Your requests to Us.",
        "annotations": [
            {
                "requirement": "Processing Purpose",
                "value": "manage Your requests",
                "performed": true
            }
        ]
    },
    {
        "type": "list_item",
        "context": [
            {
                "text": "Privacy policy",
                "type": "h1"
            },
            {
                "text": "Collecting and Using Your Personal Data",
                "type": "h2"
            },
            {
                "text": "Use of Your Personal Data",
                "type": "h3"
            },
            {
                "text": "The Company may use Personal Data for the following purposes:",
                "type": "list_intro"
            }
        ],
        "passage": "For business transfers: We may use Your information to evaluate or conduct a merger, divestiture, restructuring, reorganization, dissolution, or other sale or transfer of some or all of Our assets, whether as a going concern or as part of bankruptcy, liquidation, or similar proceeding, in which Personal Data held by Us about our Service users is among the assets transferred.",
        "annotations": [
            {
                "requirement": "Processing Purpose",
                "value": "evaluate or conduct a merger, divestiture, restructuring, reorganization, dissolution, or other sale or transfer of some or all of Our assets",
                "performed": true
            },
            {
                "requirement": "Processing Purpose",
                "value": "Personal Data held by Us about our Service users is among the assets transferred",
                "performed": true
            }
        ]
    },
    {
        "type": "list_item",
        "context": [
            {
                "text": "Privacy policy",
                "type": "h1"
            },
            {
                "text": "Collecting and Using Your Personal Data",
                "type": "h2"
            },
            {
                "text": "Use of Your Personal Data",
                "type": "h3"
            },
            {
                "text": "The Company may use Personal Data for the following purposes:",
                "type": "list_intro"
            }
        ],
        "passage": "For other purposes: We may use Your information for other purposes, such as data analysis, identifying usage trends, determining the effectiveness of our promotional campaigns and to evaluate and improve our Service, products, services, marketing and your experience.",
        "annotations": [
            {
                "requirement": "Processing Purpose",
                "value": "data analysis",
                "performed": true
            },
            {
                "requirement": "Processing Purpose",
                "value": "identifying usage trends",
                "performed": true
            },
            {
                "requirement": "Processing Purpose",
                "value": "determining the effectiveness of our promotional campaigns",
                "performed": true
            },
            {
                "requirement": "Processing Purpose",
                "value": "evaluate and improve our Service",
                "performed": true
            },
            {
                "requirement": "Processing Purpose",
                "value": "evaluate and improve PLACEHOLDER your experience",
                "performed": true
            }
        ]
    },
    {
        "type": "text",
        "context": [
            {
                "text": "Privacy policy",
                "type": "h1"
            },
            {
                "text": "Collecting and Using Your Personal Data",
                "type": "h2"
            },
            {
                "text": "Use of Your Personal Data",
                "type": "h3"
            }
        ],
        "passage": "We may share Your personal information in the following situations:",
        "annotations": []
    },
    {
        "type": "list_item",
        "context": [
            {
                "text": "Privacy policy",
                "type": "h1"
            },
            {
                "text": "Collecting and Using Your Personal Data",
                "type": "h2"
            },
            {
                "text": "Use of Your Personal Data",
                "type": "h3"
            },
            {
                "text": "We may share Your personal information in the following situations:",
                "type": "list_intro"
            }
        ],
        "passage": "With Service Providers: We may share Your personal information with Service Providers to monitor and analyze the use of our Service, to contact You.",
        "annotations": [
            {
                "requirement": "Data Recipients",
                "value": "Service Providers",
                "performed": true
            },
            {
                "requirement": "Processing Purpose",
                "value": "monitor and analyze the use of our Service",
                "performed": true
            },
            {
                "requirement": "Processing Purpose",
                "value": "contact You",
                "performed": true
            }
        ]
    },
    {
        "type": "list_item",
        "context": [
            {
                "text": "Privacy policy",
                "type": "h1"
            },
            {
                "text": "Collecting and Using Your Personal Data",
                "type": "h2"
            },
            {
                "text": "Use of Your Personal Data",
                "type": "h3"
            },
            {
                "text": "We may share Your personal information in the following situations:",
                "type": "list_intro"
            }
        ],
        "passage": "For business transfers: We may share or transfer Your personal information in connection with, or during negotiations of, any merger, sale of Company assets, financing, or acquisition of all or a portion of Our business to another company.",
        "annotations": [
            {
                "requirement": "Processing Purpose",
                "value": "share or transfer Your personal information in connection with, or during negotiations of, any merger, sale of Company assets, financing, or acquisition of all or a portion of Our business to another company",
                "performed": true
            },
            {
                "requirement": "Data Recipients",
                "value": "another company",
                "performed": true
            }
        ]
    },
    {
        "type": "list_item",
        "context": [
            {
                "text": "Privacy policy",
                "type": "h1"
            },
            {
                "text": "Collecting and Using Your Personal Data",
                "type": "h2"
            },
            {
                "text": "Use of Your Personal Data",
                "type": "h3"
            },
            {
                "text": "We may share Your personal information in the following situations:",
                "type": "list_intro"
            }
        ],
        "passage": "With Affiliates: We may share Your information with Our affiliates, in which case we will require those affiliates to honor this Privacy Policy. Affiliates include Our parent company and any other subsidiaries, joint venture partners or other companies that We control or that are under common control with Us.",
        "annotations": [
            {
                "requirement": "Data Recipients",
                "value": "Our affiliates",
                "performed": true
            },
            {
                "requirement": "Data Recipients",
                "value": "Our parent company",
                "performed": true
            },
            {
                "requirement": "Data Recipients",
                "value": "any other subsidiaries",
                "performed": true
            },
            {
                "requirement": "Data Recipients",
                "value": "joint venture partners",
                "performed": true
            },
            {
                "requirement": "Data Recipients",
                "value": "other companies PLACEHOLDER that We control or that are under common control with Us",
                "performed": true
            }
        ]
    },
    {
        "type": "list_item",
        "context": [
            {
                "text": "Privacy policy",
                "type": "h1"
            },
            {
                "text": "Collecting and Using Your Personal Data",
                "type": "h2"
            },
            {
                "text": "Use of Your Personal Data",
                "type": "h3"
            },
            {
                "text": "We may share Your personal information in the following situations:",
                "type": "list_intro"
            }
        ],
        "passage": "With business partners: We may share Your information with Our business partners to offer You certain products, services or promotions.",
        "annotations": [
            {
                "requirement": "Data Recipients",
                "value": "Our business partners",
                "performed": true
            },
            {
                "requirement": "Processing Purpose",
                "value": "offer You certain products, services or promotions",
                "performed": true
            }
        ]
    },
    {
        "type": "list_item",
        "context": [
            {
                "text": "Privacy policy",
                "type": "h1"
            },
            {
                "text": "Collecting and Using Your Personal Data",
                "type": "h2"
            },
            {
                "text": "Use of Your Personal Data",
                "type": "h3"
            },
            {
                "text": "We may share Your personal information in the following situations:",
                "type": "list_intro"
            }
        ],
        "passage": "With other users: when You share personal information or otherwise interact in the public areas with other users, such information may be viewed by all users and may be publicly distributed outside. If You interact with other users or register through a Third-Party Social Media Service, Your contacts on the Third-Party Social Media Service may see Your name, profile, pictures and description of Your activity. Similarly, other users will be able to view descriptions of Your activity, communicate with You and view Your profile.",
        "annotations": [
            {
                "requirement": "Data Categories",
                "value": "Your name",
                "performed": true
            },
            {
                "requirement": "Data Categories",
                "value": "profile",
                "performed": true
            },
            {
                "requirement": "Data Categories",
                "value": "pictures",
                "performed": true
            },
            {
                "requirement": "Data Categories",
                "value": "description of Your activity",
                "performed": true
            },
            {
                "requirement": "Data Recipients",
                "value": "Your contacts on the Third-Party Social Media Service",
                "performed": true
            },
            {
                "requirement": "Data Recipients",
                "value": "other users",
                "performed": true
            }
        ]
    },
    {
        "type": "list_item",
        "context": [
            {
                "text": "Privacy policy",
                "type": "h1"
            },
            {
                "text": "Collecting and Using Your Personal Data",
                "type": "h2"
            },
            {
                "text": "Use of Your Personal Data",
                "type": "h3"
            },
            {
                "text": "We may share Your personal information in the following situations:",
                "type": "list_intro"
            }
        ],
        "passage": "With Your consent: We may disclose Your personal information for any other purpose with Your consent.",
        "annotations": [
            {
                "requirement": "Processing Purpose",
                "value": "any other purpose",
                "performed": true
            },
            {
                "requirement": "Legal Basis for Processing",
                "value": "Your consent",
                "performed": true
            }
        ]
    },
    {
        "type": "headline",
        "context": [
            {
                "text": "Privacy policy",
                "type": "h1"
            },
            {
                "text": "Collecting and Using Your Personal Data",
                "type": "h2"
            },
            {
                "text": "Use of Your Personal Data",
                "type": "h3"
            }
        ],
        "passage": "Retention of Your Personal Data",
        "annotations": []
    },
    {
        "type": "text",
        "context": [
            {
                "text": "Privacy policy",
                "type": "h1"
            },
            {
                "text": "Collecting and Using Your Personal Data",
                "type": "h2"
            },
            {
                "text": "Retention of Your Personal Data",
                "type": "h3"
            }
        ],
        "passage": "The Company will retain Your Personal Data only for as long as is necessary for the purposes set out in this Privacy Policy. We will retain and use Your Personal Data to the extent necessary to comply with our legal obligations (for example, if we are required to retain your data to comply with applicable laws), resolve disputes, and enforce our legal agreements and policies.",
        "annotations": [
            {
                "requirement": "Data Retention Period",
                "value": "retain Your Personal Data only for as long as is necessary for the purposes set out in this Privacy Policy",
                "performed": true
            },
            {
                "requirement": "Data Retention Period",
                "value": "retain and use Your Personal Data to the extent necessary to comply with our legal obligations",
                "performed": true
            },
            {
                "requirement": "Data Retention Period",
                "value": "if we are required to retain your data to comply with applicable laws",
                "performed": true
            }
        ]
    },
    {
        "type": "text",
        "context": [
            {
                "text": "Privacy policy",
                "type": "h1"
            },
            {
                "text": "Collecting and Using Your Personal Data",
                "type": "h2"
            },
            {
                "text": "Retention of Your Personal Data",
                "type": "h3"
            }
        ],
        "passage": "The Company will also retain Usage Data for internal analysis purposes. Usage Data is generally retained for a shorter period of time, except when this data is used to strengthen the security or to improve the functionality of Our Service, or We are legally obligated to retain this data for longer time periods.",
        "annotations": [
            {
                "requirement": "Data Retention Period",
                "value": "Usage Data is generally retained for a shorter period of time",
                "performed": true
            },
            {
                "requirement": "Processing Purpose",
                "value": "internal analysis purposes",
                "performed": true
            },
            {
                "requirement": "Processing Purpose",
                "value": "strengthen the security",
                "performed": true
            },
            {
                "requirement": "Processing Purpose",
                "value": "improve the functionality of Our Service",
                "performed": true
            },
            {
                "requirement": "Mandatory Data Disclosure",
                "value": "We are legally obligated to retain this data for longer time periods",
                "performed": true
            }
        ]
    },
    {
        "type": "headline",
        "context": [
            {
                "text": "Privacy policy",
                "type": "h1"
            },
            {
                "text": "Collecting and Using Your Personal Data",
                "type": "h2"
            },
            {
                "text": "Retention of Your Personal Data",
                "type": "h3"
            }
        ],
        "passage": "Transfer of Your Personal Data",
        "annotations": []
    },
    {
        "type": "text",
        "context": [
            {
                "text": "Privacy policy",
                "type": "h1"
            },
            {
                "text": "Collecting and Using Your Personal Data",
                "type": "h2"
            },
            {
                "text": "Transfer of Your Personal Data",
                "type": "h3"
            }
        ],
        "passage": "Your information, including Personal Data, is processed at the Company's operating offices and in any other places where the parties involved in the processing are located. It means that this information may be transferred to \u2014 and maintained on \u2014 computers located outside of Your state, province, country or other governmental jurisdiction where the data protection laws may differ than those from Your jurisdiction.",
        "annotations": [
            {
                "requirement": "Third-country Transfers",
                "value": "computers located outside of Your state, province, country or other governmental jurisdiction",
                "performed": true
            }
        ]
    },
    {
        "type": "text",
        "context": [
            {
                "text": "Privacy policy",
                "type": "h1"
            },
            {
                "text": "Collecting and Using Your Personal Data",
                "type": "h2"
            },
            {
                "text": "Transfer of Your Personal Data",
                "type": "h3"
            }
        ],
        "passage": "Your consent to this Privacy Policy followed by Your submission of such information represents Your agreement to that transfer.",
        "annotations": [
            {
                "requirement": "Third-country Transfers",
                "value": "Your consent to this Privacy Policy followed by Your submission of such information represents Your agreement to that transfer",
                "performed": true
            }
        ]
    },
    {
        "type": "text",
        "context": [
            {
                "text": "Privacy policy",
                "type": "h1"
            },
            {
                "text": "Collecting and Using Your Personal Data",
                "type": "h2"
            },
            {
                "text": "Transfer of Your Personal Data",
                "type": "h3"
            }
        ],
        "passage": "The Company will take all steps reasonably necessary to ensure that Your data is treated securely and in accordance with this Privacy Policy and no transfer of Your Personal Data will take place to an organization or a country unless there are adequate controls in place including the security of Your data and other personal information.",
        "annotations": [
            {
                "requirement": "Third-country Transfers",
                "value": "no transfer of Your Personal Data will take place to an organization or a country unless there are adequate controls in place",
                "performed": true
            }
        ]
    },
    {
        "type": "headline",
        "context": [
            {
                "text": "Privacy policy",
                "type": "h1"
            },
            {
                "text": "Collecting and Using Your Personal Data",
                "type": "h2"
            },
            {
                "text": "Transfer of Your Personal Data",
                "type": "h3"
            }
        ],
        "passage": "Disclosure of Your Personal Data",
        "annotations": []
    },
    {
        "type": "headline",
        "context": [
            {
                "text": "Privacy policy",
                "type": "h1"
            },
            {
                "text": "Collecting and Using Your Personal Data",
                "type": "h2"
            },
            {
                "text": "Disclosure of Your Personal Data",
                "type": "h3"
            }
        ],
        "passage": "Business Transactions",
        "annotations": []
    },
    {
        "type": "text",
        "context": [
            {
                "text": "Privacy policy",
                "type": "h1"
            },
            {
                "text": "Collecting and Using Your Personal Data",
                "type": "h2"
            },
            {
                "text": "Disclosure of Your Personal Data",
                "type": "h3"
            },
            {
                "text": "Business Transactions",
                "type": "h4"
            }
        ],
        "passage": "If the Company is involved in a merger, acquisition or asset sale, Your Personal Data may be transferred. We will provide notice before Your Personal Data is transferred and becomes subject to a different Privacy Policy.",
        "annotations": [
            {
                "requirement": "Data Recipients",
                "value": "a merger, acquisition or asset sale",
                "performed": true
            },
            {
                "requirement": "Third-country Transfers",
                "value": "Your Personal Data may be transferred",
                "performed": true
            }
        ]
    },
    {
        "type": "headline",
        "context": [
            {
                "text": "Privacy policy",
                "type": "h1"
            },
            {
                "text": "Collecting and Using Your Personal Data",
                "type": "h2"
            },
            {
                "text": "Disclosure of Your Personal Data",
                "type": "h3"
            },
            {
                "text": "Business Transactions",
                "type": "h4"
            }
        ],
        "passage": "Law enforcement",
        "annotations": []
    },
    {
        "type": "text",
        "context": [
            {
                "text": "Privacy policy",
                "type": "h1"
            },
            {
                "text": "Collecting and Using Your Personal Data",
                "type": "h2"
            },
            {
                "text": "Disclosure of Your Personal Data",
                "type": "h3"
            },
            {
                "text": "Law enforcement",
                "type": "h4"
            }
        ],
        "passage": "Under certain circumstances, the Company may be required to disclose Your Personal Data if required to do so by law or in response to valid requests by public authorities (e.g. a court or a government agency).",
        "annotations": [
            {
                "requirement": "Mandatory Data Disclosure",
                "value": "required to disclose Your Personal Data if required to do so by law or in response to valid requests by public authorities",
                "performed": true
            }
        ]
    },
    {
        "type": "headline",
        "context": [
            {
                "text": "Privacy policy",
                "type": "h1"
            },
            {
                "text": "Collecting and Using Your Personal Data",
                "type": "h2"
            },
            {
                "text": "Disclosure of Your Personal Data",
                "type": "h3"
            },
            {
                "text": "Law enforcement",
                "type": "h4"
            }
        ],
        "passage": "Other legal requirements",
        "annotations": []
    },
    {
        "type": "text",
        "context": [
            {
                "text": "Privacy policy",
                "type": "h1"
            },
            {
                "text": "Collecting and Using Your Personal Data",
                "type": "h2"
            },
            {
                "text": "Disclosure of Your Personal Data",
                "type": "h3"
            },
            {
                "text": "Other legal requirements",
                "type": "h4"
            }
        ],
        "passage": "The Company may disclose Your Personal Data in the good faith belief that such action is necessary to:",
        "annotations": []
    },
    {
        "type": "list_item",
        "context": [
            {
                "text": "Privacy policy",
                "type": "h1"
            },
            {
                "text": "Collecting and Using Your Personal Data",
                "type": "h2"
            },
            {
                "text": "Disclosure of Your Personal Data",
                "type": "h3"
            },
            {
                "text": "Other legal requirements",
                "type": "h4"
            },
            {
                "text": "The Company may disclose Your Personal Data in the good faith belief that such action is necessary to:",
                "type": "list_intro"
            }
        ],
        "passage": "Comply with a legal obligation",
        "annotations": [
            {
                "requirement": "Mandatory Data Disclosure",
                "value": "Comply with a legal obligation",
                "performed": true
            }
        ]
    },
    {
        "type": "list_item",
        "context": [
            {
                "text": "Privacy policy",
                "type": "h1"
            },
            {
                "text": "Collecting and Using Your Personal Data",
                "type": "h2"
            },
            {
                "text": "Disclosure of Your Personal Data",
                "type": "h3"
            },
            {
                "text": "Other legal requirements",
                "type": "h4"
            },
            {
                "text": "The Company may disclose Your Personal Data in the good faith belief that such action is necessary to:",
                "type": "list_intro"
            }
        ],
        "passage": "Protect and defend the rights or property of the Company",
        "annotations": [
            {
                "requirement": "Processing Purpose",
                "value": "Protect and defend the rights or property of the Company",
                "performed": true
            },
            {
                "requirement": "Legitimate Interests for Processing",
                "value": "Protect and defend the rights or property of the Company",
                "performed": true
            }
        ]
    },
    {
        "type": "list_item",
        "context": [
            {
                "text": "Privacy policy",
                "type": "h1"
            },
            {
                "text": "Collecting and Using Your Personal Data",
                "type": "h2"
            },
            {
                "text": "Disclosure of Your Personal Data",
                "type": "h3"
            },
            {
                "text": "Other legal requirements",
                "type": "h4"
            },
            {
                "text": "The Company may disclose Your Personal Data in the good faith belief that such action is necessary to:",
                "type": "list_intro"
            }
        ],
        "passage": "Prevent or investigate possible wrongdoing in connection with the Service",
        "annotations": [
            {
                "requirement": "Processing Purpose",
                "value": "Prevent PLACEHOLDER wrongdoing in connection with the Service",
                "performed": true
            },
            {
                "requirement": "Processing Purpose",
                "value": "investigate PLACEHOLDER wrongdoing in connection with the Service",
                "performed": true
            }
        ]
    },
    {
        "type": "list_item",
        "context": [
            {
                "text": "Privacy policy",
                "type": "h1"
            },
            {
                "text": "Collecting and Using Your Personal Data",
                "type": "h2"
            },
            {
                "text": "Disclosure of Your Personal Data",
                "type": "h3"
            },
            {
                "text": "Other legal requirements",
                "type": "h4"
            },
            {
                "text": "The Company may disclose Your Personal Data in the good faith belief that such action is necessary to:",
                "type": "list_intro"
            }
        ],
        "passage": "Protect the personal safety of Users of the Service or the public",
        "annotations": [
            {
                "requirement": "Processing Purpose",
                "value": "Protect the personal safety of Users of the Service or the public",
                "performed": true
            }
        ]
    },
    {
        "type": "list_item",
        "context": [
            {
                "text": "Privacy policy",
                "type": "h1"
            },
            {
                "text": "Collecting and Using Your Personal Data",
                "type": "h2"
            },
            {
                "text": "Disclosure of Your Personal Data",
                "type": "h3"
            },
            {
                "text": "Other legal requirements",
                "type": "h4"
            },
            {
                "text": "The Company may disclose Your Personal Data in the good faith belief that such action is necessary to:",
                "type": "list_intro"
            }
        ],
        "passage": "Protect against legal liability",
        "annotations": [
            {
                "requirement": "Processing Purpose",
                "value": "Protect against legal liability",
                "performed": true
            }
        ]
    },
    {
        "type": "headline",
        "context": [
            {
                "text": "Privacy policy",
                "type": "h1"
            },
            {
                "text": "Collecting and Using Your Personal Data",
                "type": "h2"
            },
            {
                "text": "Disclosure of Your Personal Data",
                "type": "h3"
            },
            {
                "text": "Other legal requirements",
                "type": "h4"
            }
        ],
        "passage": "Security of Your Personal Data",
        "annotations": []
    },
    {
        "type": "text",
        "context": [
            {
                "text": "Privacy policy",
                "type": "h1"
            },
            {
                "text": "Collecting and Using Your Personal Data",
                "type": "h2"
            },
            {
                "text": "Security of Your Personal Data",
                "type": "h3"
            }
        ],
        "passage": "The security of Your Personal Data is important to Us, but remember that no method of transmission over the Internet, or method of electronic storage is 100% secure. While We strive to use commercially acceptable means to protect Your Personal Data, We cannot guarantee its absolute security.",
        "annotations": []
    },
    {
        "type": "headline",
        "context": [
            {
                "text": "Privacy policy",
                "type": "h1"
            },
            {
                "text": "Collecting and Using Your Personal Data",
                "type": "h2"
            },
            {
                "text": "Security of Your Personal Data",
                "type": "h3"
            }
        ],
        "passage": "Links to Other Websites",
        "annotations": []
    },
    {
        "type": "text",
        "context": [
            {
                "text": "Privacy policy",
                "type": "h1"
            },
            {
                "text": "Links to Other Websites",
                "type": "h2"
            }
        ],
        "passage": "Our Service may contain links to other websites that are not operated by Us. If You click on a third party link, You will be directed to that third party's site. We strongly advise You to review the Privacy Policy of every site You visit.",
        "annotations": []
    },
    {
        "type": "text",
        "context": [
            {
                "text": "Privacy policy",
                "type": "h1"
            },
            {
                "text": "Links to Other Websites",
                "type": "h2"
            }
        ],
        "passage": "We have no control over and assume no responsibility for the content, privacy policies or practices of any third party sites or services.",
        "annotations": []
    },
    {
        "type": "headline",
        "context": [
            {
                "text": "Privacy policy",
                "type": "h1"
            },
            {
                "text": "Links to Other Websites",
                "type": "h2"
            }
        ],
        "passage": "Changes to this Privacy Policy",
        "annotations": []
    },
    {
        "type": "text",
        "context": [
            {
                "text": "Privacy policy",
                "type": "h1"
            },
            {
                "text": "Changes to this Privacy Policy",
                "type": "h2"
            }
        ],
        "passage": "We may update Our Privacy Policy from time to time. We will notify You of any changes by posting the new Privacy Policy on this page.",
        "annotations": []
    },
    {
        "type": "text",
        "context": [
            {
                "text": "Privacy policy",
                "type": "h1"
            },
            {
                "text": "Changes to this Privacy Policy",
                "type": "h2"
            }
        ],
        "passage": "We will let You know via email and/or a prominent notice on Our Service, prior to the change becoming effective and update the \"Last updated\" date at the top of this Privacy Policy.",
        "annotations": []
    },
    {
        "type": "text",
        "context": [
            {
                "text": "Privacy policy",
                "type": "h1"
            },
            {
                "text": "Changes to this Privacy Policy",
                "type": "h2"
            }
        ],
        "passage": "You are advised to review this Privacy Policy periodically for any changes. Changes to this Privacy Policy are effective when they are posted on this page.",
        "annotations": []
    },
    {
        "type": "headline",
        "context": [
            {
                "text": "Privacy policy",
                "type": "h1"
            },
            {
                "text": "Changes to this Privacy Policy",
                "type": "h2"
            }
        ],
        "passage": "Contact Us",
        "annotations": []
    },
    {
        "type": "text",
        "context": [
            {
                "text": "Privacy policy",
                "type": "h1"
            },
            {
                "text": "Contact Us",
                "type": "h2"
            }
        ],
        "passage": "If you have any questions about this Privacy Policy, You can contact us:",
        "annotations": [
            {
                "requirement": "Controller Contact",
                "value": "You can contact us",
                "performed": true
            }
        ]
    },
    {
        "type": "list_item",
        "context": [
            {
                "text": "Privacy policy",
                "type": "h1"
            },
            {
                "text": "Contact Us",
                "type": "h2"
            },
            {
                "text": "If you have any questions about this Privacy Policy, You can contact us:",
                "type": "list_intro"
            }
        ],
        "passage": "By email: calalinta@gmail.com",
        "annotations": [
            {
                "requirement": "Controller Contact",
                "value": "calalinta@gmail.com",
                "performed": true
            }
        ]
    }
]