[{"type":"headline","context":[],"passage":"Privacy Policy","annotations":[]},{"type":"text","context":[{"text":"Privacy Policy","type":"h1"}],"passage":"==============","annotations":[]},{"type":"text","context":[{"text":"Privacy Policy","type":"h1"}],"passage":"Last updated: January 02, 2021","annotations":[]},{"type":"text","context":[{"text":"Privacy Policy","type":"h1"}],"passage":"This Privacy Policy describes Our policies and procedures on the collection, use and disclosure of Your information when You use the Service and tells You about Your privacy rights and how the law protects You.","annotations":[]},{"type":"text","context":[{"text":"Privacy Policy","type":"h1"}],"passage":"We use Your Personal data to provide and improve the Service. By using the Service, You agree to the collection and use of information in accordance with this Privacy Policy.","annotations":[]},{"type":"headline","context":[{"text":"Privacy Policy","type":"h1"}],"passage":"Interpretation and Definitions","annotations":[]},{"type":"text","context":[{"text":"Privacy Policy","type":"h1"},{"text":"Interpretation and Definitions","type":"h2"}],"passage":"==============================","annotations":[]},{"type":"headline","context":[{"text":"Privacy Policy","type":"h1"},{"text":"Interpretation and Definitions","type":"h2"}],"passage":"Interpretation","annotations":[]},{"type":"text","context":[{"text":"Privacy Policy","type":"h1"},{"text":"Interpretation and Definitions","type":"h2"},{"text":"Interpretation","type":"h3"}],"passage":"--------------","annotations":[]},{"type":"text","context":[{"text":"Privacy Policy","type":"h1"},{"text":"Interpretation and Definitions","type":"h2"},{"text":"Interpretation","type":"h3"}],"passage":"The words of which the initial letter is capitalized have meanings defined under the following conditions. The following definitions shall have the same meaning regardless of whether they appear in singular or in plural.","annotations":[]},{"type":"headline","context":[{"text":"Privacy Policy","type":"h1"},{"text":"Interpretation and Definitions","type":"h2"},{"text":"Interpretation","type":"h3"}],"passage":"Definitions","annotations":[]},{"type":"text","context":[{"text":"Privacy Policy","type":"h1"},{"text":"Interpretation and Definitions","type":"h2"},{"text":"Definitions","type":"h3"}],"passage":"-----------","annotations":[]},{"type":"text","context":[{"text":"Privacy Policy","type":"h1"},{"text":"Interpretation and Definitions","type":"h2"},{"text":"Definitions","type":"h3"}],"passage":"For the purposes of this Privacy Policy:","annotations":[]},{"type":"list_item","context":[{"text":"Privacy Policy","type":"h1"},{"text":"Interpretation and Definitions","type":"h2"},{"text":"Definitions","type":"h3"},{"text":"For the purposes of this Privacy Policy:","type":"list_intro"}],"passage":"* Company (referred to as either \"the Company\", \"We\", \"Us\" or \"Our\" in this Agreement) refers to ViewChinese.","annotations":[{"requirement":"Controller Name","value":"ViewChinese","performed":true}]},{"type":"list_item","context":[{"text":"Privacy Policy","type":"h1"},{"text":"Interpretation and Definitions","type":"h2"},{"text":"Definitions","type":"h3"},{"text":"For the purposes of this Privacy Policy:","type":"list_intro"}],"passage":"* Service refers to the App.","annotations":[]},{"type":"list_item","context":[{"text":"Privacy Policy","type":"h1"},{"text":"Interpretation and Definitions","type":"h2"},{"text":"Definitions","type":"h3"},{"text":"For the purposes of this Privacy Policy:","type":"list_intro"}],"passage":"* You means the individual accessing or using the Service, or the company, or other legal entity on behalf of which such individual is accessing or using the Service, as applicable.","annotations":[]},{"type":"headline","context":[{"text":"Privacy Policy","type":"h1"},{"text":"Interpretation and Definitions","type":"h2"},{"text":"Definitions","type":"h3"}],"passage":"Collecting and Using Your Personal Data","annotations":[]},{"type":"text","context":[{"text":"Privacy Policy","type":"h1"},{"text":"Collecting and Using Your Personal Data","type":"h2"}],"passage":"=======================================","annotations":[]},{"type":"headline","context":[{"text":"Privacy Policy","type":"h1"},{"text":"Collecting and Using Your Personal Data","type":"h2"}],"passage":"Types of Data Collected","annotations":[]},{"type":"text","context":[{"text":"Privacy Policy","type":"h1"},{"text":"Collecting and Using Your Personal Data","type":"h2"},{"text":"Types of Data Collected","type":"h3"}],"passage":"-----------------------","annotations":[]},{"type":"text","context":[{"text":"Privacy Policy","type":"h1"},{"text":"Collecting and Using Your Personal Data","type":"h2"},{"text":"Types of Data Collected","type":"h3"}],"passage":"* Nickname","annotations":[{"requirement":"Data Categories","value":"Nickname","performed":true}]},{"type":"headline","context":[{"text":"Privacy Policy","type":"h1"},{"text":"Collecting and Using Your Personal Data","type":"h2"},{"text":"Types of Data Collected","type":"h3"}],"passage":"Use of Your Personal Data","annotations":[]},{"type":"text","context":[{"text":"Privacy Policy","type":"h1"},{"text":"Collecting and Using Your Personal Data","type":"h2"},{"text":"Use of Your Personal Data","type":"h3"}],"passage":"-------------------------","annotations":[]},{"type":"text","context":[{"text":"Privacy Policy","type":"h1"},{"text":"Collecting and Using Your Personal Data","type":"h2"},{"text":"Use of Your Personal Data","type":"h3"}],"passage":"The Company may use Personal Data for the following purposes:","annotations":[]},{"type":"list_item","context":[{"text":"Privacy Policy","type":"h1"},{"text":"Collecting and Using Your Personal Data","type":"h2"},{"text":"Use of Your Personal Data","type":"h3"},{"text":"The Company may use Personal Data for the following purposes:","type":"list_intro"}],"passage":"* To provide and maintain our Service, including to monitor the usage of our Service.","annotations":[{"requirement":"Processing Purpose","value":"provide and maintain our Service","performed":true},{"requirement":"Processing Purpose","value":"monitor the usage of our Service","performed":true}]},{"type":"list_item","context":[{"text":"Privacy Policy","type":"h1"},{"text":"Collecting and Using Your Personal Data","type":"h2"},{"text":"Use of Your Personal Data","type":"h3"},{"text":"The Company may use Personal Data for the following purposes:","type":"list_intro"}],"passage":"* To manage Your Account: to manage Your registration as a user of the Service. The Personal Data You provide can give You access to different functionalities of the Service that are available to You as a registered user.","annotations":[{"requirement":"Processing Purpose","value":"to manage Your registration as a user of the Service","performed":true},{"requirement":"Processing Purpose","value":"give You access to different functionalities of the Service","performed":true}]},{"type":"headline","context":[{"text":"Privacy Policy","type":"h1"},{"text":"Collecting and Using Your Personal Data","type":"h2"},{"text":"Use of Your Personal Data","type":"h3"}],"passage":"Security of Your Personal Data","annotations":[]},{"type":"text","context":[{"text":"Privacy Policy","type":"h1"},{"text":"Collecting and Using Your Personal Data","type":"h2"},{"text":"Security of Your Personal Data","type":"h3"}],"passage":"------------------------------","annotations":[]},{"type":"text","context":[{"text":"Privacy Policy","type":"h1"},{"text":"Collecting and Using Your Personal Data","type":"h2"},{"text":"Security of Your Personal Data","type":"h3"}],"passage":"The security of Your Personal Data is important to Us, but remember that no method of transmission over the Internet, or method of electronic storage is 100% secure.","annotations":[]},{"type":"headline","context":[{"text":"Privacy Policy","type":"h1"},{"text":"Collecting and Using Your Personal Data","type":"h2"},{"text":"Security of Your Personal Data","type":"h3"}],"passage":"Changes to this Privacy Policy","annotations":[]},{"type":"text","context":[{"text":"Privacy Policy","type":"h1"},{"text":"Changes to this Privacy Policy","type":"h2"}],"passage":"==============================","annotations":[]},{"type":"text","context":[{"text":"Privacy Policy","type":"h1"},{"text":"Changes to this Privacy Policy","type":"h2"}],"passage":"We may update Our Privacy Policy from time to time. We will notify You of any changes by posting the new Privacy Policy on this page.","annotations":[]},{"type":"text","context":[{"text":"Privacy Policy","type":"h1"},{"text":"Changes to this Privacy Policy","type":"h2"}],"passage":"We will let You know via email and/or a prominent notice on Our Service, prior to the change becoming effective and update the \"Last updated\" date at the top of this Privacy Policy.","annotations":[]},{"type":"text","context":[{"text":"Privacy Policy","type":"h1"},{"text":"Changes to this Privacy Policy","type":"h2"}],"passage":"You are advised to review this Privacy Policy periodically for any changes. Changes to this Privacy Policy are effective when they are posted on this page.","annotations":[]},{"type":"headline","context":[{"text":"Privacy Policy","type":"h1"},{"text":"Changes to this Privacy Policy","type":"h2"}],"passage":"Contact Us","annotations":[]},{"type":"text","context":[{"text":"Privacy Policy","type":"h1"},{"text":"Contact Us","type":"h2"}],"passage":"==========","annotations":[]},{"type":"text","context":[{"text":"Privacy Policy","type":"h1"},{"text":"Contact Us","type":"h2"}],"passage":"If you have any questions about this Privacy Policy, You can contact us:","annotations":[]},{"type":"list_item","context":[{"text":"Privacy Policy","type":"h1"},{"text":"Contact Us","type":"h2"},{"text":"If you have any questions about this Privacy Policy, You can contact us:","type":"list_intro"}],"passage":"* By email: support@viewchinese.com","annotations":[{"requirement":"Controller Contact","value":"support@viewchinese.com","performed":true}]}]