[
    {
        "type": "headline",
        "context": [],
        "passage": "LIGO BLE Configurator \u2013 Privacy Policy",
        "annotations": []
    },
    {
        "type": "headline",
        "context": [
            {
                "text": "LIGO BLE Configurator \u2013 Privacy Policy",
                "type": "h1"
            }
        ],
        "passage": "Personal information",
        "annotations": []
    },
    {
        "type": "text",
        "context": [
            {
                "text": "LIGO BLE Configurator \u2013 Privacy Policy",
                "type": "h1"
            },
            {
                "text": "Personal information",
                "type": "h2"
            }
        ],
        "passage": "LIGO BLE Configurator with your privacy in mind, so we do not collect personally identifiable information about you. In other words, we do not use your camera.",
        "annotations": [
            {
                "requirement": "Data Categories",
                "value": "personally identifiable information about you",
                "performed": false
            },
            {
                "requirement": "Controller Name",
                "value": "LIGO BLE Configurator",
                "performed": true
            }
        ]
    },
    {
        "type": "headline",
        "context": [
            {
                "text": "LIGO BLE Configurator \u2013 Privacy Policy",
                "type": "h1"
            },
            {
                "text": "Personal information",
                "type": "h2"
            }
        ],
        "passage": "Permission requests",
        "annotations": []
    },
    {
        "type": "text",
        "context": [
            {
                "text": "LIGO BLE Configurator \u2013 Privacy Policy",
                "type": "h1"
            },
            {
                "text": "Permission requests",
                "type": "h2"
            }
        ],
        "passage": "In LIGO BLE Configurator, the app requests some sensitive permissions to make functions of application work properly:",
        "annotations": [
            {
                "requirement": "Processing Purpose",
                "value": "make functions of application work properly",
                "performed": true
            }
        ]
    },
    {
        "type": "list_item",
        "context": [
            {
                "text": "LIGO BLE Configurator \u2013 Privacy Policy",
                "type": "h1"
            },
            {
                "text": "Permission requests",
                "type": "h2"
            },
            {
                "text": "In LIGO BLE Configurator, the app requests some sensitive permissions to make functions of application work properly:",
                "type": "list_intro"
            }
        ],
        "passage": "permission view network connections, full NETWORK ACCESS:obtaining relevant data for several sets of languages;",
        "annotations": [
            {
                "requirement": "Data Categories",
                "value": "relevant data for several sets of languages",
                "performed": true
            }
        ]
    },
    {
        "type": "list_item",
        "context": [
            {
                "text": "LIGO BLE Configurator \u2013 Privacy Policy",
                "type": "h1"
            },
            {
                "text": "Permission requests",
                "type": "h2"
            },
            {
                "text": "In LIGO BLE Configurator, the app requests some sensitive permissions to make functions of application work properly:",
                "type": "list_intro"
            }
        ],
        "passage": "pair with Bluetooth devices, ACCESS BLUETOOTH settings:connect, receive current readings and configure BLE devices;",
        "annotations": [
            {
                "requirement": "Processing Purpose",
                "value": "pair with Bluetooth devices",
                "performed": true
            },
            {
                "requirement": "Processing Purpose",
                "value": "connect",
                "performed": true
            },
            {
                "requirement": "Processing Purpose",
                "value": "receive current readings",
                "performed": true
            },
            {
                "requirement": "Processing Purpose",
                "value": "configure BLE devices",
                "performed": true
            }
        ]
    },
    {
        "type": "list_item",
        "context": [
            {
                "text": "LIGO BLE Configurator \u2013 Privacy Policy",
                "type": "h1"
            },
            {
                "text": "Permission requests",
                "type": "h2"
            },
            {
                "text": "In LIGO BLE Configurator, the app requests some sensitive permissions to make functions of application work properly:",
                "type": "list_intro"
            }
        ],
        "passage": "permission LOCATION:starting from android 6.0 Marshmallow the system requires location permission in order to scan for Bluetooth LE Devices;",
        "annotations": [
            {
                "requirement": "Processing Purpose",
                "value": "scan for Bluetooth LE Devices",
                "performed": true
            },
            {
                "requirement": "Data Categories",
                "value": "permission LOCATION",
                "performed": true
            }
        ]
    },
    {
        "type": "list_item",
        "context": [
            {
                "text": "LIGO BLE Configurator \u2013 Privacy Policy",
                "type": "h1"
            },
            {
                "text": "Permission requests",
                "type": "h2"
            },
            {
                "text": "In LIGO BLE Configurator, the app requests some sensitive permissions to make functions of application work properly:",
                "type": "list_intro"
            }
        ],
        "passage": "permission CAMERA:to take scan to decode QR code;",
        "annotations": [
            {
                "requirement": "Data Categories",
                "value": "permission CAMERA",
                "performed": true
            },
            {
                "requirement": "Processing Purpose",
                "value": "to take scan to decode QR code",
                "performed": true
            }
        ]
    },
    {
        "type": "text",
        "context": [
            {
                "text": "LIGO BLE Configurator \u2013 Privacy Policy",
                "type": "h1"
            },
            {
                "text": "Permission requests",
                "type": "h2"
            }
        ],
        "passage": "The App DOES NOT collect your any information.",
        "annotations": []
    }
]