[
    {
        "type": "headline",
        "context": [],
        "passage": "Gluten Free NZ Privacy Policy",
        "annotations": []
    },
    {
        "type": "headline",
        "context": [
            {
                "text": "Gluten Free NZ Privacy Policy",
                "type": "h2"
            }
        ],
        "passage": "Privacy Policy",
        "annotations": []
    },
    {
        "type": "text",
        "context": [
            {
                "text": "Privacy Policy",
                "type": "h2"
            }
        ],
        "passage": "[Developer/Company name] built the Gluten Free NZ app as [open source/free/freemium/ad-supported/commercial] app. This SERVICE is provided by [Developer/Company name] [at no cost] and is intended for use as is.",
        "annotations": []
    },
    {
        "type": "text",
        "context": [
            {
                "text": "Privacy Policy",
                "type": "h2"
            }
        ],
        "passage": "This page is used to inform visitors regarding [my/our] policies with the collection, use, and disclosure of Personal Information if anyone decided to use [my/our] Service.",
        "annotations": []
    },
    {
        "type": "text",
        "context": [
            {
                "text": "Privacy Policy",
                "type": "h2"
            }
        ],
        "passage": "If you choose to use [my/our] Service, then you agree to the collection and use of information in relation to this policy. The Personal Information that [I/We] collect is used for providing and improving the Service. [I/We] will not use or share your information with anyone except as described in this Privacy Policy.",
        "annotations": []
    },
    {
        "type": "text",
        "context": [
            {
                "text": "Privacy Policy",
                "type": "h2"
            }
        ],
        "passage": "The terms used in this Privacy Policy have the same meanings as in our Terms and Conditions, which is accessible at Gluten Free NZ unless otherwise defined in this Privacy Policy.",
        "annotations": []
    },
    {
        "type": "headline",
        "context": [
            {
                "text": "Privacy Policy",
                "type": "h2"
            }
        ],
        "passage": "Information Collection and Use",
        "annotations": []
    },
    {
        "type": "text",
        "context": [
            {
                "text": "Information Collection and Use",
                "type": "h2"
            }
        ],
        "passage": "For a better experience, while using our Service, [I/We] may require you to provide us with certain personally identifiable information[add whatever else you collect here, e.g. users name, address, location, pictures] The information that [I/We] request will be [retained on your device and is not collected by [me/us] in any way]/[retained by us and used as described in this privacy policy].",
        "annotations": []
    },
    {
        "type": "text",
        "context": [
            {
                "text": "Information Collection and Use",
                "type": "h2"
            }
        ],
        "passage": "The app does use third party services that may collect information used to identify you.",
        "annotations": [
            {
                "requirement": "Data Recipients",
                "value": "third party services",
                "performed": true
            }
        ]
    },
    {
        "type": "text",
        "context": [
            {
                "text": "Information Collection and Use",
                "type": "h2"
            }
        ],
        "passage": "Link to privacy policy of third party service providers used by the app",
        "annotations": []
    },
    {
        "type": "list_item",
        "context": [
            {
                "text": "Information Collection and Use",
                "type": "h2"
            },
            {
                "text": "Link to privacy policy of third party service providers used by the app",
                "type": "list_intro"
            }
        ],
        "passage": "Google Play Services",
        "annotations": [
            {
                "requirement": "Data Recipients",
                "value": "Google Play Services",
                "performed": true
            }
        ]
    },
    {
        "type": "headline",
        "context": [
            {
                "text": "Information Collection and Use",
                "type": "h2"
            }
        ],
        "passage": "Log Data",
        "annotations": []
    },
    {
        "type": "text",
        "context": [
            {
                "text": "Log Data",
                "type": "h2"
            }
        ],
        "passage": "[I/We] want to inform you that whenever you use [my/our] Service, in a case of an error in the app [I/We] collect data and information (through third party products) on your phone called Log Data. This Log Data may include information such as your device Internet Protocol (\u201cIP\u201d) address, device name, operating system version, the configuration of the app when utilizing [my/our] Service, the time and date of your use of the Service, and other statistics.",
        "annotations": [
            {
                "requirement": "Data Categories",
                "value": "your device Internet Protocol (\\",
                "performed": true
            },
            {
                "requirement": "Data Categories",
                "value": "your [...] IP [...] address",
                "performed": true
            },
            {
                "requirement": "Data Categories",
                "value": "device name",
                "performed": true
            },
            {
                "requirement": "Data Categories",
                "value": "operating system version",
                "performed": true
            },
            {
                "requirement": "Data Categories",
                "value": "the configuration of the app",
                "performed": true
            },
            {
                "requirement": "Data Categories",
                "value": "the time and date of your use of the Service",
                "performed": true
            },
            {
                "requirement": "Data Categories",
                "value": "other statistics",
                "performed": true
            },
            {
                "requirement": "Source of Data",
                "value": "through third party products",
                "performed": true
            }
        ]
    },
    {
        "type": "headline",
        "context": [
            {
                "text": "Log Data",
                "type": "h2"
            }
        ],
        "passage": "Cookies",
        "annotations": []
    },
    {
        "type": "text",
        "context": [
            {
                "text": "Cookies",
                "type": "h2"
            }
        ],
        "passage": "Cookies are files with a small amount of data that are commonly used as anonymous unique identifiers. These are sent to your browser from the websites that you visit and are stored on your device's internal memory.",
        "annotations": []
    },
    {
        "type": "text",
        "context": [
            {
                "text": "Cookies",
                "type": "h2"
            }
        ],
        "passage": "This Service does not use these \u201ccookies\u201d explicitly. However, the app may use third party code and libraries that use \u201ccookies\u201d to collect information and improve their services. You have the option to either accept or refuse these cookies and know when a cookie is being sent to your device. If you choose to refuse our cookies, you may not be able to use some portions of this Service.",
        "annotations": [
            {
                "requirement": "Processing Purpose",
                "value": "improve their services",
                "performed": true
            },
            {
                "requirement": "Data Recipients",
                "value": "third party code and libraries",
                "performed": true
            }
        ]
    },
    {
        "type": "headline",
        "context": [
            {
                "text": "Cookies",
                "type": "h2"
            }
        ],
        "passage": "Service Providers",
        "annotations": []
    },
    {
        "type": "text",
        "context": [
            {
                "text": "Service Providers",
                "type": "h2"
            }
        ],
        "passage": "[I/We] may employ third-party companies and individuals due to the following reasons:",
        "annotations": [
            {
                "requirement": "Data Recipients",
                "value": "third-party companies and individuals",
                "performed": true
            }
        ]
    },
    {
        "type": "list_item",
        "context": [
            {
                "text": "Service Providers",
                "type": "h2"
            },
            {
                "text": "[I/We] may employ third-party companies and individuals due to the following reasons:",
                "type": "list_intro"
            }
        ],
        "passage": "To facilitate our Service;",
        "annotations": [
            {
                "requirement": "Processing Purpose",
                "value": "facilitate our Service",
                "performed": true
            }
        ]
    },
    {
        "type": "list_item",
        "context": [
            {
                "text": "Service Providers",
                "type": "h2"
            },
            {
                "text": "[I/We] may employ third-party companies and individuals due to the following reasons:",
                "type": "list_intro"
            }
        ],
        "passage": "To provide the Service on our behalf;",
        "annotations": [
            {
                "requirement": "Processing Purpose",
                "value": "provide the Service on our behalf",
                "performed": true
            },
            {
                "requirement": "Data Recipients",
                "value": "third-party companies and individuals",
                "performed": true
            }
        ]
    },
    {
        "type": "list_item",
        "context": [
            {
                "text": "Service Providers",
                "type": "h2"
            },
            {
                "text": "[I/We] may employ third-party companies and individuals due to the following reasons:",
                "type": "list_intro"
            }
        ],
        "passage": "To perform Service-related services; or",
        "annotations": [
            {
                "requirement": "Processing Purpose",
                "value": "perform Service-related services",
                "performed": true
            }
        ]
    },
    {
        "type": "list_item",
        "context": [
            {
                "text": "Service Providers",
                "type": "h2"
            },
            {
                "text": "[I/We] may employ third-party companies and individuals due to the following reasons:",
                "type": "list_intro"
            }
        ],
        "passage": "To assist us in analyzing how our Service is used.",
        "annotations": [
            {
                "requirement": "Processing Purpose",
                "value": "analyzing how our Service is used",
                "performed": true
            },
            {
                "requirement": "Data Recipients",
                "value": "third-party companies and individuals",
                "performed": true
            }
        ]
    },
    {
        "type": "text",
        "context": [
            {
                "text": "Service Providers",
                "type": "h2"
            }
        ],
        "passage": "[I/We] want to inform users of this Service that these third parties have access to your Personal Information. The reason is to perform the tasks assigned to them on our behalf. However, they are obligated not to disclose or use the information for any other purpose.",
        "annotations": [
            {
                "requirement": "Data Recipients",
                "value": "these third parties",
                "performed": true
            },
            {
                "requirement": "Processing Purpose",
                "value": "perform the tasks assigned to them on our behalf",
                "performed": true
            }
        ]
    },
    {
        "type": "headline",
        "context": [
            {
                "text": "Service Providers",
                "type": "h2"
            }
        ],
        "passage": "Security",
        "annotations": []
    },
    {
        "type": "text",
        "context": [
            {
                "text": "Security",
                "type": "h2"
            }
        ],
        "passage": "[I/We] value your trust in providing us your Personal Information, thus we are striving to use commercially acceptable means of protecting it. But remember that no method of transmission over the internet, or method of electronic storage is 100% secure and reliable, and [I/We] cannot guarantee its absolute security.",
        "annotations": []
    },
    {
        "type": "headline",
        "context": [
            {
                "text": "Security",
                "type": "h2"
            }
        ],
        "passage": "Links to Other Sites",
        "annotations": []
    },
    {
        "type": "text",
        "context": [
            {
                "text": "Links to Other Sites",
                "type": "h2"
            }
        ],
        "passage": "This Service may contain links to other sites. If you click on a third-party link, you will be directed to that site. Note that these external sites are not operated by [me/us]. Therefore, [I/We] strongly advise you to review the Privacy Policy of these websites. [I/We] have no control over and assume no responsibility for the content, privacy policies, or practices of any third-party sites or services.",
        "annotations": []
    },
    {
        "type": "headline",
        "context": [
            {
                "text": "Links to Other Sites",
                "type": "h2"
            }
        ],
        "passage": "Children\u2019s Privacy",
        "annotations": []
    },
    {
        "type": "text",
        "context": [
            {
                "text": "Children\u2019s Privacy",
                "type": "h2"
            }
        ],
        "passage": "These Services do not address anyone under the age of 13. [I/We] do not knowingly collect personally identifiable information from children under 13. In the case [I/We] discover that a child under 13 has provided [me/us] with personal information, [I/We] immediately delete this from our servers. If you are a parent or guardian and you are aware that your child has provided us with personal information, please contact [me/us] so that [I/We] will be able to do necessary actions.",
        "annotations": []
    },
    {
        "type": "headline",
        "context": [
            {
                "text": "Children\u2019s Privacy",
                "type": "h2"
            }
        ],
        "passage": "Changes to This Privacy Policy",
        "annotations": []
    },
    {
        "type": "text",
        "context": [
            {
                "text": "Changes to This Privacy Policy",
                "type": "h2"
            }
        ],
        "passage": "[I/We] may update our Privacy Policy from time to time. Thus, you are advised to review this page periodically for any changes. [I/We] will notify you of any changes by posting the new Privacy Policy on this page.",
        "annotations": []
    },
    {
        "type": "text",
        "context": [
            {
                "text": "Changes to This Privacy Policy",
                "type": "h2"
            }
        ],
        "passage": "This policy is effective as of 2020-07-30",
        "annotations": []
    },
    {
        "type": "headline",
        "context": [
            {
                "text": "Changes to This Privacy Policy",
                "type": "h2"
            }
        ],
        "passage": "Contact Us",
        "annotations": []
    },
    {
        "type": "text",
        "context": [
            {
                "text": "Contact Us",
                "type": "h2"
            }
        ],
        "passage": "If you have any questions or suggestions about [my/our] Privacy Policy, do not hesitate to contact [me/us] at Arcturus Designs.",
        "annotations": [
            {
                "requirement": "Controller Name",
                "value": "Arcturus Designs",
                "performed": true
            }
        ]
    },
    {
        "type": "text",
        "context": [
            {
                "text": "Contact Us",
                "type": "h2"
            }
        ],
        "passage": "This privacy policy page was created at privacypolicytemplate.net and modified/generated by App Privacy Policy Generator",
        "annotations": []
    }
]