[
    {
        "type": "headline",
        "context": [],
        "passage": "Privacy Policy",
        "annotations": []
    },
    {
        "type": "text",
        "context": [
            {
                "text": "Privacy Policy",
                "type": "h1"
            }
        ],
        "passage": "Last updated: January 15, 2024",
        "annotations": []
    },
    {
        "type": "text",
        "context": [
            {
                "text": "Privacy Policy",
                "type": "h1"
            }
        ],
        "passage": "Veg Plotter Ltd (\"us\", \"we\", or \"our\") operates the https://vegplotter.com website (the \"Service\").",
        "annotations": [
            {
                "requirement": "Controller Name",
                "value": "Veg Plotter Ltd",
                "performed": true
            }
        ]
    },
    {
        "type": "text",
        "context": [
            {
                "text": "Privacy Policy",
                "type": "h1"
            }
        ],
        "passage": "This page informs you of our policies regarding the collection, use and disclosure of Personal Information when you use our Service.",
        "annotations": []
    },
    {
        "type": "text",
        "context": [
            {
                "text": "Privacy Policy",
                "type": "h1"
            }
        ],
        "passage": "We will not use or share your information with anyone except as described in this Privacy Policy.",
        "annotations": []
    },
    {
        "type": "text",
        "context": [
            {
                "text": "Privacy Policy",
                "type": "h1"
            }
        ],
        "passage": "We will only store your personal information whilst you are a user of our services as described in this Privacy Policy. If you do not use our services for two years your personal information will be deleted from our systems (with the exception of payments recieved and invoices sent where we are legally required to store certain data for longer). We will send notification 7days prior to deletion of your personal information and provide opportunity to cancel the deletion process.",
        "annotations": [
            {
                "requirement": "Data Retention Period",
                "value": "two years",
                "performed": true
            }
        ]
    },
    {
        "type": "text",
        "context": [
            {
                "text": "Privacy Policy",
                "type": "h1"
            }
        ],
        "passage": "We use your Personal Information for providing and improving the Service. By using the Service, you agree to the collection and use of information in accordance with this policy. Unless otherwise defined in this Privacy Policy, terms used in this Privacy Policy have the same meanings as in our Terms and Conditions, accessible at https://vegplotter.com/terms",
        "annotations": [
            {
                "requirement": "Processing Purpose",
                "value": "providing [...] the Service",
                "performed": true
            },
            {
                "requirement": "Processing Purpose",
                "value": "improving the Service",
                "performed": true
            }
        ]
    },
    {
        "type": "headline",
        "context": [
            {
                "text": "Privacy Policy",
                "type": "h1"
            }
        ],
        "passage": "Information Collection And Use",
        "annotations": []
    },
    {
        "type": "text",
        "context": [
            {
                "text": "Privacy Policy",
                "type": "h1"
            },
            {
                "text": "Information Collection And Use",
                "type": "h2"
            }
        ],
        "passage": "While using our Service, we may ask you to provide us with certain personally identifiable information that can be used to contact or identify you. Personally identifiable information may include, but is not limited to, your email address, username (\"Personal Information\").",
        "annotations": [
            {
                "requirement": "Data Categories",
                "value": "your email address",
                "performed": true
            },
            {
                "requirement": "Data Categories",
                "value": "username",
                "performed": true
            },
            {
                "requirement": "Data Categories",
                "value": "Personal Information",
                "performed": true
            },
            {
                "requirement": "Processing Purpose",
                "value": "contact",
                "performed": true
            },
            {
                "requirement": "Processing Purpose",
                "value": "identify you",
                "performed": true
            }
        ]
    },
    {
        "type": "headline",
        "context": [
            {
                "text": "Privacy Policy",
                "type": "h1"
            },
            {
                "text": "Information Collection And Use",
                "type": "h2"
            }
        ],
        "passage": "Log Data",
        "annotations": [
            {
                "requirement": "Data Categories",
                "value": "Log Data",
                "performed": true
            }
        ]
    },
    {
        "type": "text",
        "context": [
            {
                "text": "Privacy Policy",
                "type": "h1"
            },
            {
                "text": "Log Data",
                "type": "h2"
            }
        ],
        "passage": "We collect information that your browser sends whenever you visit our Service (\"Log Data\"). This Log Data may include information such as your computer's Internet Protocol (\"IP\") address, browser type, browser version, the pages of our Service that you visit, the time and date of your visit, the time spent on those pages and other statistics.",
        "annotations": [
            {
                "requirement": "Data Categories",
                "value": "your computer's Internet Protocol (\"IP\") address",
                "performed": true
            },
            {
                "requirement": "Data Categories",
                "value": "browser type",
                "performed": true
            },
            {
                "requirement": "Data Categories",
                "value": "browser version",
                "performed": true
            },
            {
                "requirement": "Data Categories",
                "value": "the pages of our Service that you visit",
                "performed": true
            },
            {
                "requirement": "Data Categories",
                "value": "the time and date of your visit",
                "performed": true
            },
            {
                "requirement": "Data Categories",
                "value": "the time spent on those pages",
                "performed": true
            },
            {
                "requirement": "Data Categories",
                "value": "other statistics",
                "performed": true
            }
        ]
    },
    {
        "type": "headline",
        "context": [
            {
                "text": "Privacy Policy",
                "type": "h1"
            },
            {
                "text": "Log Data",
                "type": "h2"
            }
        ],
        "passage": "Cookies",
        "annotations": []
    },
    {
        "type": "text",
        "context": [
            {
                "text": "Privacy Policy",
                "type": "h1"
            },
            {
                "text": "Cookies",
                "type": "h2"
            }
        ],
        "passage": "Cookies are files with small amount of data, which may include an anonymous unique identifier. Cookies are sent to your browser from a web site and stored on your computer's hard drive.",
        "annotations": []
    },
    {
        "type": "text",
        "context": [
            {
                "text": "Privacy Policy",
                "type": "h1"
            },
            {
                "text": "Cookies",
                "type": "h2"
            }
        ],
        "passage": "We use \"cookies\" to collect information. You can instruct your browser to refuse all cookies or to indicate when a cookie is being sent. However, if you do not accept cookies, you may not be able to use some portions of our Service.",
        "annotations": []
    },
    {
        "type": "headline",
        "context": [
            {
                "text": "Privacy Policy",
                "type": "h1"
            },
            {
                "text": "Cookies",
                "type": "h2"
            }
        ],
        "passage": "Service Providers",
        "annotations": []
    },
    {
        "type": "text",
        "context": [
            {
                "text": "Privacy Policy",
                "type": "h1"
            },
            {
                "text": "Service Providers",
                "type": "h2"
            }
        ],
        "passage": "We may employ third party companies and individuals to facilitate our Service, to provide the Service on our behalf, to perform Service-related services or to assist us in analyzing how our Service is used.",
        "annotations": [
            {
                "requirement": "Data Recipients",
                "value": "third party companies and individuals",
                "performed": true
            },
            {
                "requirement": "Processing Purpose",
                "value": "to facilitate our Service",
                "performed": true
            },
            {
                "requirement": "Processing Purpose",
                "value": "to provide the Service on our behalf",
                "performed": true
            },
            {
                "requirement": "Processing Purpose",
                "value": "to perform Service-related services",
                "performed": true
            },
            {
                "requirement": "Processing Purpose",
                "value": "to assist us in analyzing how our Service is used",
                "performed": true
            }
        ]
    },
    {
        "type": "text",
        "context": [
            {
                "text": "Privacy Policy",
                "type": "h1"
            },
            {
                "text": "Service Providers",
                "type": "h2"
            }
        ],
        "passage": "These third parties have access to your Personal Information only to perform these tasks on our behalf and are obligated not to disclose or use it for any other purpose.",
        "annotations": [
            {
                "requirement": "Data Recipients",
                "value": "These third parties",
                "performed": true
            },
            {
                "requirement": "Processing Purpose",
                "value": "perform these tasks on our behalf",
                "performed": true
            }
        ]
    },
    {
        "type": "text",
        "context": [
            {
                "text": "Privacy Policy",
                "type": "h1"
            },
            {
                "text": "Service Providers",
                "type": "h2"
            }
        ],
        "passage": "Some of the third party providers we use are:",
        "annotations": []
    },
    {
        "type": "text",
        "context": [
            {
                "text": "Privacy Policy",
                "type": "h1"
            },
            {
                "text": "Service Providers",
                "type": "h2"
            },
            {
                "text": "Some of the third party providers we use are:",
                "type": "list_intro"
            }
        ],
        "passage": "Amazon Web Services (AWS) - The VegPlotter website and Vegetable Garden Planning software is hosted on AWS infrastructure.",
        "annotations": [
            {
                "requirement": "Data Recipients",
                "value": "Amazon Web Services (AWS)",
                "performed": true
            }
        ]
    },
    {
        "type": "text",
        "context": [
            {
                "text": "Privacy Policy",
                "type": "h1"
            },
            {
                "text": "Service Providers",
                "type": "h2"
            },
            {
                "text": "Some of the third party providers we use are:",
                "type": "list_intro"
            }
        ],
        "passage": "On the AWS infrastructure we store: your email address, username, broad location and any garden plans, notes and photos that you've uploaded to or created in VegPlotter systems.",
        "annotations": [
            {
                "requirement": "Data Categories",
                "value": "your email address",
                "performed": true
            },
            {
                "requirement": "Data Categories",
                "value": "username",
                "performed": true
            },
            {
                "requirement": "Data Categories",
                "value": "broad location",
                "performed": true
            },
            {
                "requirement": "Data Categories",
                "value": "any garden plans",
                "performed": true
            },
            {
                "requirement": "Data Categories",
                "value": "notes",
                "performed": true
            },
            {
                "requirement": "Data Categories",
                "value": "photos",
                "performed": true
            },
            {
                "requirement": "Data Recipients",
                "value": "AWS infrastructure",
                "performed": true
            }
        ]
    },
    {
        "type": "text",
        "context": [
            {
                "text": "Privacy Policy",
                "type": "h1"
            },
            {
                "text": "Service Providers",
                "type": "h2"
            },
            {
                "text": "Some of the third party providers we use are:",
                "type": "list_intro"
            }
        ],
        "passage": "AWS's Privacy Notice",
        "annotations": [
            {
                "requirement": "Data Recipients",
                "value": "AWS",
                "performed": true
            }
        ]
    },
    {
        "type": "text",
        "context": [
            {
                "text": "Privacy Policy",
                "type": "h1"
            },
            {
                "text": "Service Providers",
                "type": "h2"
            },
            {
                "text": "Some of the third party providers we use are:",
                "type": "list_intro"
            }
        ],
        "passage": "Stripe - We accept payments through the Stripe platform. Information required to process or support the payment, such as the purchase total and your billing information will be processed and stored in the Stripe platform.",
        "annotations": [
            {
                "requirement": "Data Recipients",
                "value": "Stripe",
                "performed": true
            },
            {
                "requirement": "Processing Purpose",
                "value": "process or support the payment",
                "performed": true
            },
            {
                "requirement": "Data Categories",
                "value": "the purchase total",
                "performed": true
            },
            {
                "requirement": "Data Categories",
                "value": "your billing information",
                "performed": true
            }
        ]
    },
    {
        "type": "text",
        "context": [
            {
                "text": "Privacy Policy",
                "type": "h1"
            },
            {
                "text": "Service Providers",
                "type": "h2"
            },
            {
                "text": "Some of the third party providers we use are:",
                "type": "list_intro"
            }
        ],
        "passage": "Stripe's Privacy Policy",
        "annotations": [
            {
                "requirement": "Data Recipients",
                "value": "Stripe",
                "performed": true
            }
        ]
    },
    {
        "type": "text",
        "context": [
            {
                "text": "Privacy Policy",
                "type": "h1"
            },
            {
                "text": "Service Providers",
                "type": "h2"
            },
            {
                "text": "Some of the third party providers we use are:",
                "type": "list_intro"
            }
        ],
        "passage": "Brevo - We use the Brevo software platform to send emails automatically sent from our Vegetable Garden Planning and Allotment Planning software. We also use it to maintain our Newsletter subscriber list and send out our Regular Newsletters.",
        "annotations": [
            {
                "requirement": "Data Recipients",
                "value": "Brevo",
                "performed": true
            },
            {
                "requirement": "Processing Purpose",
                "value": "send emails automatically",
                "performed": true
            },
            {
                "requirement": "Processing Purpose",
                "value": "maintain our Newsletter subscriber list",
                "performed": true
            },
            {
                "requirement": "Processing Purpose",
                "value": "send out our Regular Newsletters",
                "performed": true
            }
        ]
    },
    {
        "type": "text",
        "context": [
            {
                "text": "Privacy Policy",
                "type": "h1"
            },
            {
                "text": "Service Providers",
                "type": "h2"
            },
            {
                "text": "Some of the third party providers we use are:",
                "type": "list_intro"
            }
        ],
        "passage": "On the Brevo platform we store: your email address, username and whether you've subscribed to our newsletter services in the Brevo platform.",
        "annotations": [
            {
                "requirement": "Data Categories",
                "value": "your email address",
                "performed": true
            },
            {
                "requirement": "Data Categories",
                "value": "your [...] username",
                "performed": true
            },
            {
                "requirement": "Data Categories",
                "value": "whether you've subscribed to our newsletter services",
                "performed": true
            },
            {
                "requirement": "Data Recipients",
                "value": "Brevo",
                "performed": true
            }
        ]
    },
    {
        "type": "text",
        "context": [
            {
                "text": "Privacy Policy",
                "type": "h1"
            },
            {
                "text": "Service Providers",
                "type": "h2"
            },
            {
                "text": "Some of the third party providers we use are:",
                "type": "list_intro"
            }
        ],
        "passage": "Brevo's Privacy Policy",
        "annotations": [
            {
                "requirement": "Data Recipients",
                "value": "Brevo",
                "performed": true
            }
        ]
    },
    {
        "type": "text",
        "context": [
            {
                "text": "Privacy Policy",
                "type": "h1"
            },
            {
                "text": "Service Providers",
                "type": "h2"
            },
            {
                "text": "Some of the third party providers we use are:",
                "type": "list_intro"
            }
        ],
        "passage": "KingSumo - We use the KingSumo software platform to manage and adminster our Giveaways and Sweepstakes. This allows us to maintain fairness during our sweepstakes and giveaways and allows us to collect and segragate entries from VegPlotter's main systems.",
        "annotations": [
            {
                "requirement": "Processing Purpose",
                "value": "manage and adminster our Giveaways and Sweepstakes",
                "performed": true
            },
            {
                "requirement": "Processing Purpose",
                "value": "maintain fairness during our sweepstakes and giveaways",
                "performed": true
            },
            {
                "requirement": "Processing Purpose",
                "value": "collect and segragate entries from VegPlotter's main systems",
                "performed": true
            },
            {
                "requirement": "Data Recipients",
                "value": "KingSumo",
                "performed": true
            }
        ]
    },
    {
        "type": "text",
        "context": [
            {
                "text": "Privacy Policy",
                "type": "h1"
            },
            {
                "text": "Service Providers",
                "type": "h2"
            },
            {
                "text": "Some of the third party providers we use are:",
                "type": "list_intro"
            }
        ],
        "passage": "On the KingSumo platform we temporary store: your email address, any social media handle names you've provided, and whether you've choosen to subscribe to the VegPlotter newsletter service.",
        "annotations": [
            {
                "requirement": "Data Categories",
                "value": "your email address",
                "performed": true
            },
            {
                "requirement": "Data Categories",
                "value": "any social media handle names you've provided",
                "performed": true
            },
            {
                "requirement": "Data Categories",
                "value": "whether you've choosen to subscribe to the VegPlotter newsletter service",
                "performed": true
            },
            {
                "requirement": "Data Recipients",
                "value": "KingSumo",
                "performed": true
            }
        ]
    },
    {
        "type": "text",
        "context": [
            {
                "text": "Privacy Policy",
                "type": "h1"
            },
            {
                "text": "Service Providers",
                "type": "h2"
            },
            {
                "text": "Some of the third party providers we use are:",
                "type": "list_intro"
            }
        ],
        "passage": "KingSumo Privacy Policy",
        "annotations": []
    },
    {
        "type": "text",
        "context": [
            {
                "text": "Privacy Policy",
                "type": "h1"
            },
            {
                "text": "Service Providers",
                "type": "h2"
            },
            {
                "text": "Some of the third party providers we use are:",
                "type": "list_intro"
            }
        ],
        "passage": "Google - We use two Google services:",
        "annotations": [
            {
                "requirement": "Data Recipients",
                "value": "Google",
                "performed": true
            }
        ]
    },
    {
        "type": "text",
        "context": [
            {
                "text": "Privacy Policy",
                "type": "h1"
            },
            {
                "text": "Service Providers",
                "type": "h2"
            },
            {
                "text": "Some of the third party providers we use are:",
                "type": "list_intro"
            }
        ],
        "passage": "Google Analytics to monitor the use of and traffic volumes to our Website and Vegetable Garden Planning Software, and",
        "annotations": [
            {
                "requirement": "Data Recipients",
                "value": "Google Analytics",
                "performed": true
            },
            {
                "requirement": "Processing Purpose",
                "value": "monitor the use of [...] our Website and Vegetable Garden Planning Software",
                "performed": true
            },
            {
                "requirement": "Processing Purpose",
                "value": "monitor [...] traffic volumes to our Website and Vegetable Garden Planning Software",
                "performed": true
            }
        ]
    },
    {
        "type": "text",
        "context": [
            {
                "text": "Privacy Policy",
                "type": "h1"
            },
            {
                "text": "Service Providers",
                "type": "h2"
            },
            {
                "text": "Some of the third party providers we use are:",
                "type": "list_intro"
            }
        ],
        "passage": "GSuite for managing our corporate systems (email and office applications). for example, if you send us an email or use the contact us form the email sent to us will be recieved by and stored in Google's Gsuite Platform.",
        "annotations": [
            {
                "requirement": "Data Recipients",
                "value": "GSuite",
                "performed": true
            },
            {
                "requirement": "Processing Purpose",
                "value": "managing our corporate systems (email and office applications)",
                "performed": true
            }
        ]
    },
    {
        "type": "text",
        "context": [
            {
                "text": "Privacy Policy",
                "type": "h1"
            },
            {
                "text": "Service Providers",
                "type": "h2"
            },
            {
                "text": "Some of the third party providers we use are:",
                "type": "list_intro"
            }
        ],
        "passage": "Google's Privacy Policies",
        "annotations": [
            {
                "requirement": "Data Recipients",
                "value": "Google",
                "performed": true
            }
        ]
    },
    {
        "type": "text",
        "context": [
            {
                "text": "Privacy Policy",
                "type": "h1"
            },
            {
                "text": "Service Providers",
                "type": "h2"
            },
            {
                "text": "Some of the third party providers we use are:",
                "type": "list_intro"
            }
        ],
        "passage": "TrustPilot - We use TrustPilot to gather and manage customer reviews for our services. We may contact you via email to invite you to review any services and/or products you received from us in order to collect your feedback and improve our services. We use an external company, Trustpilot A/S (\u201cTrustpilot\u201d), to collect your feedback which means that we will share your email address with Trustpilot for that Purpose.",
        "annotations": [
            {
                "requirement": "Processing Purpose",
                "value": "gather and manage customer reviews for our services",
                "performed": true
            },
            {
                "requirement": "Processing Purpose",
                "value": "invite you to review any services and/or products you received from us",
                "performed": true
            },
            {
                "requirement": "Processing Purpose",
                "value": "collect your feedback",
                "performed": true
            },
            {
                "requirement": "Processing Purpose",
                "value": "improve our services",
                "performed": true
            },
            {
                "requirement": "Data Recipients",
                "value": "Trustpilot A/S (\"Trustpilot\")",
                "performed": true
            },
            {
                "requirement": "Data Categories",
                "value": "your feedback",
                "performed": true
            },
            {
                "requirement": "Data Categories",
                "value": "your email address",
                "performed": true
            },
            {
                "requirement": "Data Recipients",
                "value": "TrustPilot",
                "performed": true
            }
        ]
    },
    {
        "type": "text",
        "context": [
            {
                "text": "Privacy Policy",
                "type": "h1"
            },
            {
                "text": "Service Providers",
                "type": "h2"
            },
            {
                "text": "Some of the third party providers we use are:",
                "type": "list_intro"
            }
        ],
        "passage": "We may also use such reviews in other promotional material and media for our advertising and promotional purposes.",
        "annotations": [
            {
                "requirement": "Processing Purpose",
                "value": "advertising",
                "performed": true
            },
            {
                "requirement": "Processing Purpose",
                "value": "promotional purposes",
                "performed": true
            }
        ]
    },
    {
        "type": "text",
        "context": [
            {
                "text": "Privacy Policy",
                "type": "h1"
            },
            {
                "text": "Service Providers",
                "type": "h2"
            },
            {
                "text": "Some of the third party providers we use are:",
                "type": "list_intro"
            }
        ],
        "passage": "If you want to read more about how Trustpilot process your data, you can find their Privacy Policy here.",
        "annotations": [
            {
                "requirement": "Data Recipients",
                "value": "Trustpilot",
                "performed": true
            }
        ]
    },
    {
        "type": "text",
        "context": [
            {
                "text": "Privacy Policy",
                "type": "h1"
            },
            {
                "text": "Service Providers",
                "type": "h2"
            },
            {
                "text": "Some of the third party providers we use are:",
                "type": "list_intro"
            }
        ],
        "passage": "TrustPilot's Privacy Policies",
        "annotations": [
            {
                "requirement": "Data Recipients",
                "value": "TrustPilot",
                "performed": true
            }
        ]
    },
    {
        "type": "headline",
        "context": [
            {
                "text": "Privacy Policy",
                "type": "h1"
            },
            {
                "text": "Service Providers",
                "type": "h2"
            }
        ],
        "passage": "Communications",
        "annotations": []
    },
    {
        "type": "text",
        "context": [
            {
                "text": "Privacy Policy",
                "type": "h1"
            },
            {
                "text": "Communications",
                "type": "h2"
            }
        ],
        "passage": "We may use your Personal Information to contact you with newsletters, marketing or promotional materials and other information that may be of interest to you. You may opt out of receiving any, or all, of these communications from us by following the unsubscribe link or instructions provided in any email we send or by contacting us.",
        "annotations": [
            {
                "requirement": "Processing Purpose",
                "value": "contact you with newsletters",
                "performed": true
            },
            {
                "requirement": "Processing Purpose",
                "value": "contact you with [...] marketing or promotional materials",
                "performed": true
            },
            {
                "requirement": "Processing Purpose",
                "value": "contact you with [...] other information that may be of interest to you",
                "performed": true
            },
            {
                "requirement": "Right to Withdraw Consent",
                "value": "opt out of receiving any, or all, of these communications",
                "performed": true
            },
            {
                "requirement": "Right to Withdraw Consent",
                "value": "following the unsubscribe link or instructions provided in any email we send",
                "performed": true
            },
            {
                "requirement": "Right to Withdraw Consent",
                "value": "contacting us",
                "performed": true
            }
        ]
    },
    {
        "type": "headline",
        "context": [
            {
                "text": "Privacy Policy",
                "type": "h1"
            },
            {
                "text": "Communications",
                "type": "h2"
            }
        ],
        "passage": "Compliance With Laws",
        "annotations": []
    },
    {
        "type": "text",
        "context": [
            {
                "text": "Privacy Policy",
                "type": "h1"
            },
            {
                "text": "Compliance With Laws",
                "type": "h2"
            }
        ],
        "passage": "We will disclose your Personal Information where required to do so by law or in accordance with an order of a court of competent jurisdiction, or if we believe that such action is necessary to comply with the law and the reasonable requests of law enforcement or to protect the security or integrity of our Service.",
        "annotations": [
            {
                "requirement": "Processing Purpose",
                "value": "comply with the law",
                "performed": true
            },
            {
                "requirement": "Processing Purpose",
                "value": "reasonable requests of law enforcement",
                "performed": true
            },
            {
                "requirement": "Processing Purpose",
                "value": "protect the security [...] of our Service",
                "performed": true
            }
        ]
    },
    {
        "type": "headline",
        "context": [
            {
                "text": "Privacy Policy",
                "type": "h1"
            },
            {
                "text": "Compliance With Laws",
                "type": "h2"
            }
        ],
        "passage": "Security",
        "annotations": []
    },
    {
        "type": "text",
        "context": [
            {
                "text": "Privacy Policy",
                "type": "h1"
            },
            {
                "text": "Security",
                "type": "h2"
            }
        ],
        "passage": "The security of your Personal Information is important to us, but remember that no method of transmission over the Internet, or method of electronic storage is 100% secure. While we strive to use commercially acceptable means to protect your Personal Information, we cannot guarantee its absolute security. As such we make no warranties as to the level of security afforded to your data, except that we will always act in accordance with the relevant UK and EU legislation.",
        "annotations": []
    },
    {
        "type": "headline",
        "context": [
            {
                "text": "Privacy Policy",
                "type": "h1"
            },
            {
                "text": "Security",
                "type": "h2"
            }
        ],
        "passage": "International Transfer",
        "annotations": []
    },
    {
        "type": "text",
        "context": [
            {
                "text": "Privacy Policy",
                "type": "h1"
            },
            {
                "text": "International Transfer",
                "type": "h2"
            }
        ],
        "passage": "Your information, including Personal Information, may be transferred to \u2014 and maintained on \u2014 computers located outside of your state, province, country or other governmental jurisdiction where the data protection laws may differ than those from your jurisdiction.",
        "annotations": [
            {
                "requirement": "Third-country Transfers",
                "value": "transferred to \u2014 and maintained on \u2014 computers located outside of your state, province, country or other governmental jurisdiction",
                "performed": true
            }
        ]
    },
    {
        "type": "text",
        "context": [
            {
                "text": "Privacy Policy",
                "type": "h1"
            },
            {
                "text": "International Transfer",
                "type": "h2"
            }
        ],
        "passage": "If you choose to provide information to us, please note that we transfer the information, including Personal Information, to United Kingdom or United States and process it at these locations.",
        "annotations": [
            {
                "requirement": "Third-country Transfers",
                "value": "United Kingdom",
                "performed": true
            },
            {
                "requirement": "Third-country Transfers",
                "value": "United States",
                "performed": true
            }
        ]
    },
    {
        "type": "text",
        "context": [
            {
                "text": "Privacy Policy",
                "type": "h1"
            },
            {
                "text": "International Transfer",
                "type": "h2"
            }
        ],
        "passage": "Your consent to this Privacy Policy followed by your submission of such information represents your agreement to that transfer.",
        "annotations": []
    },
    {
        "type": "text",
        "context": [
            {
                "text": "Privacy Policy",
                "type": "h1"
            },
            {
                "text": "International Transfer",
                "type": "h2"
            }
        ],
        "passage": "In the event that a dispute arises with regards to the international transfer of data, you agree that the courts of England and Wales shall have exclusive jurisdiction over the matter.",
        "annotations": []
    },
    {
        "type": "headline",
        "context": [
            {
                "text": "Privacy Policy",
                "type": "h1"
            },
            {
                "text": "International Transfer",
                "type": "h2"
            }
        ],
        "passage": "Links To Other Sites",
        "annotations": []
    },
    {
        "type": "text",
        "context": [
            {
                "text": "Privacy Policy",
                "type": "h1"
            },
            {
                "text": "Links To Other Sites",
                "type": "h2"
            }
        ],
        "passage": "Our Service may contain links to other sites that are not operated by us. If you click on a third party link, you will be directed to that third party's site. We strongly advise you to review the Privacy Policy of every site you visit.",
        "annotations": []
    },
    {
        "type": "text",
        "context": [
            {
                "text": "Privacy Policy",
                "type": "h1"
            },
            {
                "text": "Links To Other Sites",
                "type": "h2"
            }
        ],
        "passage": "We have no control over, and assume no responsibility for the content, privacy policies or practices of any third party sites or services.",
        "annotations": []
    },
    {
        "type": "headline",
        "context": [
            {
                "text": "Privacy Policy",
                "type": "h1"
            },
            {
                "text": "Links To Other Sites",
                "type": "h2"
            }
        ],
        "passage": "Children's Privacy",
        "annotations": []
    },
    {
        "type": "text",
        "context": [
            {
                "text": "Privacy Policy",
                "type": "h1"
            },
            {
                "text": "Children's Privacy",
                "type": "h2"
            }
        ],
        "passage": "Our Service does not directly address anyone under the age of 13 (\"Children\").",
        "annotations": []
    },
    {
        "type": "text",
        "context": [
            {
                "text": "Privacy Policy",
                "type": "h1"
            },
            {
                "text": "Children's Privacy",
                "type": "h2"
            }
        ],
        "passage": "We do not knowingly collect personally identifiable information from children under 13. If you are a parent or guardian and you are aware that your Children has provided us with Personal Information, please contact us. If we become aware that we have collected Personal Information from a children under age 13 without verification of parental consent, we take steps to remove that information from our servers.",
        "annotations": []
    },
    {
        "type": "headline",
        "context": [
            {
                "text": "Privacy Policy",
                "type": "h1"
            },
            {
                "text": "Children's Privacy",
                "type": "h2"
            }
        ],
        "passage": "Changes To This Privacy Policy",
        "annotations": []
    },
    {
        "type": "text",
        "context": [
            {
                "text": "Privacy Policy",
                "type": "h1"
            },
            {
                "text": "Changes To This Privacy Policy",
                "type": "h2"
            }
        ],
        "passage": "We may update our Privacy Policy from time to time. We will notify you of any changes by posting the new Privacy Policy on this page.",
        "annotations": []
    },
    {
        "type": "text",
        "context": [
            {
                "text": "Privacy Policy",
                "type": "h1"
            },
            {
                "text": "Changes To This Privacy Policy",
                "type": "h2"
            }
        ],
        "passage": "You are advised to review this Privacy Policy periodically for any changes. Changes to this Privacy Policy are effective when they are posted on this page.",
        "annotations": []
    },
    {
        "type": "text",
        "context": [
            {
                "text": "Privacy Policy",
                "type": "h1"
            },
            {
                "text": "Changes To This Privacy Policy",
                "type": "h2"
            }
        ],
        "passage": "If we make any material changes to this Privacy Policy, we will notify you either through the email address you have provided us, or by placing a prominent notice on our website.",
        "annotations": []
    },
    {
        "type": "headline",
        "context": [
            {
                "text": "Privacy Policy",
                "type": "h1"
            },
            {
                "text": "Changes To This Privacy Policy",
                "type": "h2"
            }
        ],
        "passage": "Jurisdiction",
        "annotations": []
    },
    {
        "type": "text",
        "context": [
            {
                "text": "Privacy Policy",
                "type": "h1"
            },
            {
                "text": "Jurisdiction",
                "type": "h2"
            }
        ],
        "passage": "This Policy shall be governed and construed in accordance with the laws of England and Wales, without regard to its conflict of law provisions.",
        "annotations": []
    },
    {
        "type": "headline",
        "context": [
            {
                "text": "Privacy Policy",
                "type": "h1"
            },
            {
                "text": "Jurisdiction",
                "type": "h2"
            }
        ],
        "passage": "Contact Us",
        "annotations": []
    },
    {
        "type": "text",
        "context": [
            {
                "text": "Privacy Policy",
                "type": "h1"
            },
            {
                "text": "Contact Us",
                "type": "h2"
            }
        ],
        "passage": "If you have any questions about this Privacy Policy, please contact us.",
        "annotations": []
    }
]