[{"type":"text","context":[],"passage":"The app does not collect any personal or personally identifiable information of any kind.","annotations":[]},{"type":"text","context":[],"passage":"The app handles notifications with the purpose of enabling notification sharing between the android device and the other chosen device. The app indicates the device network address to the user.","annotations":[{"requirement":"Processing Purpose","value":"enabling notification sharing between the android device and the other chosen device","performed":true},{"requirement":"Data Categories","value":"device network address","performed":true}]},{"type":"text","context":[],"passage":"Bluetooth and network permissions are required for the connecting of devices and notification permission is asked for by the android system on behalf of the app.","annotations":[{"requirement":"Processing Purpose","value":"connecting of devices","performed":true}]}]