[
    {
        "type": "headline",
        "context": [],
        "passage": "Plump Privacy Policy",
        "annotations": []
    },
    {
        "type": "text",
        "context": [
            {
                "text": "Plump Privacy Policy",
                "type": "h2"
            }
        ],
        "passage": "Cristiano Bartel built the Plump app as an Ad Supported app. This SERVICE is provided by Cristiano Bartel at no cost and is intended for use as is.",
        "annotations": [
            {
                "requirement": "Controller Name",
                "value": "Cristiano Bartel",
                "performed": true
            }
        ]
    },
    {
        "type": "text",
        "context": [
            {
                "text": "Plump Privacy Policy",
                "type": "h2"
            }
        ],
        "passage": "This page is used to inform visitors regarding my policies with the collection, use, and disclosure of Personal Information if anyone decided to use my Service.",
        "annotations": []
    },
    {
        "type": "text",
        "context": [
            {
                "text": "Plump Privacy Policy",
                "type": "h2"
            }
        ],
        "passage": "If you choose to use my Service, then you agree to the collection and use of information in relation to this policy. The Personal Information that I collect is used for providing and improving the Service. I will not use or share your information with anyone except as described in this Privacy Policy.",
        "annotations": [
            {
                "requirement": "Processing Purpose",
                "value": "providing and improving the Service",
                "performed": true
            }
        ]
    },
    {
        "type": "text",
        "context": [
            {
                "text": "Plump Privacy Policy",
                "type": "h2"
            }
        ],
        "passage": "The terms used in this Privacy Policy have the same meanings as in our Terms and Conditions, which are accessible at Plump unless otherwise defined in this Privacy Policy.",
        "annotations": []
    },
    {
        "type": "headline",
        "context": [
            {
                "text": "Plump Privacy Policy",
                "type": "h2"
            }
        ],
        "passage": "Information Collection and Use",
        "annotations": []
    },
    {
        "type": "text",
        "context": [
            {
                "text": "Information Collection and Use",
                "type": "h2"
            }
        ],
        "passage": "For a better experience, while using our Service, I may require you to provide us with certain personally identifiable information, including but not limited to Cristiano Bartel. The information that I request will be retained on your device and is not collected by me in any way.",
        "annotations": [
            {
                "requirement": "Data Categories",
                "value": "personally identifiable information",
                "performed": true
            },
            {
                "requirement": "Data Retention Period",
                "value": "will be retained on your device",
                "performed": true
            },
            {
                "requirement": "Data Categories",
                "value": "Cristiano Bartel",
                "performed": true
            },
            {
                "requirement": "Source of Data",
                "value": "is not collected by me in any way",
                "performed": true
            }
        ]
    },
    {
        "type": "text",
        "context": [
            {
                "text": "Information Collection and Use",
                "type": "h2"
            }
        ],
        "passage": "The app does use third-party services that may collect information used to identify you.",
        "annotations": [
            {
                "requirement": "Data Recipients",
                "value": "third-party services",
                "performed": true
            },
            {
                "requirement": "Processing Purpose",
                "value": "identify you",
                "performed": true
            }
        ]
    },
    {
        "type": "text",
        "context": [
            {
                "text": "Information Collection and Use",
                "type": "h2"
            }
        ],
        "passage": "Link to the privacy policy of third-party service providers used by the app",
        "annotations": []
    },
    {
        "type": "list_item",
        "context": [
            {
                "text": "Information Collection and Use",
                "type": "h2"
            },
            {
                "text": "Link to the privacy policy of third-party service providers used by the app",
                "type": "list_intro"
            }
        ],
        "passage": "Google Play Services",
        "annotations": [
            {
                "requirement": "Data Recipients",
                "value": "Google Play Services",
                "performed": true
            }
        ]
    },
    {
        "type": "list_item",
        "context": [
            {
                "text": "Information Collection and Use",
                "type": "h2"
            },
            {
                "text": "Link to the privacy policy of third-party service providers used by the app",
                "type": "list_intro"
            }
        ],
        "passage": "AdMob",
        "annotations": [
            {
                "requirement": "Data Recipients",
                "value": "AdMob",
                "performed": true
            }
        ]
    },
    {
        "type": "headline",
        "context": [
            {
                "text": "Information Collection and Use",
                "type": "h2"
            }
        ],
        "passage": "Log Data",
        "annotations": [
            {
                "requirement": "Data Categories",
                "value": "Log Data",
                "performed": true
            }
        ]
    },
    {
        "type": "text",
        "context": [
            {
                "text": "Log Data",
                "type": "h2"
            }
        ],
        "passage": "I want to inform you that whenever you use my Service, in a case of an error in the app I collect data and information (through third-party products) on your phone called Log Data. This Log Data may include information such as your device Internet Protocol (\u201cIP\u201d) address, device name, operating system version, the configuration of the app when utilizing my Service, the time and date of your use of the Service, and other statistics.",
        "annotations": []
    },
    {
        "type": "headline",
        "context": [
            {
                "text": "Log Data",
                "type": "h2"
            }
        ],
        "passage": "Cookies",
        "annotations": []
    },
    {
        "type": "text",
        "context": [
            {
                "text": "Cookies",
                "type": "h2"
            }
        ],
        "passage": "Cookies are files with a small amount of data that are commonly used as anonymous unique identifiers. These are sent to your browser from the websites that you visit and are stored on your device's internal memory.",
        "annotations": []
    },
    {
        "type": "text",
        "context": [
            {
                "text": "Cookies",
                "type": "h2"
            }
        ],
        "passage": "This Service does not use these \u201ccookies\u201d explicitly. However, the app may use third-party code and libraries that use \u201ccookies\u201d to collect information and improve their services. You have the option to either accept or refuse these cookies and know when a cookie is being sent to your device. If you choose to refuse our cookies, you may not be able to use some portions of this Service.",
        "annotations": []
    },
    {
        "type": "headline",
        "context": [
            {
                "text": "Cookies",
                "type": "h2"
            }
        ],
        "passage": "Service Providers",
        "annotations": []
    },
    {
        "type": "text",
        "context": [
            {
                "text": "Service Providers",
                "type": "h2"
            }
        ],
        "passage": "I may employ third-party companies and individuals due to the following reasons:",
        "annotations": [
            {
                "requirement": "Data Recipients",
                "value": "third-party companies and individuals",
                "performed": true
            }
        ]
    },
    {
        "type": "list_item",
        "context": [
            {
                "text": "Service Providers",
                "type": "h2"
            },
            {
                "text": "I may employ third-party companies and individuals due to the following reasons:",
                "type": "list_intro"
            }
        ],
        "passage": "To facilitate our Service;",
        "annotations": [
            {
                "requirement": "Processing Purpose",
                "value": "facilitate our Service",
                "performed": true
            }
        ]
    },
    {
        "type": "list_item",
        "context": [
            {
                "text": "Service Providers",
                "type": "h2"
            },
            {
                "text": "I may employ third-party companies and individuals due to the following reasons:",
                "type": "list_intro"
            }
        ],
        "passage": "To provide the Service on our behalf;",
        "annotations": [
            {
                "requirement": "Processing Purpose",
                "value": "provide the Service on our behalf",
                "performed": true
            }
        ]
    },
    {
        "type": "list_item",
        "context": [
            {
                "text": "Service Providers",
                "type": "h2"
            },
            {
                "text": "I may employ third-party companies and individuals due to the following reasons:",
                "type": "list_intro"
            }
        ],
        "passage": "To perform Service-related services; or",
        "annotations": [
            {
                "requirement": "Processing Purpose",
                "value": "perform Service-related services",
                "performed": true
            }
        ]
    },
    {
        "type": "list_item",
        "context": [
            {
                "text": "Service Providers",
                "type": "h2"
            },
            {
                "text": "I may employ third-party companies and individuals due to the following reasons:",
                "type": "list_intro"
            }
        ],
        "passage": "To assist us in analyzing how our Service is used.",
        "annotations": [
            {
                "requirement": "Data Recipients",
                "value": "third-party companies and individuals",
                "performed": true
            },
            {
                "requirement": "Processing Purpose",
                "value": "analyzing how our Service is used",
                "performed": true
            }
        ]
    },
    {
        "type": "text",
        "context": [
            {
                "text": "Service Providers",
                "type": "h2"
            }
        ],
        "passage": "I want to inform users of this Service that these third parties have access to their Personal Information. The reason is to perform the tasks assigned to them on our behalf. However, they are obligated not to disclose or use the information for any other purpose.",
        "annotations": [
            {
                "requirement": "Data Recipients",
                "value": "these third parties",
                "performed": true
            },
            {
                "requirement": "Processing Purpose",
                "value": "perform the tasks assigned to them on our behalf",
                "performed": true
            }
        ]
    },
    {
        "type": "headline",
        "context": [
            {
                "text": "Service Providers",
                "type": "h2"
            }
        ],
        "passage": "Security",
        "annotations": []
    },
    {
        "type": "text",
        "context": [
            {
                "text": "Security",
                "type": "h2"
            }
        ],
        "passage": "I value your trust in providing us your Personal Information, thus we are striving to use commercially acceptable means of protecting it. But remember that no method of transmission over the internet, or method of electronic storage is 100% secure and reliable, and I cannot guarantee its absolute security.",
        "annotations": []
    },
    {
        "type": "headline",
        "context": [
            {
                "text": "Security",
                "type": "h2"
            }
        ],
        "passage": "Links to Other Sites",
        "annotations": []
    },
    {
        "type": "text",
        "context": [
            {
                "text": "Links to Other Sites",
                "type": "h2"
            }
        ],
        "passage": "This Service may contain links to other sites. If you click on a third-party link, you will be directed to that site. Note that these external sites are not operated by me. Therefore, I strongly advise you to review the Privacy Policy of these websites. I have no control over and assume no responsibility for the content, privacy policies, or practices of any third-party sites or services.",
        "annotations": []
    },
    {
        "type": "headline",
        "context": [
            {
                "text": "Links to Other Sites",
                "type": "h2"
            }
        ],
        "passage": "Children\u2019s Privacy",
        "annotations": []
    },
    {
        "type": "text",
        "context": [
            {
                "text": "Children\u2019s Privacy",
                "type": "h2"
            }
        ],
        "passage": "These Services do not address anyone under the age of 13. I do not knowingly collect personally identifiable information from children under 13 years of age. In the case I discover that a child under 13 has provided me with personal information, I immediately delete this from our servers. If you are a parent or guardian and you are aware that your child has provided us with personal information, please contact me so that I will be able to do the necessary actions.",
        "annotations": [
            {
                "requirement": "Data Categories",
                "value": "personally identifiable information from children under 13 years of age",
                "performed": false
            },
            {
                "requirement": "Mandatory Data Disclosure",
                "value": "If you are a parent or guardian and you are aware that your child has provided us with personal information, please contact me",
                "performed": true
            }
        ]
    },
    {
        "type": "headline",
        "context": [
            {
                "text": "Children\u2019s Privacy",
                "type": "h2"
            }
        ],
        "passage": "Changes to This Privacy Policy",
        "annotations": []
    },
    {
        "type": "text",
        "context": [
            {
                "text": "Changes to This Privacy Policy",
                "type": "h2"
            }
        ],
        "passage": "I may update our Privacy Policy from time to time. Thus, you are advised to review this page periodically for any changes. I will notify you of any changes by posting the new Privacy Policy on this page.",
        "annotations": []
    },
    {
        "type": "text",
        "context": [
            {
                "text": "Changes to This Privacy Policy",
                "type": "h2"
            }
        ],
        "passage": "This policy is effective as of 2023-08-22",
        "annotations": [
            {
                "requirement": "Data Retention Period",
                "value": "effective as of 2023-08-22",
                "performed": true
            }
        ]
    },
    {
        "type": "headline",
        "context": [
            {
                "text": "Changes to This Privacy Policy",
                "type": "h2"
            }
        ],
        "passage": "Contact Us",
        "annotations": []
    },
    {
        "type": "text",
        "context": [
            {
                "text": "Contact Us",
                "type": "h2"
            }
        ],
        "passage": "If you have any questions or suggestions about my Privacy Policy, do not hesitate to contact me at cris.bartel@gmail.com.",
        "annotations": [
            {
                "requirement": "Controller Contact",
                "value": "cris.bartel@gmail.com",
                "performed": true
            }
        ]
    },
    {
        "type": "text",
        "context": [
            {
                "text": "Contact Us",
                "type": "h2"
            }
        ],
        "passage": "This privacy policy page was created at privacypolicytemplate.net and modified/generated by App Privacy Policy Generator",
        "annotations": []
    }
]