[
    {
        "type": "headline",
        "context": [],
        "passage": "Privacy Policy",
        "annotations": []
    },
    {
        "type": "text",
        "context": [
            {
                "text": "Privacy Policy",
                "type": "h1"
            }
        ],
        "passage": "Last updated: September 02, 2023",
        "annotations": []
    },
    {
        "type": "text",
        "context": [
            {
                "text": "Privacy Policy",
                "type": "h1"
            }
        ],
        "passage": "This Privacy Policy describes Our policies and procedures on the collection, use and disclosure of Your information when You use the Service and tells You about Your privacy rights and how the law protects You.",
        "annotations": []
    },
    {
        "type": "text",
        "context": [
            {
                "text": "Privacy Policy",
                "type": "h1"
            }
        ],
        "passage": "We use Your Personal data to provide and improve the Service. By using the Service, You agree to the collection and use of information in accordance with this Privacy Policy. This Privacy Policy has been created with the help of the Privacy Policy Generator.",
        "annotations": [
            {
                "requirement": "Processing Purpose",
                "value": "provide [...] the Service",
                "performed": true
            },
            {
                "requirement": "Processing Purpose",
                "value": "improve the Service",
                "performed": true
            }
        ]
    },
    {
        "type": "headline",
        "context": [
            {
                "text": "Privacy Policy",
                "type": "h1"
            }
        ],
        "passage": "Interpretation and Definitions",
        "annotations": []
    },
    {
        "type": "headline",
        "context": [
            {
                "text": "Interpretation and Definitions",
                "type": "h1"
            }
        ],
        "passage": "Interpretation",
        "annotations": []
    },
    {
        "type": "text",
        "context": [
            {
                "text": "Interpretation and Definitions",
                "type": "h1"
            },
            {
                "text": "Interpretation",
                "type": "h2"
            }
        ],
        "passage": "The words of which the initial letter is capitalized have meanings defined under the following conditions. The following definitions shall have the same meaning regardless of whether they appear in singular or in plural.",
        "annotations": []
    },
    {
        "type": "headline",
        "context": [
            {
                "text": "Interpretation and Definitions",
                "type": "h1"
            },
            {
                "text": "Interpretation",
                "type": "h2"
            }
        ],
        "passage": "Definitions",
        "annotations": []
    },
    {
        "type": "text",
        "context": [
            {
                "text": "Interpretation and Definitions",
                "type": "h1"
            },
            {
                "text": "Definitions",
                "type": "h2"
            }
        ],
        "passage": "For the purposes of this Privacy Policy:",
        "annotations": []
    },
    {
        "type": "text",
        "context": [
            {
                "text": "Interpretation and Definitions",
                "type": "h1"
            },
            {
                "text": "Definitions",
                "type": "h2"
            },
            {
                "text": "For the purposes of this Privacy Policy:",
                "type": "list_intro"
            }
        ],
        "passage": "Account means a unique account created for You to access our Service or parts of our Service.",
        "annotations": []
    },
    {
        "type": "text",
        "context": [
            {
                "text": "Interpretation and Definitions",
                "type": "h1"
            },
            {
                "text": "Definitions",
                "type": "h2"
            },
            {
                "text": "For the purposes of this Privacy Policy:",
                "type": "list_intro"
            }
        ],
        "passage": "Affiliate means an entity that controls, is controlled by or is under common control with a party, where \"control\" means ownership of 50% or more of the shares, equity interest or other securities entitled to vote for election of directors or other managing authority.",
        "annotations": []
    },
    {
        "type": "text",
        "context": [
            {
                "text": "Interpretation and Definitions",
                "type": "h1"
            },
            {
                "text": "Definitions",
                "type": "h2"
            },
            {
                "text": "For the purposes of this Privacy Policy:",
                "type": "list_intro"
            }
        ],
        "passage": "Application refers to Mystic 8 Ball, the software program provided by the Company.",
        "annotations": []
    },
    {
        "type": "text",
        "context": [
            {
                "text": "Interpretation and Definitions",
                "type": "h1"
            },
            {
                "text": "Definitions",
                "type": "h2"
            },
            {
                "text": "For the purposes of this Privacy Policy:",
                "type": "list_intro"
            }
        ],
        "passage": "Company (referred to as either \"the Company\", \"We\", \"Us\" or \"Our\" in this Agreement) refers to Mystic 8 Ball.",
        "annotations": [
            {
                "requirement": "Controller Name",
                "value": "Mystic 8 Ball",
                "performed": true
            }
        ]
    },
    {
        "type": "text",
        "context": [
            {
                "text": "Interpretation and Definitions",
                "type": "h1"
            },
            {
                "text": "Definitions",
                "type": "h2"
            },
            {
                "text": "For the purposes of this Privacy Policy:",
                "type": "list_intro"
            }
        ],
        "passage": "Country refers to: South Africa",
        "annotations": []
    },
    {
        "type": "text",
        "context": [
            {
                "text": "Interpretation and Definitions",
                "type": "h1"
            },
            {
                "text": "Definitions",
                "type": "h2"
            },
            {
                "text": "For the purposes of this Privacy Policy:",
                "type": "list_intro"
            }
        ],
        "passage": "Device means any device that can access the Service such as a computer, a cellphone or a digital tablet.",
        "annotations": []
    },
    {
        "type": "text",
        "context": [
            {
                "text": "Interpretation and Definitions",
                "type": "h1"
            },
            {
                "text": "Definitions",
                "type": "h2"
            },
            {
                "text": "For the purposes of this Privacy Policy:",
                "type": "list_intro"
            }
        ],
        "passage": "Personal Data is any information that relates to an identified or identifiable individual.",
        "annotations": []
    },
    {
        "type": "text",
        "context": [
            {
                "text": "Interpretation and Definitions",
                "type": "h1"
            },
            {
                "text": "Definitions",
                "type": "h2"
            },
            {
                "text": "For the purposes of this Privacy Policy:",
                "type": "list_intro"
            }
        ],
        "passage": "Service refers to the Application.",
        "annotations": []
    },
    {
        "type": "text",
        "context": [
            {
                "text": "Interpretation and Definitions",
                "type": "h1"
            },
            {
                "text": "Definitions",
                "type": "h2"
            },
            {
                "text": "For the purposes of this Privacy Policy:",
                "type": "list_intro"
            }
        ],
        "passage": "Service Provider means any natural or legal person who processes the data on behalf of the Company. It refers to third-party companies or individuals employed by the Company to facilitate the Service, to provide the Service on behalf of the Company, to perform services related to the Service or to assist the Company in analyzing how the Service is used.",
        "annotations": []
    },
    {
        "type": "text",
        "context": [
            {
                "text": "Interpretation and Definitions",
                "type": "h1"
            },
            {
                "text": "Definitions",
                "type": "h2"
            },
            {
                "text": "For the purposes of this Privacy Policy:",
                "type": "list_intro"
            }
        ],
        "passage": "Usage Data refers to data collected automatically, either generated by the use of the Service or from the Service infrastructure itself (for example, the duration of a page visit).",
        "annotations": []
    },
    {
        "type": "text",
        "context": [
            {
                "text": "Interpretation and Definitions",
                "type": "h1"
            },
            {
                "text": "Definitions",
                "type": "h2"
            },
            {
                "text": "For the purposes of this Privacy Policy:",
                "type": "list_intro"
            }
        ],
        "passage": "You means the individual accessing or using the Service, or the company, or other legal entity on behalf of which such individual is accessing or using the Service, as applicable.",
        "annotations": []
    },
    {
        "type": "headline",
        "context": [
            {
                "text": "Interpretation and Definitions",
                "type": "h1"
            },
            {
                "text": "Definitions",
                "type": "h2"
            }
        ],
        "passage": "Collecting and Using Your Personal Data",
        "annotations": []
    },
    {
        "type": "headline",
        "context": [
            {
                "text": "Collecting and Using Your Personal Data",
                "type": "h1"
            }
        ],
        "passage": "Types of Data Collected",
        "annotations": []
    },
    {
        "type": "headline",
        "context": [
            {
                "text": "Collecting and Using Your Personal Data",
                "type": "h1"
            },
            {
                "text": "Types of Data Collected",
                "type": "h2"
            }
        ],
        "passage": "Personal Data",
        "annotations": []
    },
    {
        "type": "text",
        "context": [
            {
                "text": "Collecting and Using Your Personal Data",
                "type": "h1"
            },
            {
                "text": "Types of Data Collected",
                "type": "h2"
            },
            {
                "text": "Personal Data",
                "type": "h3"
            }
        ],
        "passage": "While using Our Service, We may ask You to provide Us with certain personally identifiable information that can be used to contact or identify You. Personally identifiable information may include, but is not limited to:",
        "annotations": [
            {
                "requirement": "Data Categories",
                "value": "personally identifiable information",
                "performed": true
            },
            {
                "requirement": "Processing Purpose",
                "value": "contact [...] You",
                "performed": true
            },
            {
                "requirement": "Processing Purpose",
                "value": "identify You",
                "performed": true
            }
        ]
    },
    {
        "type": "list_item",
        "context": [
            {
                "text": "Collecting and Using Your Personal Data",
                "type": "h1"
            },
            {
                "text": "Types of Data Collected",
                "type": "h2"
            },
            {
                "text": "Personal Data",
                "type": "h3"
            },
            {
                "text": "While using Our Service, We may ask You to provide Us with certain personally identifiable information that can be used to contact or identify You. Personally identifiable information may include, but is not limited to:",
                "type": "list_intro"
            }
        ],
        "passage": "Usage Data",
        "annotations": []
    },
    {
        "type": "headline",
        "context": [
            {
                "text": "Collecting and Using Your Personal Data",
                "type": "h1"
            },
            {
                "text": "Types of Data Collected",
                "type": "h2"
            },
            {
                "text": "Personal Data",
                "type": "h3"
            }
        ],
        "passage": "Usage Data",
        "annotations": []
    },
    {
        "type": "text",
        "context": [
            {
                "text": "Collecting and Using Your Personal Data",
                "type": "h1"
            },
            {
                "text": "Types of Data Collected",
                "type": "h2"
            },
            {
                "text": "Usage Data",
                "type": "h3"
            }
        ],
        "passage": "Usage Data is collected automatically when using the Service.",
        "annotations": [
            {
                "requirement": "Data Categories",
                "value": "Usage Data",
                "performed": true
            }
        ]
    },
    {
        "type": "text",
        "context": [
            {
                "text": "Collecting and Using Your Personal Data",
                "type": "h1"
            },
            {
                "text": "Types of Data Collected",
                "type": "h2"
            },
            {
                "text": "Usage Data",
                "type": "h3"
            }
        ],
        "passage": "Usage Data may include information such as Your Device's Internet Protocol address (e.g. IP address), browser type, browser version, the pages of our Service that You visit, the time and date of Your visit, the time spent on those pages, unique device identifiers and other diagnostic data.",
        "annotations": [
            {
                "requirement": "Data Categories",
                "value": "Your Device's Internet Protocol address (e.g. IP address)",
                "performed": true
            },
            {
                "requirement": "Data Categories",
                "value": "browser type",
                "performed": true
            },
            {
                "requirement": "Data Categories",
                "value": "browser version",
                "performed": true
            },
            {
                "requirement": "Data Categories",
                "value": "the pages of our Service that You visit",
                "performed": true
            },
            {
                "requirement": "Data Categories",
                "value": "the time and date of Your visit",
                "performed": true
            },
            {
                "requirement": "Data Categories",
                "value": "the time spent on those pages",
                "performed": true
            },
            {
                "requirement": "Data Categories",
                "value": "unique device identifiers",
                "performed": true
            },
            {
                "requirement": "Data Categories",
                "value": "other diagnostic data",
                "performed": true
            }
        ]
    },
    {
        "type": "text",
        "context": [
            {
                "text": "Collecting and Using Your Personal Data",
                "type": "h1"
            },
            {
                "text": "Types of Data Collected",
                "type": "h2"
            },
            {
                "text": "Usage Data",
                "type": "h3"
            }
        ],
        "passage": "When You access the Service by or through a mobile device, We may collect certain information automatically, including, but not limited to, the type of mobile device You use, Your mobile device unique ID, the IP address of Your mobile device, Your mobile operating system, the type of mobile Internet browser You use, unique device identifiers and other diagnostic data.",
        "annotations": [
            {
                "requirement": "Data Categories",
                "value": "the type of mobile device You use",
                "performed": true
            },
            {
                "requirement": "Data Categories",
                "value": "Your mobile device unique ID",
                "performed": true
            },
            {
                "requirement": "Data Categories",
                "value": "the IP address of Your mobile device",
                "performed": true
            },
            {
                "requirement": "Data Categories",
                "value": "Your mobile operating system",
                "performed": true
            },
            {
                "requirement": "Data Categories",
                "value": "the type of mobile Internet browser You use",
                "performed": true
            },
            {
                "requirement": "Data Categories",
                "value": "unique device identifiers",
                "performed": true
            },
            {
                "requirement": "Data Categories",
                "value": "other diagnostic data",
                "performed": true
            }
        ]
    },
    {
        "type": "text",
        "context": [
            {
                "text": "Collecting and Using Your Personal Data",
                "type": "h1"
            },
            {
                "text": "Types of Data Collected",
                "type": "h2"
            },
            {
                "text": "Usage Data",
                "type": "h3"
            }
        ],
        "passage": "We may also collect information that Your browser sends whenever You visit our Service or when You access the Service by or through a mobile device.",
        "annotations": [
            {
                "requirement": "Data Categories",
                "value": "information that Your browser sends",
                "performed": true
            }
        ]
    },
    {
        "type": "headline",
        "context": [
            {
                "text": "Collecting and Using Your Personal Data",
                "type": "h1"
            },
            {
                "text": "Types of Data Collected",
                "type": "h2"
            },
            {
                "text": "Usage Data",
                "type": "h3"
            }
        ],
        "passage": "Information Collected while Using the Application",
        "annotations": []
    },
    {
        "type": "text",
        "context": [
            {
                "text": "Collecting and Using Your Personal Data",
                "type": "h1"
            },
            {
                "text": "Types of Data Collected",
                "type": "h2"
            },
            {
                "text": "Information Collected while Using the Application",
                "type": "h3"
            }
        ],
        "passage": "While using Our Application, in order to provide features of Our Application, We may collect, with Your prior permission:",
        "annotations": [
            {
                "requirement": "Processing Purpose",
                "value": "provide features of Our Application",
                "performed": true
            },
            {
                "requirement": "Legal Basis for Processing",
                "value": "Your prior permission",
                "performed": true
            }
        ]
    },
    {
        "type": "list_item",
        "context": [
            {
                "text": "Collecting and Using Your Personal Data",
                "type": "h1"
            },
            {
                "text": "Types of Data Collected",
                "type": "h2"
            },
            {
                "text": "Information Collected while Using the Application",
                "type": "h3"
            },
            {
                "text": "While using Our Application, in order to provide features of Our Application, We may collect, with Your prior permission:",
                "type": "list_intro"
            }
        ],
        "passage": "Information regarding your location",
        "annotations": [
            {
                "requirement": "Data Categories",
                "value": "your location",
                "performed": true
            }
        ]
    },
    {
        "type": "text",
        "context": [
            {
                "text": "Collecting and Using Your Personal Data",
                "type": "h1"
            },
            {
                "text": "Types of Data Collected",
                "type": "h2"
            },
            {
                "text": "Information Collected while Using the Application",
                "type": "h3"
            }
        ],
        "passage": "We use this information to provide features of Our Service, to improve and customize Our Service. The information may be uploaded to the Company's servers and/or a Service Provider's server or it may be simply stored on Your device.",
        "annotations": [
            {
                "requirement": "Processing Purpose",
                "value": "provide features of Our Service",
                "performed": true
            },
            {
                "requirement": "Processing Purpose",
                "value": "improve [...] Our Service",
                "performed": true
            },
            {
                "requirement": "Processing Purpose",
                "value": "customize Our Service",
                "performed": true
            }
        ]
    },
    {
        "type": "text",
        "context": [
            {
                "text": "Collecting and Using Your Personal Data",
                "type": "h1"
            },
            {
                "text": "Types of Data Collected",
                "type": "h2"
            },
            {
                "text": "Information Collected while Using the Application",
                "type": "h3"
            }
        ],
        "passage": "You can enable or disable access to this information at any time, through Your Device settings.",
        "annotations": []
    },
    {
        "type": "headline",
        "context": [
            {
                "text": "Collecting and Using Your Personal Data",
                "type": "h1"
            },
            {
                "text": "Types of Data Collected",
                "type": "h2"
            },
            {
                "text": "Information Collected while Using the Application",
                "type": "h3"
            }
        ],
        "passage": "Use of Your Personal Data",
        "annotations": []
    },
    {
        "type": "text",
        "context": [
            {
                "text": "Collecting and Using Your Personal Data",
                "type": "h1"
            },
            {
                "text": "Use of Your Personal Data",
                "type": "h2"
            }
        ],
        "passage": "The Company may use Personal Data for the following purposes:",
        "annotations": []
    },
    {
        "type": "text",
        "context": [
            {
                "text": "Collecting and Using Your Personal Data",
                "type": "h1"
            },
            {
                "text": "Use of Your Personal Data",
                "type": "h2"
            },
            {
                "text": "The Company may use Personal Data for the following purposes:",
                "type": "list_intro"
            }
        ],
        "passage": "To provide and maintain our Service, including to monitor the usage of our Service.",
        "annotations": [
            {
                "requirement": "Processing Purpose",
                "value": "provide [...] our Service",
                "performed": true
            },
            {
                "requirement": "Processing Purpose",
                "value": "maintain our Service",
                "performed": true
            },
            {
                "requirement": "Processing Purpose",
                "value": "monitor the usage of our Service",
                "performed": true
            }
        ]
    },
    {
        "type": "text",
        "context": [
            {
                "text": "Collecting and Using Your Personal Data",
                "type": "h1"
            },
            {
                "text": "Use of Your Personal Data",
                "type": "h2"
            },
            {
                "text": "The Company may use Personal Data for the following purposes:",
                "type": "list_intro"
            }
        ],
        "passage": "To manage Your Account: to manage Your registration as a user of the Service. The Personal Data You provide can give You access to different functionalities of the Service that are available to You as a registered user.",
        "annotations": [
            {
                "requirement": "Processing Purpose",
                "value": "manage Your Account",
                "performed": true
            },
            {
                "requirement": "Processing Purpose",
                "value": "manage Your registration as a user of the Service",
                "performed": true
            },
            {
                "requirement": "Processing Purpose",
                "value": "give You access to different functionalities of the Service",
                "performed": true
            }
        ]
    },
    {
        "type": "text",
        "context": [
            {
                "text": "Collecting and Using Your Personal Data",
                "type": "h1"
            },
            {
                "text": "Use of Your Personal Data",
                "type": "h2"
            },
            {
                "text": "The Company may use Personal Data for the following purposes:",
                "type": "list_intro"
            }
        ],
        "passage": "For the performance of a contract: the development, compliance and undertaking of the purchase contract for the products, items or services You have purchased or of any other contract with Us through the Service.",
        "annotations": [
            {
                "requirement": "Processing Purpose",
                "value": "the development, compliance and undertaking of the purchase contract for the products, items or services You have purchased",
                "performed": true
            },
            {
                "requirement": "Legal Basis for Processing",
                "value": "the performance of a contract",
                "performed": true
            }
        ]
    },
    {
        "type": "text",
        "context": [
            {
                "text": "Collecting and Using Your Personal Data",
                "type": "h1"
            },
            {
                "text": "Use of Your Personal Data",
                "type": "h2"
            },
            {
                "text": "The Company may use Personal Data for the following purposes:",
                "type": "list_intro"
            }
        ],
        "passage": "To contact You: To contact You by email, telephone calls, SMS, or other equivalent forms of electronic communication, such as a mobile application's push notifications regarding updates or informative communications related to the functionalities, products or contracted services, including the security updates, when necessary or reasonable for their implementation.",
        "annotations": [
            {
                "requirement": "Processing Purpose",
                "value": "contact You",
                "performed": true
            }
        ]
    },
    {
        "type": "text",
        "context": [
            {
                "text": "Collecting and Using Your Personal Data",
                "type": "h1"
            },
            {
                "text": "Use of Your Personal Data",
                "type": "h2"
            },
            {
                "text": "The Company may use Personal Data for the following purposes:",
                "type": "list_intro"
            }
        ],
        "passage": "To provide You with news, special offers and general information about other goods, services and events which we offer that are similar to those that you have already purchased or enquired about unless You have opted not to receive such information.",
        "annotations": [
            {
                "requirement": "Processing Purpose",
                "value": "provide You with news",
                "performed": true
            },
            {
                "requirement": "Processing Purpose",
                "value": "provide You with [...] special offers",
                "performed": true
            },
            {
                "requirement": "Processing Purpose",
                "value": "provide You with [...] general information about other goods, services and events which we offer",
                "performed": true
            }
        ]
    },
    {
        "type": "text",
        "context": [
            {
                "text": "Collecting and Using Your Personal Data",
                "type": "h1"
            },
            {
                "text": "Use of Your Personal Data",
                "type": "h2"
            },
            {
                "text": "The Company may use Personal Data for the following purposes:",
                "type": "list_intro"
            }
        ],
        "passage": "To manage Your requests: To attend and manage Your requests to Us.",
        "annotations": [
            {
                "requirement": "Processing Purpose",
                "value": "manage Your requests",
                "performed": true
            },
            {
                "requirement": "Processing Purpose",
                "value": "attend and manage Your requests to Us",
                "performed": true
            }
        ]
    },
    {
        "type": "text",
        "context": [
            {
                "text": "Collecting and Using Your Personal Data",
                "type": "h1"
            },
            {
                "text": "Use of Your Personal Data",
                "type": "h2"
            },
            {
                "text": "The Company may use Personal Data for the following purposes:",
                "type": "list_intro"
            }
        ],
        "passage": "For business transfers: We may use Your information to evaluate or conduct a merger, divestiture, restructuring, reorganization, dissolution, or other sale or transfer of some or all of Our assets, whether as a going concern or as part of bankruptcy, liquidation, or similar proceeding, in which Personal Data held by Us about our Service users is among the assets transferred.",
        "annotations": [
            {
                "requirement": "Processing Purpose",
                "value": "evaluate or conduct a merger, divestiture, restructuring, reorganization, dissolution, or other sale or transfer of some or all of Our assets",
                "performed": true
            }
        ]
    },
    {
        "type": "text",
        "context": [
            {
                "text": "Collecting and Using Your Personal Data",
                "type": "h1"
            },
            {
                "text": "Use of Your Personal Data",
                "type": "h2"
            },
            {
                "text": "The Company may use Personal Data for the following purposes:",
                "type": "list_intro"
            }
        ],
        "passage": "For other purposes: We may use Your information for other purposes, such as data analysis, identifying usage trends, determining the effectiveness of our promotional campaigns and to evaluate and improve our Service, products, services, marketing and your experience.",
        "annotations": [
            {
                "requirement": "Processing Purpose",
                "value": "data analysis",
                "performed": true
            },
            {
                "requirement": "Processing Purpose",
                "value": "identifying usage trends",
                "performed": true
            },
            {
                "requirement": "Processing Purpose",
                "value": "determining the effectiveness of our promotional campaigns",
                "performed": true
            },
            {
                "requirement": "Processing Purpose",
                "value": "evaluate [...] our Service",
                "performed": true
            },
            {
                "requirement": "Processing Purpose",
                "value": "evaluate [...] your experience",
                "performed": true
            }
        ]
    },
    {
        "type": "text",
        "context": [
            {
                "text": "Collecting and Using Your Personal Data",
                "type": "h1"
            },
            {
                "text": "Use of Your Personal Data",
                "type": "h2"
            }
        ],
        "passage": "We may share Your personal information in the following situations:",
        "annotations": [
            {
                "requirement": "Data Categories",
                "value": "Your personal information",
                "performed": true
            }
        ]
    },
    {
        "type": "list_item",
        "context": [
            {
                "text": "Collecting and Using Your Personal Data",
                "type": "h1"
            },
            {
                "text": "Use of Your Personal Data",
                "type": "h2"
            },
            {
                "text": "We may share Your personal information in the following situations:",
                "type": "list_intro"
            }
        ],
        "passage": "With Service Providers: We may share Your personal information with Service Providers to monitor and analyze the use of our Service, to contact You.",
        "annotations": [
            {
                "requirement": "Data Recipients",
                "value": "Service Providers",
                "performed": true
            },
            {
                "requirement": "Processing Purpose",
                "value": "monitor and analyze the use of our Service",
                "performed": true
            },
            {
                "requirement": "Processing Purpose",
                "value": "contact You",
                "performed": true
            },
            {
                "requirement": "Processing Purpose",
                "value": "share Your personal information",
                "performed": true
            }
        ]
    },
    {
        "type": "list_item",
        "context": [
            {
                "text": "Collecting and Using Your Personal Data",
                "type": "h1"
            },
            {
                "text": "Use of Your Personal Data",
                "type": "h2"
            },
            {
                "text": "We may share Your personal information in the following situations:",
                "type": "list_intro"
            }
        ],
        "passage": "For business transfers: We may share or transfer Your personal information in connection with, or during negotiations of, any merger, sale of Company assets, financing, or acquisition of all or a portion of Our business to another company.",
        "annotations": [
            {
                "requirement": "Data Recipients",
                "value": "another company",
                "performed": true
            },
            {
                "requirement": "Processing Purpose",
                "value": "For business transfers",
                "performed": true
            }
        ]
    },
    {
        "type": "list_item",
        "context": [
            {
                "text": "Collecting and Using Your Personal Data",
                "type": "h1"
            },
            {
                "text": "Use of Your Personal Data",
                "type": "h2"
            },
            {
                "text": "We may share Your personal information in the following situations:",
                "type": "list_intro"
            }
        ],
        "passage": "With Affiliates: We may share Your information with Our affiliates, in which case we will require those affiliates to honor this Privacy Policy. Affiliates include Our parent company and any other subsidiaries, joint venture partners or other companies that We control or that are under common control with Us.",
        "annotations": [
            {
                "requirement": "Data Recipients",
                "value": "Our affiliates",
                "performed": true
            },
            {
                "requirement": "Data Recipients",
                "value": "Our parent company",
                "performed": true
            },
            {
                "requirement": "Data Recipients",
                "value": "any other subsidiaries",
                "performed": true
            },
            {
                "requirement": "Data Recipients",
                "value": "joint venture partners",
                "performed": true
            },
            {
                "requirement": "Data Recipients",
                "value": "other companies that [...] are under common control with Us",
                "performed": true
            }
        ]
    },
    {
        "type": "list_item",
        "context": [
            {
                "text": "Collecting and Using Your Personal Data",
                "type": "h1"
            },
            {
                "text": "Use of Your Personal Data",
                "type": "h2"
            },
            {
                "text": "We may share Your personal information in the following situations:",
                "type": "list_intro"
            }
        ],
        "passage": "With business partners: We may share Your information with Our business partners to offer You certain products, services or promotions.",
        "annotations": [
            {
                "requirement": "Data Recipients",
                "value": "business partners",
                "performed": true
            },
            {
                "requirement": "Processing Purpose",
                "value": "offer [...] certain products, services or promotions",
                "performed": true
            }
        ]
    },
    {
        "type": "list_item",
        "context": [
            {
                "text": "Collecting and Using Your Personal Data",
                "type": "h1"
            },
            {
                "text": "Use of Your Personal Data",
                "type": "h2"
            },
            {
                "text": "We may share Your personal information in the following situations:",
                "type": "list_intro"
            }
        ],
        "passage": "With other users: when You share personal information or otherwise interact in the public areas with other users, such information may be viewed by all users and may be publicly distributed outside.",
        "annotations": [
            {
                "requirement": "Data Recipients",
                "value": "other users",
                "performed": true
            },
            {
                "requirement": "Processing Purpose",
                "value": "interact in the public areas with other users",
                "performed": true
            }
        ]
    },
    {
        "type": "list_item",
        "context": [
            {
                "text": "Collecting and Using Your Personal Data",
                "type": "h1"
            },
            {
                "text": "Use of Your Personal Data",
                "type": "h2"
            },
            {
                "text": "We may share Your personal information in the following situations:",
                "type": "list_intro"
            }
        ],
        "passage": "With Your consent: We may disclose Your personal information for any other purpose with Your consent.",
        "annotations": [
            {
                "requirement": "Legal Basis for Processing",
                "value": "Your consent",
                "performed": true
            }
        ]
    },
    {
        "type": "headline",
        "context": [
            {
                "text": "Collecting and Using Your Personal Data",
                "type": "h1"
            },
            {
                "text": "Use of Your Personal Data",
                "type": "h2"
            }
        ],
        "passage": "Retention of Your Personal Data",
        "annotations": []
    },
    {
        "type": "text",
        "context": [
            {
                "text": "Collecting and Using Your Personal Data",
                "type": "h1"
            },
            {
                "text": "Retention of Your Personal Data",
                "type": "h2"
            }
        ],
        "passage": "The Company will retain Your Personal Data only for as long as is necessary for the purposes set out in this Privacy Policy. We will retain and use Your Personal Data to the extent necessary to comply with our legal obligations (for example, if we are required to retain your data to comply with applicable laws), resolve disputes, and enforce our legal agreements and policies.",
        "annotations": [
            {
                "requirement": "Data Retention Period",
                "value": "only for as long as is necessary for the purposes set out in this Privacy Policy",
                "performed": true
            },
            {
                "requirement": "Data Retention Period",
                "value": "to the extent necessary to comply with our legal obligations",
                "performed": true
            }
        ]
    },
    {
        "type": "text",
        "context": [
            {
                "text": "Collecting and Using Your Personal Data",
                "type": "h1"
            },
            {
                "text": "Retention of Your Personal Data",
                "type": "h2"
            }
        ],
        "passage": "The Company will also retain Usage Data for internal analysis purposes. Usage Data is generally retained for a shorter period of time, except when this data is used to strengthen the security or to improve the functionality of Our Service, or We are legally obligated to retain this data for longer time periods.",
        "annotations": [
            {
                "requirement": "Processing Purpose",
                "value": "internal analysis purposes",
                "performed": true
            },
            {
                "requirement": "Data Retention Period",
                "value": "retained for a shorter period of time",
                "performed": true
            },
            {
                "requirement": "Processing Purpose",
                "value": "strengthen the security",
                "performed": true
            },
            {
                "requirement": "Processing Purpose",
                "value": "improve the functionality of Our Service",
                "performed": true
            },
            {
                "requirement": "Data Retention Period",
                "value": "legally obligated to retain this data for longer time periods",
                "performed": true
            }
        ]
    },
    {
        "type": "headline",
        "context": [
            {
                "text": "Collecting and Using Your Personal Data",
                "type": "h1"
            },
            {
                "text": "Retention of Your Personal Data",
                "type": "h2"
            }
        ],
        "passage": "Transfer of Your Personal Data",
        "annotations": []
    },
    {
        "type": "text",
        "context": [
            {
                "text": "Collecting and Using Your Personal Data",
                "type": "h1"
            },
            {
                "text": "Transfer of Your Personal Data",
                "type": "h2"
            }
        ],
        "passage": "Your information, including Personal Data, is processed at the Company's operating offices and in any other places where the parties involved in the processing are located. It means that this information may be transferred to \u2014 and maintained on \u2014 computers located outside of Your state, province, country or other governmental jurisdiction where the data protection laws may differ than those from Your jurisdiction.",
        "annotations": [
            {
                "requirement": "Third-country Transfers",
                "value": "computers located outside of Your state, province, country or other governmental jurisdiction",
                "performed": true
            }
        ]
    },
    {
        "type": "text",
        "context": [
            {
                "text": "Collecting and Using Your Personal Data",
                "type": "h1"
            },
            {
                "text": "Transfer of Your Personal Data",
                "type": "h2"
            }
        ],
        "passage": "Your consent to this Privacy Policy followed by Your submission of such information represents Your agreement to that transfer.",
        "annotations": [
            {
                "requirement": "Legal Basis for Processing",
                "value": "Your consent",
                "performed": true
            }
        ]
    },
    {
        "type": "text",
        "context": [
            {
                "text": "Collecting and Using Your Personal Data",
                "type": "h1"
            },
            {
                "text": "Transfer of Your Personal Data",
                "type": "h2"
            }
        ],
        "passage": "The Company will take all steps reasonably necessary to ensure that Your data is treated securely and in accordance with this Privacy Policy and no transfer of Your Personal Data will take place to an organization or a country unless there are adequate controls in place including the security of Your data and other personal information.",
        "annotations": [
            {
                "requirement": "Third-country Transfers",
                "value": "no transfer of Your Personal Data will take place to an organization or a country unless there are adequate controls in place",
                "performed": true
            }
        ]
    },
    {
        "type": "headline",
        "context": [
            {
                "text": "Collecting and Using Your Personal Data",
                "type": "h1"
            },
            {
                "text": "Transfer of Your Personal Data",
                "type": "h2"
            }
        ],
        "passage": "Delete Your Personal Data",
        "annotations": []
    },
    {
        "type": "text",
        "context": [
            {
                "text": "Collecting and Using Your Personal Data",
                "type": "h1"
            },
            {
                "text": "Delete Your Personal Data",
                "type": "h2"
            }
        ],
        "passage": "You have the right to delete or request that We assist in deleting the Personal Data that We have collected about You.",
        "annotations": [
            {
                "requirement": "Right to Erasure",
                "value": "You have the right to delete or request that We assist in deleting the Personal Data that We have collected about You.",
                "performed": true
            }
        ]
    },
    {
        "type": "text",
        "context": [
            {
                "text": "Collecting and Using Your Personal Data",
                "type": "h1"
            },
            {
                "text": "Delete Your Personal Data",
                "type": "h2"
            }
        ],
        "passage": "Our Service may give You the ability to delete certain information about You from within the Service.",
        "annotations": [
            {
                "requirement": "Right to Erasure",
                "value": "delete certain information about You from within the Service",
                "performed": true
            }
        ]
    },
    {
        "type": "text",
        "context": [
            {
                "text": "Collecting and Using Your Personal Data",
                "type": "h1"
            },
            {
                "text": "Delete Your Personal Data",
                "type": "h2"
            }
        ],
        "passage": "You may update, amend, or delete Your information at any time by signing in to Your Account, if you have one, and visiting the account settings section that allows you to manage Your personal information. You may also contact Us to request access to, correct, or delete any personal information that You have provided to Us.",
        "annotations": [
            {
                "requirement": "Right to Rectification",
                "value": "update [...] Your information",
                "performed": true
            },
            {
                "requirement": "Right to Rectification",
                "value": "amend [...] Your information",
                "performed": true
            },
            {
                "requirement": "Right to Erasure",
                "value": "delete Your information",
                "performed": true
            },
            {
                "requirement": "Right to Access",
                "value": "request access to [...] any personal information that You have provided to Us",
                "performed": true
            },
            {
                "requirement": "Right to Rectification",
                "value": "correct [...] any personal information that You have provided to Us",
                "performed": true
            },
            {
                "requirement": "Right to Erasure",
                "value": "delete any personal information that You have provided to Us",
                "performed": true
            }
        ]
    },
    {
        "type": "text",
        "context": [
            {
                "text": "Collecting and Using Your Personal Data",
                "type": "h1"
            },
            {
                "text": "Delete Your Personal Data",
                "type": "h2"
            }
        ],
        "passage": "Please note, however, that We may need to retain certain information when we have a legal obligation or lawful basis to do so.",
        "annotations": [
            {
                "requirement": "Data Retention Period",
                "value": "retain certain information when we have a legal obligation or lawful basis to do so",
                "performed": true
            }
        ]
    },
    {
        "type": "headline",
        "context": [
            {
                "text": "Collecting and Using Your Personal Data",
                "type": "h1"
            },
            {
                "text": "Delete Your Personal Data",
                "type": "h2"
            }
        ],
        "passage": "Disclosure of Your Personal Data",
        "annotations": []
    },
    {
        "type": "headline",
        "context": [
            {
                "text": "Collecting and Using Your Personal Data",
                "type": "h1"
            },
            {
                "text": "Disclosure of Your Personal Data",
                "type": "h2"
            }
        ],
        "passage": "Business Transactions",
        "annotations": []
    },
    {
        "type": "text",
        "context": [
            {
                "text": "Collecting and Using Your Personal Data",
                "type": "h1"
            },
            {
                "text": "Disclosure of Your Personal Data",
                "type": "h2"
            },
            {
                "text": "Business Transactions",
                "type": "h3"
            }
        ],
        "passage": "If the Company is involved in a merger, acquisition or asset sale, Your Personal Data may be transferred. We will provide notice before Your Personal Data is transferred and becomes subject to a different Privacy Policy.",
        "annotations": [
            {
                "requirement": "Data Recipients",
                "value": "a merger, acquisition or asset sale",
                "performed": true
            }
        ]
    },
    {
        "type": "headline",
        "context": [
            {
                "text": "Collecting and Using Your Personal Data",
                "type": "h1"
            },
            {
                "text": "Disclosure of Your Personal Data",
                "type": "h2"
            },
            {
                "text": "Business Transactions",
                "type": "h3"
            }
        ],
        "passage": "Law enforcement",
        "annotations": []
    },
    {
        "type": "text",
        "context": [
            {
                "text": "Collecting and Using Your Personal Data",
                "type": "h1"
            },
            {
                "text": "Disclosure of Your Personal Data",
                "type": "h2"
            },
            {
                "text": "Law enforcement",
                "type": "h3"
            }
        ],
        "passage": "Under certain circumstances, the Company may be required to disclose Your Personal Data if required to do so by law or in response to valid requests by public authorities (e.g. a court or a government agency).",
        "annotations": [
            {
                "requirement": "Processing Purpose",
                "value": "disclose Your Personal Data if required to do so by law",
                "performed": true
            },
            {
                "requirement": "Processing Purpose",
                "value": "response to valid requests by public authorities",
                "performed": true
            }
        ]
    },
    {
        "type": "headline",
        "context": [
            {
                "text": "Collecting and Using Your Personal Data",
                "type": "h1"
            },
            {
                "text": "Disclosure of Your Personal Data",
                "type": "h2"
            },
            {
                "text": "Law enforcement",
                "type": "h3"
            }
        ],
        "passage": "Other legal requirements",
        "annotations": []
    },
    {
        "type": "text",
        "context": [
            {
                "text": "Collecting and Using Your Personal Data",
                "type": "h1"
            },
            {
                "text": "Disclosure of Your Personal Data",
                "type": "h2"
            },
            {
                "text": "Other legal requirements",
                "type": "h3"
            }
        ],
        "passage": "The Company may disclose Your Personal Data in the good faith belief that such action is necessary to:",
        "annotations": []
    },
    {
        "type": "list_item",
        "context": [
            {
                "text": "Collecting and Using Your Personal Data",
                "type": "h1"
            },
            {
                "text": "Disclosure of Your Personal Data",
                "type": "h2"
            },
            {
                "text": "Other legal requirements",
                "type": "h3"
            },
            {
                "text": "The Company may disclose Your Personal Data in the good faith belief that such action is necessary to:",
                "type": "list_intro"
            }
        ],
        "passage": "Comply with a legal obligation",
        "annotations": [
            {
                "requirement": "Processing Purpose",
                "value": "Comply with a legal obligation",
                "performed": true
            },
            {
                "requirement": "Legal Basis for Processing",
                "value": "Comply\u00a0with a legal obligation",
                "performed": true
            }
        ]
    },
    {
        "type": "list_item",
        "context": [
            {
                "text": "Collecting and Using Your Personal Data",
                "type": "h1"
            },
            {
                "text": "Disclosure of Your Personal Data",
                "type": "h2"
            },
            {
                "text": "Other legal requirements",
                "type": "h3"
            },
            {
                "text": "The Company may disclose Your Personal Data in the good faith belief that such action is necessary to:",
                "type": "list_intro"
            }
        ],
        "passage": "Protect and defend the rights or property of the Company",
        "annotations": [
            {
                "requirement": "Processing Purpose",
                "value": "Protect and defend the rights or property of the Company",
                "performed": true
            }
        ]
    },
    {
        "type": "list_item",
        "context": [
            {
                "text": "Collecting and Using Your Personal Data",
                "type": "h1"
            },
            {
                "text": "Disclosure of Your Personal Data",
                "type": "h2"
            },
            {
                "text": "Other legal requirements",
                "type": "h3"
            },
            {
                "text": "The Company may disclose Your Personal Data in the good faith belief that such action is necessary to:",
                "type": "list_intro"
            }
        ],
        "passage": "Prevent or investigate possible wrongdoing in connection with the Service",
        "annotations": [
            {
                "requirement": "Processing Purpose",
                "value": "Prevent [...] possible wrongdoing in connection with the Service",
                "performed": true
            },
            {
                "requirement": "Processing Purpose",
                "value": "investigate [...] wrongdoing in connection with the Service",
                "performed": true
            }
        ]
    },
    {
        "type": "list_item",
        "context": [
            {
                "text": "Collecting and Using Your Personal Data",
                "type": "h1"
            },
            {
                "text": "Disclosure of Your Personal Data",
                "type": "h2"
            },
            {
                "text": "Other legal requirements",
                "type": "h3"
            },
            {
                "text": "The Company may disclose Your Personal Data in the good faith belief that such action is necessary to:",
                "type": "list_intro"
            }
        ],
        "passage": "Protect the personal safety of Users of the Service or the public",
        "annotations": [
            {
                "requirement": "Processing Purpose",
                "value": "Protect the personal safety of Users of the Service or the public",
                "performed": true
            },
            {
                "requirement": "Legal Basis for Processing",
                "value": "Protect the personal safety of Users of the Service or the public",
                "performed": true
            }
        ]
    },
    {
        "type": "list_item",
        "context": [
            {
                "text": "Collecting and Using Your Personal Data",
                "type": "h1"
            },
            {
                "text": "Disclosure of Your Personal Data",
                "type": "h2"
            },
            {
                "text": "Other legal requirements",
                "type": "h3"
            },
            {
                "text": "The Company may disclose Your Personal Data in the good faith belief that such action is necessary to:",
                "type": "list_intro"
            }
        ],
        "passage": "Protect against legal liability",
        "annotations": [
            {
                "requirement": "Processing Purpose",
                "value": "Protect against legal liability",
                "performed": true
            },
            {
                "requirement": "Legal Basis for Processing",
                "value": "Protect against legal liability",
                "performed": true
            }
        ]
    },
    {
        "type": "headline",
        "context": [
            {
                "text": "Collecting and Using Your Personal Data",
                "type": "h1"
            },
            {
                "text": "Disclosure of Your Personal Data",
                "type": "h2"
            },
            {
                "text": "Other legal requirements",
                "type": "h3"
            }
        ],
        "passage": "Security of Your Personal Data",
        "annotations": []
    },
    {
        "type": "text",
        "context": [
            {
                "text": "Collecting and Using Your Personal Data",
                "type": "h1"
            },
            {
                "text": "Security of Your Personal Data",
                "type": "h2"
            }
        ],
        "passage": "The security of Your Personal Data is important to Us, but remember that no method of transmission over the Internet, or method of electronic storage is 100% secure. While We strive to use commercially acceptable means to protect Your Personal Data, We cannot guarantee its absolute security.",
        "annotations": []
    },
    {
        "type": "headline",
        "context": [
            {
                "text": "Collecting and Using Your Personal Data",
                "type": "h1"
            },
            {
                "text": "Security of Your Personal Data",
                "type": "h2"
            }
        ],
        "passage": "Children's Privacy",
        "annotations": []
    },
    {
        "type": "text",
        "context": [
            {
                "text": "Children's Privacy",
                "type": "h1"
            }
        ],
        "passage": "Our Service does not address anyone under the age of 13. We do not knowingly collect personally identifiable information from anyone under the age of 13. If You are a parent or guardian and You are aware that Your child has provided Us with Personal Data, please contact Us. If We become aware that We have collected Personal Data from anyone under the age of 13 without verification of parental consent, We take steps to remove that information from Our servers.",
        "annotations": []
    },
    {
        "type": "text",
        "context": [
            {
                "text": "Children's Privacy",
                "type": "h1"
            }
        ],
        "passage": "If We need to rely on consent as a legal basis for processing Your information and Your country requires consent from a parent, We may require Your parent's consent before We collect and use that information.",
        "annotations": []
    },
    {
        "type": "headline",
        "context": [
            {
                "text": "Children's Privacy",
                "type": "h1"
            }
        ],
        "passage": "Links to Other Websites",
        "annotations": []
    },
    {
        "type": "text",
        "context": [
            {
                "text": "Links to Other Websites",
                "type": "h1"
            }
        ],
        "passage": "Our Service may contain links to other websites that are not operated by Us. If You click on a third party link, You will be directed to that third party's site. We strongly advise You to review the Privacy Policy of every site You visit.",
        "annotations": []
    },
    {
        "type": "text",
        "context": [
            {
                "text": "Links to Other Websites",
                "type": "h1"
            }
        ],
        "passage": "We have no control over and assume no responsibility for the content, privacy policies or practices of any third party sites or services.",
        "annotations": []
    },
    {
        "type": "headline",
        "context": [
            {
                "text": "Links to Other Websites",
                "type": "h1"
            }
        ],
        "passage": "Changes to this Privacy Policy",
        "annotations": []
    },
    {
        "type": "text",
        "context": [
            {
                "text": "Changes to this Privacy Policy",
                "type": "h1"
            }
        ],
        "passage": "We may update Our Privacy Policy from time to time. We will notify You of any changes by posting the new Privacy Policy on this page.",
        "annotations": []
    },
    {
        "type": "text",
        "context": [
            {
                "text": "Changes to this Privacy Policy",
                "type": "h1"
            }
        ],
        "passage": "We will let You know via email and/or a prominent notice on Our Service, prior to the change becoming effective and update the \"Last updated\" date at the top of this Privacy Policy.",
        "annotations": []
    },
    {
        "type": "text",
        "context": [
            {
                "text": "Changes to this Privacy Policy",
                "type": "h1"
            }
        ],
        "passage": "You are advised to review this Privacy Policy periodically for any changes. Changes to this Privacy Policy are effective when they are posted on this page.",
        "annotations": []
    },
    {
        "type": "headline",
        "context": [
            {
                "text": "Changes to this Privacy Policy",
                "type": "h1"
            }
        ],
        "passage": "Contact Us",
        "annotations": []
    },
    {
        "type": "text",
        "context": [
            {
                "text": "Contact Us",
                "type": "h1"
            }
        ],
        "passage": "If you have any questions about this Privacy Policy, You can contact us:",
        "annotations": []
    },
    {
        "type": "list_item",
        "context": [
            {
                "text": "Contact Us",
                "type": "h1"
            },
            {
                "text": "If you have any questions about this Privacy Policy, You can contact us:",
                "type": "list_intro"
            }
        ],
        "passage": "By email: admin@irishcoffee.co.za",
        "annotations": [
            {
                "requirement": "Controller Contact",
                "value": "admin@irishcoffee.co.za",
                "performed": true
            }
        ]
    }
]