[{"type":"headline","context":[],"passage":"Please Read the Privacy Policy and Terms of Use","annotations":[]},{"type":"headline","context":[{"text":"Please Read the Privacy Policy and Terms of Use","type":"h3"}],"passage":"Privacy Policy","annotations":[]},{"type":"text","context":[{"text":"Please Read the Privacy Policy and Terms of Use","type":"h3"},{"text":"Privacy Policy","type":"h1"}],"passage":"We Use Your Personal Data To Perform Our Services to You. We use this information to ensure that you log in to a secure environment.","annotations":[{"requirement":"Processing Purpose","value":"Perform Our Services to You","performed":true},{"requirement":"Processing Purpose","value":"ensure that you log in to a secure environment","performed":true}]},{"type":"text","context":[{"text":"Please Read the Privacy Policy and Terms of Use","type":"h3"},{"text":"Privacy Policy","type":"h1"}],"passage":"No Personal Data other than registration information is stored by us.","annotations":[{"requirement":"Data Categories","value":"registration information","performed":true}]},{"type":"text","context":[{"text":"Please Read the Privacy Policy and Terms of Use","type":"h3"},{"text":"Privacy Policy","type":"h1"}],"passage":"No Personal Data is shared by us with anyother third party.","annotations":[{"requirement":"Data Recipients","value":"anyother third party","performed":false}]},{"type":"text","context":[{"text":"Please Read the Privacy Policy and Terms of Use","type":"h3"},{"text":"Privacy Policy","type":"h1"}],"passage":"We may engage other third parties to perform certain secure functions and services for you. These third parties: may process credit card payments. We currently have no such arrangements","annotations":[{"requirement":"Data Recipients","value":"other third parties","performed":true},{"requirement":"Processing Purpose","value":"process credit card payments","performed":true}]}]