[
    {
        "type": "headline",
        "context": [],
        "passage": "Privacy Policy",
        "annotations": []
    },
    {
        "type": "headline",
        "context": [
            {
                "text": "Privacy Policy",
                "type": "h1"
            }
        ],
        "passage": "Version dated December 4, 2024",
        "annotations": []
    },
    {
        "type": "headline",
        "context": [
            {
                "text": "Privacy Policy",
                "type": "h1"
            },
            {
                "text": "Version dated December 4, 2024",
                "type": "h3"
            }
        ],
        "passage": "1. INTRODUCTION",
        "annotations": []
    },
    {
        "type": "headline",
        "context": [
            {
                "text": "Privacy Policy",
                "type": "h1"
            },
            {
                "text": "Version dated December 4, 2024",
                "type": "h3"
            },
            {
                "text": "1. INTRODUCTION",
                "type": "h2"
            }
        ],
        "passage": "1.1. Responsible entity",
        "annotations": []
    },
    {
        "type": "text",
        "context": [
            {
                "text": "Privacy Policy",
                "type": "h1"
            },
            {
                "text": "1.1. Responsible entity",
                "type": "h3"
            }
        ],
        "passage": "CamDiab Limited, registered office address 20-22 Wenlock Road, London, N1 7GU, UK, incorporated and registered in England and Wales with company number 11659211 (\u201cCamDiab\u201d), is the stated responsible entity under the data protection regulations. CamDiab decides on the purpose and means of processing the personal data of our users (\u201cUser Data\u201d) and is therefore responsible for its security and compliance with the applicable laws.",
        "annotations": [
            {
                "requirement": "Controller Name",
                "value": "CamDiab Limited",
                "performed": true
            },
            {
                "requirement": "Controller Contact",
                "value": "registered office address 20-22 Wenlock Road, London, N1 7GU, UK",
                "performed": true
            },
            {
                "requirement": "Controller Name",
                "value": "CamDiab",
                "performed": true
            },
            {
                "requirement": "Processing Purpose",
                "value": "the purpose and means of processing the personal data of our users",
                "performed": true
            }
        ]
    },
    {
        "type": "text",
        "context": [
            {
                "text": "Privacy Policy",
                "type": "h1"
            },
            {
                "text": "1.1. Responsible entity",
                "type": "h3"
            }
        ],
        "passage": "1.1.2 As the responsible entity we are subject, for example, to information requirements that we wish to fulfil in connection with this privacy notice.",
        "annotations": []
    },
    {
        "type": "headline",
        "context": [
            {
                "text": "Privacy Policy",
                "type": "h1"
            },
            {
                "text": "1.1. Responsible entity",
                "type": "h3"
            }
        ],
        "passage": "1.2. Structure and consent concept",
        "annotations": []
    },
    {
        "type": "text",
        "context": [
            {
                "text": "Privacy Policy",
                "type": "h1"
            },
            {
                "text": "1.2. Structure and consent concept",
                "type": "h3"
            }
        ],
        "passage": "1.2.1 This privacy notice informs you about the purposes and scope of processing your User Data, as well as data transfers, and your extensive rights. As our offer is exclusively aimed at persons with diabetes, your use typically already provides information on your health condition. We therefore only process User Data as health data with your consent. We differentiate as follows:",
        "annotations": [
            {
                "requirement": "Data Categories",
                "value": "User Data",
                "performed": true
            },
            {
                "requirement": "Processing Purpose",
                "value": "purposes and scope of processing your User Data",
                "performed": true
            },
            {
                "requirement": "Legal Basis for Processing",
                "value": "your consent",
                "performed": true
            },
            {
                "requirement": "Data Categories",
                "value": "health data",
                "performed": true
            }
        ]
    },
    {
        "type": "text",
        "context": [
            {
                "text": "Privacy Policy",
                "type": "h1"
            },
            {
                "text": "1.2. Structure and consent concept",
                "type": "h3"
            }
        ],
        "passage": "1.2.1.1 \u201cNecessary Processing\u201d describes how we process the User Data required to fulfil the contract. Without this consent the use of our products is not possible from a legal and a factual point of view because our services depend on this processing.",
        "annotations": [
            {
                "requirement": "Mandatory Data Disclosure",
                "value": "the User Data required to fulfil the contract",
                "performed": true
            },
            {
                "requirement": "Mandatory Data Disclosure",
                "value": "the use of our products is not possible from a legal and a factual point of view because our services depend on this processing",
                "performed": true
            }
        ]
    },
    {
        "type": "text",
        "context": [
            {
                "text": "Privacy Policy",
                "type": "h1"
            },
            {
                "text": "1.2. Structure and consent concept",
                "type": "h3"
            }
        ],
        "passage": "1.2.1.2 \u201cProcessing for Product Improvement\u201d explains how you can help us and other users, with your consent, by allowing us to use your data in particular to improve algorithms for therapy management, improve the product and so forth without us contacting you.",
        "annotations": [
            {
                "requirement": "Processing Purpose",
                "value": "improve algorithms for therapy management",
                "performed": true
            },
            {
                "requirement": "Processing Purpose",
                "value": "improve the product",
                "performed": true
            },
            {
                "requirement": "Legal Basis for Processing",
                "value": "your consent",
                "performed": true
            }
        ]
    },
    {
        "type": "text",
        "context": [
            {
                "text": "Privacy Policy",
                "type": "h1"
            },
            {
                "text": "1.2. Structure and consent concept",
                "type": "h3"
            }
        ],
        "passage": "1.2.1.3 \u201cProcessing for Marketing Purposes\u201d describes how we contact you for marketing purposes, with your consent, e.g. by email, notifications etc.",
        "annotations": [
            {
                "requirement": "Processing Purpose",
                "value": "contact you for marketing purposes",
                "performed": true
            },
            {
                "requirement": "Legal Basis for Processing",
                "value": "with your consent",
                "performed": true
            },
            {
                "requirement": "Data Categories",
                "value": "email",
                "performed": true
            },
            {
                "requirement": "Data Categories",
                "value": "notifications",
                "performed": true
            }
        ]
    },
    {
        "type": "text",
        "context": [
            {
                "text": "Privacy Policy",
                "type": "h1"
            },
            {
                "text": "1.2. Structure and consent concept",
                "type": "h3"
            }
        ],
        "passage": "1.2.1.4 In \u201cGeneral Information\u201d we have assembled the information that applies to all of the above consents to avoid repetition.",
        "annotations": []
    },
    {
        "type": "text",
        "context": [
            {
                "text": "Privacy Policy",
                "type": "h1"
            },
            {
                "text": "1.2. Structure and consent concept",
                "type": "h3"
            }
        ],
        "passage": "The relevant categories are described in more detail below. You must provide the relevant consent upon registration or when ordering your product.",
        "annotations": [
            {
                "requirement": "Mandatory Data Disclosure",
                "value": "You must provide the relevant consent",
                "performed": true
            }
        ]
    },
    {
        "type": "text",
        "context": [
            {
                "text": "Privacy Policy",
                "type": "h1"
            },
            {
                "text": "1.2. Structure and consent concept",
                "type": "h3"
            }
        ],
        "passage": "1.2.2 In some cases, the processing may take place independently of consent on the basis of statutory principles (e.g. medical device regulations).",
        "annotations": [
            {
                "requirement": "Legal Basis for Processing",
                "value": "statutory principles",
                "performed": true
            }
        ]
    },
    {
        "type": "headline",
        "context": [
            {
                "text": "Privacy Policy",
                "type": "h1"
            },
            {
                "text": "1.2. Structure and consent concept",
                "type": "h3"
            }
        ],
        "passage": "2. NECESSARY PROCESSING",
        "annotations": []
    },
    {
        "type": "text",
        "context": [
            {
                "text": "Privacy Policy",
                "type": "h1"
            },
            {
                "text": "1.2. Structure and consent concept",
                "type": "h3"
            },
            {
                "text": "2. NECESSARY PROCESSING",
                "type": "h2"
            }
        ],
        "passage": "If you grant your consent, we process the User Data listed below in order to be able to provide our services. If you do not consent to this necessary processing, you cannot use the services of CamDiab. You may provide your consents during the registration process or when ordering your product.",
        "annotations": [
            {
                "requirement": "Data Categories",
                "value": "User Data",
                "performed": true
            },
            {
                "requirement": "Processing Purpose",
                "value": "provide our services",
                "performed": true
            },
            {
                "requirement": "Mandatory Data Disclosure",
                "value": "If you do not consent to this necessary processing, you cannot use the services of CamDiab",
                "performed": true
            },
            {
                "requirement": "Right to Withdraw Consent",
                "value": "You may provide your consents during the registration process or when ordering your product",
                "performed": true
            }
        ]
    },
    {
        "type": "headline",
        "context": [
            {
                "text": "Privacy Policy",
                "type": "h1"
            },
            {
                "text": "1.2. Structure and consent concept",
                "type": "h3"
            },
            {
                "text": "2. NECESSARY PROCESSING",
                "type": "h2"
            }
        ],
        "passage": "2.1. Necessary User Data",
        "annotations": []
    },
    {
        "type": "text",
        "context": [
            {
                "text": "Privacy Policy",
                "type": "h1"
            },
            {
                "text": "2.1. Necessary User Data",
                "type": "h3"
            }
        ],
        "passage": "2.1.1 In order to protect your User Data, our services can only be used in connection with a user account. To create a user account we require and process the following User Data:",
        "annotations": [
            {
                "requirement": "Processing Purpose",
                "value": "protect your User Data",
                "performed": true
            },
            {
                "requirement": "Data Categories",
                "value": "User Data",
                "performed": true
            }
        ]
    },
    {
        "type": "list_item",
        "context": [
            {
                "text": "Privacy Policy",
                "type": "h1"
            },
            {
                "text": "2.1. Necessary User Data",
                "type": "h3"
            },
            {
                "text": "2.1.1 In order to protect your User Data, our services can only be used in connection with a user account. To create a user account we require and process the following User Data:",
                "type": "list_intro"
            }
        ],
        "passage": "Email address",
        "annotations": [
            {
                "requirement": "Data Categories",
                "value": "Email address",
                "performed": true
            }
        ]
    },
    {
        "type": "list_item",
        "context": [
            {
                "text": "Privacy Policy",
                "type": "h1"
            },
            {
                "text": "2.1. Necessary User Data",
                "type": "h3"
            },
            {
                "text": "2.1.1 In order to protect your User Data, our services can only be used in connection with a user account. To create a user account we require and process the following User Data:",
                "type": "list_intro"
            }
        ],
        "passage": "Password (we only save a checksum)",
        "annotations": [
            {
                "requirement": "Data Categories",
                "value": "Password",
                "performed": true
            }
        ]
    },
    {
        "type": "list_item",
        "context": [
            {
                "text": "Privacy Policy",
                "type": "h1"
            },
            {
                "text": "2.1. Necessary User Data",
                "type": "h3"
            },
            {
                "text": "2.1.1 In order to protect your User Data, our services can only be used in connection with a user account. To create a user account we require and process the following User Data:",
                "type": "list_intro"
            }
        ],
        "passage": "Name",
        "annotations": [
            {
                "requirement": "Data Categories",
                "value": "Name",
                "performed": true
            }
        ]
    },
    {
        "type": "list_item",
        "context": [
            {
                "text": "Privacy Policy",
                "type": "h1"
            },
            {
                "text": "2.1. Necessary User Data",
                "type": "h3"
            },
            {
                "text": "2.1.1 In order to protect your User Data, our services can only be used in connection with a user account. To create a user account we require and process the following User Data:",
                "type": "list_intro"
            }
        ],
        "passage": "VAT exemption declaration (name, address, date; for self-funders)",
        "annotations": [
            {
                "requirement": "Data Categories",
                "value": "VAT exemption declaration (name, address, date; for self-funders)",
                "performed": true
            }
        ]
    },
    {
        "type": "list_item",
        "context": [
            {
                "text": "Privacy Policy",
                "type": "h1"
            },
            {
                "text": "2.1. Necessary User Data",
                "type": "h3"
            },
            {
                "text": "2.1.1 In order to protect your User Data, our services can only be used in connection with a user account. To create a user account we require and process the following User Data:",
                "type": "list_intro"
            }
        ],
        "passage": "Year of birth",
        "annotations": [
            {
                "requirement": "Data Categories",
                "value": "Year of birth",
                "performed": true
            }
        ]
    },
    {
        "type": "list_item",
        "context": [
            {
                "text": "Privacy Policy",
                "type": "h1"
            },
            {
                "text": "2.1. Necessary User Data",
                "type": "h3"
            },
            {
                "text": "2.1.1 In order to protect your User Data, our services can only be used in connection with a user account. To create a user account we require and process the following User Data:",
                "type": "list_intro"
            }
        ],
        "passage": "Registration date",
        "annotations": [
            {
                "requirement": "Data Categories",
                "value": "Registration date",
                "performed": true
            }
        ]
    },
    {
        "type": "list_item",
        "context": [
            {
                "text": "Privacy Policy",
                "type": "h1"
            },
            {
                "text": "2.1. Necessary User Data",
                "type": "h3"
            },
            {
                "text": "2.1.1 In order to protect your User Data, our services can only be used in connection with a user account. To create a user account we require and process the following User Data:",
                "type": "list_intro"
            }
        ],
        "passage": "Status of consent",
        "annotations": []
    },
    {
        "type": "list_item",
        "context": [
            {
                "text": "Privacy Policy",
                "type": "h1"
            },
            {
                "text": "2.1. Necessary User Data",
                "type": "h3"
            },
            {
                "text": "2.1.1 In order to protect your User Data, our services can only be used in connection with a user account. To create a user account we require and process the following User Data:",
                "type": "list_intro"
            }
        ],
        "passage": "Device ID, manufacturer, device type, operating system version, app version",
        "annotations": [
            {
                "requirement": "Data Categories",
                "value": "Device ID",
                "performed": true
            },
            {
                "requirement": "Data Categories",
                "value": "manufacturer",
                "performed": true
            },
            {
                "requirement": "Data Categories",
                "value": "device type",
                "performed": true
            },
            {
                "requirement": "Data Categories",
                "value": "operating system version",
                "performed": true
            },
            {
                "requirement": "Data Categories",
                "value": "app version",
                "performed": true
            }
        ]
    },
    {
        "type": "list_item",
        "context": [
            {
                "text": "Privacy Policy",
                "type": "h1"
            },
            {
                "text": "2.1. Necessary User Data",
                "type": "h3"
            },
            {
                "text": "2.1.1 In order to protect your User Data, our services can only be used in connection with a user account. To create a user account we require and process the following User Data:",
                "type": "list_intro"
            }
        ],
        "passage": "Language, country, time zone.",
        "annotations": [
            {
                "requirement": "Data Categories",
                "value": "Language",
                "performed": true
            },
            {
                "requirement": "Data Categories",
                "value": "country",
                "performed": true
            },
            {
                "requirement": "Data Categories",
                "value": "time zone",
                "performed": true
            }
        ]
    },
    {
        "type": "text",
        "context": [
            {
                "text": "Privacy Policy",
                "type": "h1"
            },
            {
                "text": "2.1. Necessary User Data",
                "type": "h3"
            }
        ],
        "passage": "2.1.2 Other information collected outside a user registration include:",
        "annotations": []
    },
    {
        "type": "list_item",
        "context": [
            {
                "text": "Privacy Policy",
                "type": "h1"
            },
            {
                "text": "2.1. Necessary User Data",
                "type": "h3"
            },
            {
                "text": "2.1.2 Other information collected outside a user registration include:",
                "type": "list_intro"
            }
        ],
        "passage": "Medical Master Data",
        "annotations": [
            {
                "requirement": "Data Categories",
                "value": "Medical Master Data",
                "performed": true
            }
        ]
    },
    {
        "type": "list_item",
        "context": [
            {
                "text": "Privacy Policy",
                "type": "h1"
            },
            {
                "text": "2.1. Necessary User Data",
                "type": "h3"
            },
            {
                "text": "2.1.2 Other information collected outside a user registration include:",
                "type": "list_intro"
            }
        ],
        "passage": "Weight, blood glucose target range, pump basal settings, correction factors, carbs / insulin ratio, insulin action duration, target glucose, alert settings, bolus step, carbohydrate unit, pregnancy status, estimated due date.",
        "annotations": [
            {
                "requirement": "Data Categories",
                "value": "Weight",
                "performed": true
            },
            {
                "requirement": "Data Categories",
                "value": "blood glucose target range",
                "performed": true
            },
            {
                "requirement": "Data Categories",
                "value": "pump basal settings",
                "performed": true
            },
            {
                "requirement": "Data Categories",
                "value": "correction factors",
                "performed": true
            },
            {
                "requirement": "Data Categories",
                "value": "carbs / insulin ratio",
                "performed": true
            },
            {
                "requirement": "Data Categories",
                "value": "insulin action duration",
                "performed": true
            },
            {
                "requirement": "Data Categories",
                "value": "target glucose",
                "performed": true
            },
            {
                "requirement": "Data Categories",
                "value": "alert settings",
                "performed": true
            },
            {
                "requirement": "Data Categories",
                "value": "bolus step",
                "performed": true
            },
            {
                "requirement": "Data Categories",
                "value": "carbohydrate unit",
                "performed": true
            },
            {
                "requirement": "Data Categories",
                "value": "pregnancy status",
                "performed": true
            },
            {
                "requirement": "Data Categories",
                "value": "estimated due date",
                "performed": true
            }
        ]
    },
    {
        "type": "list_item",
        "context": [
            {
                "text": "Privacy Policy",
                "type": "h1"
            },
            {
                "text": "2.1. Necessary User Data",
                "type": "h3"
            },
            {
                "text": "2.1.2 Other information collected outside a user registration include:",
                "type": "list_intro"
            }
        ],
        "passage": "Usage and Linkage Data",
        "annotations": [
            {
                "requirement": "Data Categories",
                "value": "Usage and Linkage Data",
                "performed": true
            }
        ]
    },
    {
        "type": "list_item",
        "context": [
            {
                "text": "Privacy Policy",
                "type": "h1"
            },
            {
                "text": "2.1. Necessary User Data",
                "type": "h3"
            },
            {
                "text": "2.1.2 Other information collected outside a user registration include:",
                "type": "list_intro"
            }
        ],
        "passage": "Pump and transmitter serial number, pump, sensor and closed-loop/open-loop actions trail, app command-flow trail, event trail, followers information as entered into the app (phone number, credentials of diabetes data portal accounts), support queries, trainer details, diabetes clinic ID.",
        "annotations": [
            {
                "requirement": "Data Categories",
                "value": "Pump and transmitter serial number",
                "performed": true
            },
            {
                "requirement": "Data Categories",
                "value": "pump, sensor and closed-loop/open-loop actions trail",
                "performed": true
            },
            {
                "requirement": "Data Categories",
                "value": "app command-flow trail",
                "performed": true
            },
            {
                "requirement": "Data Categories",
                "value": "event trail",
                "performed": true
            },
            {
                "requirement": "Data Categories",
                "value": "followers information as entered into the app (phone number, credentials of diabetes data portal accounts)",
                "performed": true
            },
            {
                "requirement": "Data Categories",
                "value": "support queries",
                "performed": true
            },
            {
                "requirement": "Data Categories",
                "value": "trainer details",
                "performed": true
            },
            {
                "requirement": "Data Categories",
                "value": "diabetes clinic ID",
                "performed": true
            }
        ]
    },
    {
        "type": "list_item",
        "context": [
            {
                "text": "Privacy Policy",
                "type": "h1"
            },
            {
                "text": "2.1. Necessary User Data",
                "type": "h3"
            },
            {
                "text": "2.1.2 Other information collected outside a user registration include:",
                "type": "list_intro"
            }
        ],
        "passage": "Medical Data",
        "annotations": [
            {
                "requirement": "Data Categories",
                "value": "Medical Data",
                "performed": true
            }
        ]
    },
    {
        "type": "list_item",
        "context": [
            {
                "text": "Privacy Policy",
                "type": "h1"
            },
            {
                "text": "2.1. Necessary User Data",
                "type": "h3"
            },
            {
                "text": "2.1.2 Other information collected outside a user registration include:",
                "type": "list_intro"
            }
        ],
        "passage": "App entries such as date/time/time zone/place, food intake/meal, blood and sensor glucose measurements, sensor glucose rate of change, total daily insulin dose, insulin delivery (bolus and basal), temporary basal rate, closed-loop status, pump and cannula priming, alerts, boost and ease-off events, app settings such as display options, statistical summaries of glucose and insulin data.",
        "annotations": [
            {
                "requirement": "Data Categories",
                "value": "App entries such as date/time/time zone/place",
                "performed": true
            },
            {
                "requirement": "Data Categories",
                "value": "food intake/meal",
                "performed": true
            },
            {
                "requirement": "Data Categories",
                "value": "blood and sensor glucose measurements",
                "performed": true
            },
            {
                "requirement": "Data Categories",
                "value": "sensor glucose rate of change",
                "performed": true
            },
            {
                "requirement": "Data Categories",
                "value": "total daily insulin dose",
                "performed": true
            },
            {
                "requirement": "Data Categories",
                "value": "insulin delivery (bolus and basal)",
                "performed": true
            },
            {
                "requirement": "Data Categories",
                "value": "temporary basal rate",
                "performed": true
            },
            {
                "requirement": "Data Categories",
                "value": "closed-loop status",
                "performed": true
            },
            {
                "requirement": "Data Categories",
                "value": "pump and cannula priming",
                "performed": true
            },
            {
                "requirement": "Data Categories",
                "value": "alerts",
                "performed": true
            },
            {
                "requirement": "Data Categories",
                "value": "boost and ease-off events",
                "performed": true
            },
            {
                "requirement": "Data Categories",
                "value": "app settings such as display options",
                "performed": true
            },
            {
                "requirement": "Data Categories",
                "value": "statistical summaries of glucose and insulin data",
                "performed": true
            }
        ]
    },
    {
        "type": "text",
        "context": [
            {
                "text": "Privacy Policy",
                "type": "h1"
            },
            {
                "text": "2.1. Necessary User Data",
                "type": "h3"
            }
        ],
        "passage": "2.1.3 App may require access to your location solely to enable Bluetooth Low Energy (BLE) connectivity, as mandated by operating system permissions. However, no location data is collected, stored, or shared by the app.",
        "annotations": [
            {
                "requirement": "Processing Purpose",
                "value": "enable Bluetooth Low Energy (BLE) connectivity",
                "performed": true
            },
            {
                "requirement": "Data Categories",
                "value": "location",
                "performed": true
            },
            {
                "requirement": "Data Categories",
                "value": "no location data",
                "performed": false
            }
        ]
    },
    {
        "type": "text",
        "context": [
            {
                "text": "Privacy Policy",
                "type": "h1"
            },
            {
                "text": "2.1. Necessary User Data",
                "type": "h3"
            }
        ],
        "passage": "2.1.4 If you wish, you can enter any email address that you set up especially for us \u2013 however it must work so that we can send you important warnings.",
        "annotations": [
            {
                "requirement": "Data Categories",
                "value": "email address",
                "performed": true
            },
            {
                "requirement": "Processing Purpose",
                "value": "send you important warnings",
                "performed": true
            }
        ]
    },
    {
        "type": "text",
        "context": [
            {
                "text": "Privacy Policy",
                "type": "h1"
            },
            {
                "text": "2.1. Necessary User Data",
                "type": "h3"
            }
        ],
        "passage": "We only process the User Data that you actively and voluntarily provide to CamDiab or which are obtained from glucose sensor and insulin pump you voluntarily connect to. The entry of necessary User Data is however a requirement for the comprehensive use of our products.",
        "annotations": [
            {
                "requirement": "Data Categories",
                "value": "User Data",
                "performed": true
            },
            {
                "requirement": "Source of Data",
                "value": "you actively and voluntarily provide to CamDiab",
                "performed": true
            },
            {
                "requirement": "Source of Data",
                "value": "are obtained from glucose sensor and insulin pump you voluntarily connect to",
                "performed": true
            },
            {
                "requirement": "Mandatory Data Disclosure",
                "value": "requirement for the comprehensive use of our products",
                "performed": true
            }
        ]
    },
    {
        "type": "headline",
        "context": [
            {
                "text": "Privacy Policy",
                "type": "h1"
            },
            {
                "text": "2.1. Necessary User Data",
                "type": "h3"
            }
        ],
        "passage": "2.2. Necessary purposes",
        "annotations": []
    },
    {
        "type": "text",
        "context": [
            {
                "text": "Privacy Policy",
                "type": "h1"
            },
            {
                "text": "2.2. Necessary purposes",
                "type": "h3"
            }
        ],
        "passage": "2.2.1 All the necessary purposes of our processing are associated with providing our services:",
        "annotations": [
            {
                "requirement": "Processing Purpose",
                "value": "providing our services",
                "performed": true
            }
        ]
    },
    {
        "type": "list_item",
        "context": [
            {
                "text": "Privacy Policy",
                "type": "h1"
            },
            {
                "text": "2.2. Necessary purposes",
                "type": "h3"
            },
            {
                "text": "2.2.1 All the necessary purposes of our processing are associated with providing our services:",
                "type": "list_intro"
            }
        ],
        "passage": "Customer enquiry leads to contact details data recordings.",
        "annotations": [
            {
                "requirement": "Processing Purpose",
                "value": "providing our services",
                "performed": true
            },
            {
                "requirement": "Data Categories",
                "value": "contact details",
                "performed": true
            }
        ]
    },
    {
        "type": "list_item",
        "context": [
            {
                "text": "Privacy Policy",
                "type": "h1"
            },
            {
                "text": "2.2. Necessary purposes",
                "type": "h3"
            },
            {
                "text": "2.2.1 All the necessary purposes of our processing are associated with providing our services:",
                "type": "list_intro"
            }
        ],
        "passage": "Ordering of our apps by self-funders leads to contact details and technical data recordings such as device ID.",
        "annotations": [
            {
                "requirement": "Processing Purpose",
                "value": "Ordering of our apps by self-funders",
                "performed": true
            },
            {
                "requirement": "Data Categories",
                "value": "contact details",
                "performed": true
            },
            {
                "requirement": "Data Categories",
                "value": "technical data recordings such as device ID",
                "performed": true
            }
        ]
    },
    {
        "type": "list_item",
        "context": [
            {
                "text": "Privacy Policy",
                "type": "h1"
            },
            {
                "text": "2.2. Necessary purposes",
                "type": "h3"
            },
            {
                "text": "2.2.1 All the necessary purposes of our processing are associated with providing our services:",
                "type": "list_intro"
            }
        ],
        "passage": "Installation of our apps leads to technical and device-related data recordings.",
        "annotations": [
            {
                "requirement": "Processing Purpose",
                "value": "providing our services",
                "performed": true
            },
            {
                "requirement": "Data Categories",
                "value": "technical and device-related data recordings",
                "performed": true
            }
        ]
    },
    {
        "type": "list_item",
        "context": [
            {
                "text": "Privacy Policy",
                "type": "h1"
            },
            {
                "text": "2.2. Necessary purposes",
                "type": "h3"
            },
            {
                "text": "2.2.1 All the necessary purposes of our processing are associated with providing our services:",
                "type": "list_intro"
            }
        ],
        "passage": "Registration leads to the creation of your CamDiab account using the email address and password.",
        "annotations": [
            {
                "requirement": "Processing Purpose",
                "value": "creation of your CamDiab account",
                "performed": true
            },
            {
                "requirement": "Data Categories",
                "value": "email address",
                "performed": true
            },
            {
                "requirement": "Data Categories",
                "value": "password",
                "performed": true
            }
        ]
    },
    {
        "type": "list_item",
        "context": [
            {
                "text": "Privacy Policy",
                "type": "h1"
            },
            {
                "text": "2.2. Necessary purposes",
                "type": "h3"
            },
            {
                "text": "2.2.1 All the necessary purposes of our processing are associated with providing our services:",
                "type": "list_intro"
            }
        ],
        "passage": "The provision of our services requires you to voluntarily and actively enter or provide data and each function describes the purpose for which the data is needed.",
        "annotations": [
            {
                "requirement": "Processing Purpose",
                "value": "the purpose for which the data is needed",
                "performed": true
            }
        ]
    },
    {
        "type": "list_item",
        "context": [
            {
                "text": "Privacy Policy",
                "type": "h1"
            },
            {
                "text": "2.2. Necessary purposes",
                "type": "h3"
            },
            {
                "text": "2.2.1 All the necessary purposes of our processing are associated with providing our services:",
                "type": "list_intro"
            }
        ],
        "passage": "Communication from CamDiab or distributor with you within our apps or via other electronic messaging services (e.g. email, messenger, telephone) where this is required to support or troubleshoot our products. This is how we process any comments and queries that you may have via various communication channels when using CamDiab. The most important example is our support service, which you can access at support@camdiab.com. Please therefore think about which information and data you want to give in your active communication with us - this is solely your decision. For our part, communication with users may be necessary by email or similar. This is how we inform you about updates to our products and provide important security advice as well as assistance associated with your usage. This support communication - as an essential part of our products - is sent to users.",
        "annotations": [
            {
                "requirement": "Processing Purpose",
                "value": "support or troubleshoot our products",
                "performed": true
            },
            {
                "requirement": "Processing Purpose",
                "value": "process any comments and queries that you may have via various communication channels",
                "performed": true
            },
            {
                "requirement": "Controller Contact",
                "value": "support@camdiab.com",
                "performed": true
            },
            {
                "requirement": "Processing Purpose",
                "value": "inform you about updates to our products",
                "performed": true
            },
            {
                "requirement": "Processing Purpose",
                "value": "provide important security advice",
                "performed": true
            },
            {
                "requirement": "Processing Purpose",
                "value": "provide PLACEHOLDER assistance associated with your usage",
                "performed": true
            }
        ]
    },
    {
        "type": "list_item",
        "context": [
            {
                "text": "Privacy Policy",
                "type": "h1"
            },
            {
                "text": "2.2. Necessary purposes",
                "type": "h3"
            },
            {
                "text": "2.2.1 All the necessary purposes of our processing are associated with providing our services:",
                "type": "list_intro"
            }
        ],
        "passage": "Therapy devices (e.g. glucose sensor and insulin pumps) are paired with your device which enables data to be transferred to our apps.",
        "annotations": [
            {
                "requirement": "Data Categories",
                "value": "Therapy devices (e.g. glucose sensor and insulin pumps)",
                "performed": true
            },
            {
                "requirement": "Processing Purpose",
                "value": "enables data to be transferred to our apps",
                "performed": true
            }
        ]
    },
    {
        "type": "list_item",
        "context": [
            {
                "text": "Privacy Policy",
                "type": "h1"
            },
            {
                "text": "2.2. Necessary purposes",
                "type": "h3"
            },
            {
                "text": "2.2.1 All the necessary purposes of our processing are associated with providing our services:",
                "type": "list_intro"
            }
        ],
        "passage": "Diabetes data portals and data sharing, such as those by Glooko/mylife Cloud enable data to be exchanged with our apps. But synchronization only takes place if you activate this in the settings of our apps, namely, if you use the function. Privacy Notice of manufacturers of diabetes data portals applies for data shared with such third-party collaborators.",
        "annotations": [
            {
                "requirement": "Processing Purpose",
                "value": "data to be exchanged with our apps",
                "performed": true
            },
            {
                "requirement": "Source of Data",
                "value": "diabetes data portals and data sharing",
                "performed": true
            },
            {
                "requirement": "Third-country Transfers",
                "value": "third-party collaborators",
                "performed": true
            }
        ]
    },
    {
        "type": "text",
        "context": [
            {
                "text": "Privacy Policy",
                "type": "h1"
            },
            {
                "text": "2.2. Necessary purposes",
                "type": "h3"
            }
        ],
        "passage": "2.2.2 Use of our apps requires you to actively and voluntarily enter or provide data. To resolve an error in the app we require, for example, crash reports that we can use for troubleshooting purposes to determine the circumstances of the problem. In addition, the key data of your device and your usage behaviour are recorded as our contractual fulfilment, above all, means customizing our products i.e. processing individual user information, for example, depending on your location (also relevant for the search function). An automated analysis of user behaviour is performed exclusively for the purpose of customizing your use when fulfilling the contract and has no legal effect for you.",
        "annotations": [
            {
                "requirement": "Processing Purpose",
                "value": "resolve an error in the app",
                "performed": true
            },
            {
                "requirement": "Data Categories",
                "value": "crash reports",
                "performed": true
            },
            {
                "requirement": "Processing Purpose",
                "value": "troubleshooting purposes to determine the circumstances of the problem",
                "performed": true
            },
            {
                "requirement": "Data Categories",
                "value": "key data of your device",
                "performed": true
            },
            {
                "requirement": "Data Categories",
                "value": "your usage behaviour",
                "performed": true
            },
            {
                "requirement": "Processing Purpose",
                "value": "customizing our products",
                "performed": true
            },
            {
                "requirement": "Processing Purpose",
                "value": "processing individual user information PLACEHOLDER depending on your location",
                "performed": true
            },
            {
                "requirement": "Processing Purpose",
                "value": "customizing your use when fulfilling the contract",
                "performed": true
            },
            {
                "requirement": "Automated Decision-Making",
                "value": "automated analysis of user behaviour",
                "performed": true
            }
        ]
    },
    {
        "type": "headline",
        "context": [
            {
                "text": "Privacy Policy",
                "type": "h1"
            },
            {
                "text": "2.2. Necessary purposes",
                "type": "h3"
            }
        ],
        "passage": "3. PROCESSING FOR PRODUCT IMPROVEMENT",
        "annotations": [
            {
                "requirement": "Processing Purpose",
                "value": "PRODUCT IMPROVEMENT",
                "performed": true
            }
        ]
    },
    {
        "type": "text",
        "context": [
            {
                "text": "Privacy Policy",
                "type": "h1"
            },
            {
                "text": "2.2. Necessary purposes",
                "type": "h3"
            },
            {
                "text": "3. PROCESSING FOR PRODUCT IMPROVEMENT",
                "type": "h2"
            }
        ],
        "passage": "We also process your User Data beyond the necessary usage described in section 2 above to improve our products and services as described in more detail below.",
        "annotations": [
            {
                "requirement": "Processing Purpose",
                "value": "improve our products and services",
                "performed": true
            },
            {
                "requirement": "Data Categories",
                "value": "your User Data",
                "performed": true
            }
        ]
    },
    {
        "type": "headline",
        "context": [
            {
                "text": "Privacy Policy",
                "type": "h1"
            },
            {
                "text": "2.2. Necessary purposes",
                "type": "h3"
            },
            {
                "text": "3. PROCESSING FOR PRODUCT IMPROVEMENT",
                "type": "h2"
            }
        ],
        "passage": "3.1. Additional data",
        "annotations": []
    },
    {
        "type": "text",
        "context": [
            {
                "text": "Privacy Policy",
                "type": "h1"
            },
            {
                "text": "3.1. Additional data",
                "type": "h3"
            }
        ],
        "passage": "In general, we use the same User Data to improve our products as stated in section 2. In addition, CamDiab may also record the following User Data:",
        "annotations": [
            {
                "requirement": "Processing Purpose",
                "value": "improve our products",
                "performed": true
            },
            {
                "requirement": "Data Categories",
                "value": "User Data",
                "performed": true
            }
        ]
    },
    {
        "type": "list_item",
        "context": [
            {
                "text": "Privacy Policy",
                "type": "h1"
            },
            {
                "text": "3.1. Additional data",
                "type": "h3"
            },
            {
                "text": "In general, we use the same User Data to improve our products as stated in section 2. In addition, CamDiab may also record the following User Data:",
                "type": "list_intro"
            }
        ],
        "passage": "Usage Data",
        "annotations": [
            {
                "requirement": "Data Categories",
                "value": "Usage Data",
                "performed": true
            }
        ]
    },
    {
        "type": "list_item",
        "context": [
            {
                "text": "Privacy Policy",
                "type": "h1"
            },
            {
                "text": "3.1. Additional data",
                "type": "h3"
            },
            {
                "text": "In general, we use the same User Data to improve our products as stated in section 2. In addition, CamDiab may also record the following User Data:",
                "type": "list_intro"
            }
        ],
        "passage": "Activity events that allow us to understand how you use our products. This enables us to see how our products are used and for example where menu designs can be optimized.",
        "annotations": [
            {
                "requirement": "Data Categories",
                "value": "Activity events",
                "performed": true
            },
            {
                "requirement": "Processing Purpose",
                "value": "understand how you use our products",
                "performed": true
            },
            {
                "requirement": "Processing Purpose",
                "value": "see how our products are used",
                "performed": true
            },
            {
                "requirement": "Processing Purpose",
                "value": "where menu designs can be optimized",
                "performed": true
            }
        ]
    },
    {
        "type": "headline",
        "context": [
            {
                "text": "Privacy Policy",
                "type": "h1"
            },
            {
                "text": "3.1. Additional data",
                "type": "h3"
            }
        ],
        "passage": "3.2. Purpose of product improvement",
        "annotations": [
            {
                "requirement": "Processing Purpose",
                "value": "product improvement",
                "performed": true
            }
        ]
    },
    {
        "type": "text",
        "context": [
            {
                "text": "Privacy Policy",
                "type": "h1"
            },
            {
                "text": "3.2. Purpose of product improvement",
                "type": "h3"
            }
        ],
        "passage": "As a result of fast-moving technological progress, we have to continually analyse, develop, test, and improve our products and their interactions, in order to ensure that our content benefits users in the most effective way. To achieve this, we may conduct usage, feasibility, predictive, control and security assessments and the knowledge gained is incorporated into improved new versions of our products such as the app. These improvements are also provided to you via regular updates.",
        "annotations": [
            {
                "requirement": "Processing Purpose",
                "value": "analyse PLACEHOLDER our products and their interactions",
                "performed": true
            },
            {
                "requirement": "Processing Purpose",
                "value": "develop PLACEHOLDER our products and their interactions",
                "performed": true
            },
            {
                "requirement": "Processing Purpose",
                "value": "test PLACEHOLDER our products and their interactions",
                "performed": true
            },
            {
                "requirement": "Processing Purpose",
                "value": "improve our products and their interactions",
                "performed": true
            }
        ]
    },
    {
        "type": "text",
        "context": [
            {
                "text": "Privacy Policy",
                "type": "h1"
            },
            {
                "text": "3.2. Purpose of product improvement",
                "type": "h3"
            }
        ],
        "passage": "CamDiab is committed to the science of all aspects of diabetes. Therefore, anonymous User Data may also be used for the purposes of research and statistics (always whilst complying with the recognized ethical scientific standards) and internal analyses. This may include sharing anonymised data with third-party collaborators.",
        "annotations": [
            {
                "requirement": "Processing Purpose",
                "value": "research",
                "performed": true
            },
            {
                "requirement": "Processing Purpose",
                "value": "statistics",
                "performed": true
            },
            {
                "requirement": "Processing Purpose",
                "value": "internal analyses",
                "performed": true
            },
            {
                "requirement": "Data Recipients",
                "value": "third-party collaborators",
                "performed": true
            }
        ]
    },
    {
        "type": "headline",
        "context": [
            {
                "text": "Privacy Policy",
                "type": "h1"
            },
            {
                "text": "3.2. Purpose of product improvement",
                "type": "h3"
            }
        ],
        "passage": "4. PROCESSING FOR MARKETING PURPOSES",
        "annotations": []
    },
    {
        "type": "headline",
        "context": [
            {
                "text": "Privacy Policy",
                "type": "h1"
            },
            {
                "text": "3.2. Purpose of product improvement",
                "type": "h3"
            },
            {
                "text": "4. PROCESSING FOR MARKETING PURPOSES",
                "type": "h2"
            }
        ],
        "passage": "4.1. Newsletter",
        "annotations": []
    },
    {
        "type": "text",
        "context": [
            {
                "text": "Privacy Policy",
                "type": "h1"
            },
            {
                "text": "4.1. Newsletter",
                "type": "h3"
            }
        ],
        "passage": "4.1.1 We may send you information on products and services in addition to the contractual scope (including information from carefully selected partners) and invitations to participate in surveys or other sales promotions and marketing activities (\u201cNewsletter\u201d).",
        "annotations": [
            {
                "requirement": "Processing Purpose",
                "value": "send you information on products and services in addition to the contractual scope",
                "performed": true
            },
            {
                "requirement": "Processing Purpose",
                "value": "invitations to participate in surveys or other sales promotions and marketing activities",
                "performed": true
            },
            {
                "requirement": "Data Recipients",
                "value": "carefully selected partners",
                "performed": true
            }
        ]
    },
    {
        "type": "text",
        "context": [
            {
                "text": "Privacy Policy",
                "type": "h1"
            },
            {
                "text": "4.1. Newsletter",
                "type": "h3"
            }
        ],
        "passage": "4.1.2 You can select whether you want to subscribe to our Newsletter (opt-in). You can revoke your consent at any time in account settings.",
        "annotations": [
            {
                "requirement": "Right to Withdraw Consent",
                "value": "You can revoke your consent at any time",
                "performed": true
            }
        ]
    },
    {
        "type": "headline",
        "context": [
            {
                "text": "Privacy Policy",
                "type": "h1"
            },
            {
                "text": "4.1. Newsletter",
                "type": "h3"
            }
        ],
        "passage": "4.2. Other types of marketing",
        "annotations": []
    },
    {
        "type": "text",
        "context": [
            {
                "text": "Privacy Policy",
                "type": "h1"
            },
            {
                "text": "4.2. Other types of marketing",
                "type": "h3"
            }
        ],
        "passage": "4.2.1 Other consents, e.g. for surveys, notifications, or customized offers, are obtained as required. We always explain to you why we need certain data and also how you can revoke the consent.",
        "annotations": [
            {
                "requirement": "Processing Purpose",
                "value": "surveys",
                "performed": true
            },
            {
                "requirement": "Processing Purpose",
                "value": "notifications",
                "performed": true
            },
            {
                "requirement": "Processing Purpose",
                "value": "customized offers",
                "performed": true
            },
            {
                "requirement": "Right to Withdraw Consent",
                "value": "how you can revoke the consent",
                "performed": true
            }
        ]
    },
    {
        "type": "text",
        "context": [
            {
                "text": "Privacy Policy",
                "type": "h1"
            },
            {
                "text": "4.2. Other types of marketing",
                "type": "h3"
            }
        ],
        "passage": "4.2.2 Please be aware that we may show you offers within the app without processing your personal data. You will also see these non-customized advertisements if you have not provided your consent.",
        "annotations": [
            {
                "requirement": "Processing Purpose",
                "value": "show you offers within the app",
                "performed": true
            },
            {
                "requirement": "Processing Purpose",
                "value": "show you PLACEHOLDER non-customized advertisements",
                "performed": true
            },
            {
                "requirement": "Legal Basis for Processing",
                "value": "if you have not provided your consent",
                "performed": true
            }
        ]
    },
    {
        "type": "headline",
        "context": [
            {
                "text": "Privacy Policy",
                "type": "h1"
            },
            {
                "text": "4.2. Other types of marketing",
                "type": "h3"
            }
        ],
        "passage": "5. USAGE FOR STATUTORY PURPOSES",
        "annotations": []
    },
    {
        "type": "headline",
        "context": [
            {
                "text": "Privacy Policy",
                "type": "h1"
            },
            {
                "text": "4.2. Other types of marketing",
                "type": "h3"
            },
            {
                "text": "5. USAGE FOR STATUTORY PURPOSES",
                "type": "h2"
            }
        ],
        "passage": "5.1. Scientific research and statistics",
        "annotations": []
    },
    {
        "type": "text",
        "context": [
            {
                "text": "Privacy Policy",
                "type": "h1"
            },
            {
                "text": "5.1. Scientific research and statistics",
                "type": "h3"
            }
        ],
        "passage": "CamDiab is committed to the science of all aspects of diabetes. Therefore, anonymous User Data may also be used for the purposes of research and statistics (always whilst complying with the recognized ethical scientific standards) and internal analyses. This is used mainly to determine and improve the effectiveness of techniques for controlling and treating diabetes. The legal basis for this is Article 9 (2) j) General Data Protection Regulation (GDPR).",
        "annotations": [
            {
                "requirement": "Processing Purpose",
                "value": "research and statistics",
                "performed": true
            },
            {
                "requirement": "Legal Basis for Processing",
                "value": "Article 9 (2) j) General Data Protection Regulation (GDPR)",
                "performed": true
            }
        ]
    },
    {
        "type": "headline",
        "context": [
            {
                "text": "Privacy Policy",
                "type": "h1"
            },
            {
                "text": "5.1. Scientific research and statistics",
                "type": "h3"
            }
        ],
        "passage": "5.2. Enforcement of rights",
        "annotations": []
    },
    {
        "type": "text",
        "context": [
            {
                "text": "Privacy Policy",
                "type": "h1"
            },
            {
                "text": "5.2. Enforcement of rights",
                "type": "h3"
            }
        ],
        "passage": "The use of personal data may also be necessary to prevent abuse by users or to assert, exercise, or defend legal claims. We may be forced into disclosure due to binding laws, court or official decisions and instructions, criminal investigation, or in the public interest. In such cases, the storage and processing of your data are permitted by law without your consent. The legal basis for this is Article 9 (2) f) GDPR.",
        "annotations": [
            {
                "requirement": "Processing Purpose",
                "value": "prevent abuse by users",
                "performed": true
            },
            {
                "requirement": "Processing Purpose",
                "value": "assert, exercise, or defend legal claims",
                "performed": true
            },
            {
                "requirement": "Mandatory Data Disclosure",
                "value": "binding laws, court or official decisions and instructions, criminal investigation, or in the public interest",
                "performed": true
            },
            {
                "requirement": "Legal Basis for Processing",
                "value": "Article 9 (2) f) GDPR",
                "performed": true
            }
        ]
    },
    {
        "type": "headline",
        "context": [
            {
                "text": "Privacy Policy",
                "type": "h1"
            },
            {
                "text": "5.2. Enforcement of rights",
                "type": "h3"
            }
        ],
        "passage": "5.3. In accordance with medical device legislation",
        "annotations": []
    },
    {
        "type": "text",
        "context": [
            {
                "text": "Privacy Policy",
                "type": "h1"
            },
            {
                "text": "5.3. In accordance with medical device legislation",
                "type": "h3"
            }
        ],
        "passage": "Finally, as the manufacturer or distributor of a medical device, we are subject to increased requirements for monitoring the functionality of our product. This vigilance system required for regulatory purposes may also involve the processing of personal data. The legal basis for this is Article 9 (2) i) GDPR.",
        "annotations": [
            {
                "requirement": "Processing Purpose",
                "value": "monitoring the functionality of our product",
                "performed": true
            },
            {
                "requirement": "Legal Basis for Processing",
                "value": "Article 9 (2) i) GDPR",
                "performed": true
            }
        ]
    },
    {
        "type": "headline",
        "context": [
            {
                "text": "Privacy Policy",
                "type": "h1"
            },
            {
                "text": "5.3. In accordance with medical device legislation",
                "type": "h3"
            }
        ],
        "passage": "6. GENERAL INFORMATION",
        "annotations": []
    },
    {
        "type": "headline",
        "context": [
            {
                "text": "Privacy Policy",
                "type": "h1"
            },
            {
                "text": "5.3. In accordance with medical device legislation",
                "type": "h3"
            },
            {
                "text": "6. GENERAL INFORMATION",
                "type": "h2"
            }
        ],
        "passage": "6.1. Purpose limitation and security",
        "annotations": []
    },
    {
        "type": "text",
        "context": [
            {
                "text": "Privacy Policy",
                "type": "h1"
            },
            {
                "text": "6.1. Purpose limitation and security",
                "type": "h3"
            }
        ],
        "passage": "6.1.1 CamDiab uses your personal data exclusively for the purposes determined in this privacy notice and the relevant consents. We ensure that each processing is restricted to the extent necessary for its purpose.",
        "annotations": [
            {
                "requirement": "Processing Purpose",
                "value": "uses your personal data exclusively for the purposes determined in this privacy notice",
                "performed": true
            }
        ]
    },
    {
        "type": "text",
        "context": [
            {
                "text": "Privacy Policy",
                "type": "h1"
            },
            {
                "text": "6.1. Purpose limitation and security",
                "type": "h3"
            }
        ],
        "passage": "6.1.2 Each processing always guarantees adequate security and confidentiality of your personal data. This covers protection from unauthorized and illegal processing, unintentional loss, unintentional destruction or damage using appropriate technical and organizational measures. We use strict internal processes, security features, and encryption methods.",
        "annotations": []
    },
    {
        "type": "headline",
        "context": [
            {
                "text": "Privacy Policy",
                "type": "h1"
            },
            {
                "text": "6.1. Purpose limitation and security",
                "type": "h3"
            }
        ],
        "passage": "6.2. Processors",
        "annotations": []
    },
    {
        "type": "text",
        "context": [
            {
                "text": "Privacy Policy",
                "type": "h1"
            },
            {
                "text": "6.2. Processors",
                "type": "h3"
            }
        ],
        "passage": "6.2.1 Our products are subject to complex processes that we have to manage and keep up-to-date. For technical support we may use third-party suppliers (\u201cProcessors\u201d) in order to offer you a comprehensive and optimal use of our products.",
        "annotations": [
            {
                "requirement": "Data Recipients",
                "value": "third-party suppliers",
                "performed": true
            }
        ]
    },
    {
        "type": "text",
        "context": [
            {
                "text": "Privacy Policy",
                "type": "h1"
            },
            {
                "text": "6.2. Processors",
                "type": "h3"
            }
        ],
        "passage": "6.2.2 CamDiab transfers User Data to Processors exclusively within the framework of this privacy notice and only to fulfil the purposes stated in it. Processors work according to our specifications and instructions; they are not permitted to use the personal data of our users for their own or other purposes.",
        "annotations": [
            {
                "requirement": "Data Recipients",
                "value": "Processors",
                "performed": true
            },
            {
                "requirement": "Processing Purpose",
                "value": "fulfil the purposes stated in it",
                "performed": true
            }
        ]
    },
    {
        "type": "text",
        "context": [
            {
                "text": "Privacy Policy",
                "type": "h1"
            },
            {
                "text": "6.2. Processors",
                "type": "h3"
            }
        ],
        "passage": "6.2.3 We use Processors offering sufficient guarantees that suitable technical and organizational measures are undertaken in a way that the processing of personal data complies with the statutory requirements and our privacy notice. The protection of the rights of our users is ensured by concluding binding contracts that meet the strict requirements of GDPR.",
        "annotations": []
    },
    {
        "type": "headline",
        "context": [
            {
                "text": "Privacy Policy",
                "type": "h1"
            },
            {
                "text": "6.2. Processors",
                "type": "h3"
            }
        ],
        "passage": "6.3. Encryption, pseudonymization, and anonymization",
        "annotations": []
    },
    {
        "type": "text",
        "context": [
            {
                "text": "Privacy Policy",
                "type": "h1"
            },
            {
                "text": "6.3. Encryption, pseudonymization, and anonymization",
                "type": "h3"
            }
        ],
        "passage": "6.3.1 Each data transfer, without exception and by default, is encrypted during transfer. Using HTTPS (hypertext transfer protocol secure) or similar we ensure that your data is not intercepted by unauthorized third parties.",
        "annotations": [
            {
                "requirement": "Third-country Transfers",
                "value": "encrypted during transfer",
                "performed": true
            },
            {
                "requirement": "Third-country Transfers",
                "value": "your data is not intercepted by unauthorized third parties",
                "performed": true
            }
        ]
    },
    {
        "type": "text",
        "context": [
            {
                "text": "Privacy Policy",
                "type": "h1"
            },
            {
                "text": "6.3. Encryption, pseudonymization, and anonymization",
                "type": "h3"
            }
        ],
        "passage": "In addition, for the purposes of data security and minimization, we also use other processes for the encryption and pseudonymization of User Data. Of course this depends on the type, scope, and purpose of the relevant data processing. For example, we only disclose User Data that a Processor requires to carry out his tasks.",
        "annotations": [
            {
                "requirement": "Processing Purpose",
                "value": "data security and minimization",
                "performed": true
            },
            {
                "requirement": "Data Recipients",
                "value": "a Processor",
                "performed": true
            }
        ]
    },
    {
        "type": "text",
        "context": [
            {
                "text": "Privacy Policy",
                "type": "h1"
            },
            {
                "text": "6.3. Encryption, pseudonymization, and anonymization",
                "type": "h3"
            }
        ],
        "passage": "6.3.2 When a contractual relationship with a Processor is terminated, such Processor must, at CamDiab\u2019s discretion, either return all our User\u2019s Data or delete it if there are no statutory storage obligations.",
        "annotations": [
            {
                "requirement": "Data Retention Period",
                "value": "if there are no statutory storage obligations",
                "performed": true
            }
        ]
    },
    {
        "type": "text",
        "context": [
            {
                "text": "Privacy Policy",
                "type": "h1"
            },
            {
                "text": "6.3. Encryption, pseudonymization, and anonymization",
                "type": "h3"
            }
        ],
        "passage": "6.3.3 Data that requires no personal reference for processing (e.g. for research and analysis) is subject to anonymization. This prevents a connection to a specific user being made in all cases",
        "annotations": []
    },
    {
        "type": "headline",
        "context": [
            {
                "text": "Privacy Policy",
                "type": "h1"
            },
            {
                "text": "6.3. Encryption, pseudonymization, and anonymization",
                "type": "h3"
            }
        ],
        "passage": "6.4. EU and other countries",
        "annotations": []
    },
    {
        "type": "text",
        "context": [
            {
                "text": "Privacy Policy",
                "type": "h1"
            },
            {
                "text": "6.4. EU and other countries",
                "type": "h3"
            }
        ],
        "passage": "6.4.1 We seek to select cooperation partners who are based in or whose servers are located in the European Union (EU) or European Economic Area (EEA). Data transmission within the EU and EEA is unobjectionable because the GDPR applies in all member states.",
        "annotations": [
            {
                "requirement": "Third-country Transfers",
                "value": "whose servers are located in the European Union (EU) or European Economic Area (EEA)",
                "performed": true
            }
        ]
    },
    {
        "type": "text",
        "context": [
            {
                "text": "Privacy Policy",
                "type": "h1"
            },
            {
                "text": "6.4. EU and other countries",
                "type": "h3"
            }
        ],
        "passage": "6.4.2 In exceptional circumstances we appoint third-party suppliers who are located in or who have servers outside the EU. However, even in these cases your personal data is subject to a high protection level in line with the GDPR \u2013 either through an EU adequacy decision, which considers data protection in certain third-party countries to be appropriate (e.g. Switzerland, Israel, and New Zealand), or through certain standard contractual clauses approved by the EU, which the contractual relationships with our contracted data processors are based on, or through comparable legal instruments permitted under the GDPR.",
        "annotations": [
            {
                "requirement": "Third-country Transfers",
                "value": "third-party suppliers who are located in or who have servers outside the EU",
                "performed": true
            },
            {
                "requirement": "Third-country Transfers",
                "value": "Switzerland, Israel, and New Zealand",
                "performed": true
            }
        ]
    },
    {
        "type": "text",
        "context": [
            {
                "text": "Privacy Policy",
                "type": "h1"
            },
            {
                "text": "6.4. EU and other countries",
                "type": "h3"
            }
        ],
        "passage": "6.4.3 In addition, we ensure that our partners have additional security standards in place, such as individual security measures and data protection provisions or certifications under the GDPR. So, for example, if third-party suppliers are located in the USA they should be subject to the Privacy Shield Framework approved by the EU or comparable internationally recognized security standards.",
        "annotations": [
            {
                "requirement": "Third-country Transfers",
                "value": "third-party suppliers are located in the USA",
                "performed": true
            }
        ]
    },
    {
        "type": "headline",
        "context": [
            {
                "text": "Privacy Policy",
                "type": "h1"
            },
            {
                "text": "6.4. EU and other countries",
                "type": "h3"
            }
        ],
        "passage": "6.5. Cookies",
        "annotations": []
    },
    {
        "type": "text",
        "context": [
            {
                "text": "Privacy Policy",
                "type": "h1"
            },
            {
                "text": "6.5. Cookies",
                "type": "h3"
            }
        ],
        "passage": "CamDiab may store so-called \u201ccookies\u201d to offer you a comprehensive range of functions and make the use of our website more convenient. Cookies are small text files that are stored on your device by your browser. Except for the cookies for usage data mentioned in section 6.6, our cookies may be used to operate the website. If you do not want to use cookies you can prevent them from being stored using the relevant settings in the browser. Most of our cookies are either deleted at the end of your visit or when the browser is closed (session cookies). If this is not the case, you can check the deletion period in your browser or delete the cookies manually.",
        "annotations": []
    },
    {
        "type": "headline",
        "context": [
            {
                "text": "Privacy Policy",
                "type": "h1"
            },
            {
                "text": "6.5. Cookies",
                "type": "h3"
            }
        ],
        "passage": "6.6. Usage data",
        "annotations": []
    },
    {
        "type": "text",
        "context": [
            {
                "text": "Privacy Policy",
                "type": "h1"
            },
            {
                "text": "6.6. Usage data",
                "type": "h3"
            }
        ],
        "passage": "We use Google Firebase Analytics in the app, an app and web analysis service by Google Inc. (\u201cGoogle\u201d). Google is certified under the EU-US Privacy Shield.",
        "annotations": [
            {
                "requirement": "Data Recipients",
                "value": "Google Firebase Analytics",
                "performed": true
            },
            {
                "requirement": "Third-country Transfers",
                "value": "EU-US Privacy Shield",
                "performed": true
            }
        ]
    },
    {
        "type": "headline",
        "context": [
            {
                "text": "Privacy Policy",
                "type": "h1"
            },
            {
                "text": "6.6. Usage data",
                "type": "h3"
            }
        ],
        "passage": "6.7. Storage and deletion",
        "annotations": []
    },
    {
        "type": "text",
        "context": [
            {
                "text": "Privacy Policy",
                "type": "h1"
            },
            {
                "text": "6.7. Storage and deletion",
                "type": "h3"
            }
        ],
        "passage": "6.7.1 Your User Data is stored on your device. This data is also stored on servers. We only use systems that meet GDPR requirements.",
        "annotations": [
            {
                "requirement": "Data Retention Period",
                "value": "Your User Data is stored on your device",
                "performed": true
            },
            {
                "requirement": "Data Retention Period",
                "value": "This data is also stored on servers",
                "performed": true
            }
        ]
    },
    {
        "type": "text",
        "context": [
            {
                "text": "Privacy Policy",
                "type": "h1"
            },
            {
                "text": "6.7. Storage and deletion",
                "type": "h3"
            }
        ],
        "passage": "6.7.2 Your data are stored on servers in the European Union (EU).",
        "annotations": [
            {
                "requirement": "Third-country Transfers",
                "value": "European Union (EU)",
                "performed": true
            }
        ]
    },
    {
        "type": "text",
        "context": [
            {
                "text": "Privacy Policy",
                "type": "h1"
            },
            {
                "text": "6.7. Storage and deletion",
                "type": "h3"
            }
        ],
        "passage": "6.7.3 As a rule, CamDiab only stores your personal data for the duration of the contract. In exceptional cases, longer storage may be required in order to fulfil post-contractual obligations or to comply with statutory storage obligations or disclosure duties, or to assert, exercise, or defend legal claims (limitation periods).",
        "annotations": [
            {
                "requirement": "Data Retention Period",
                "value": "only stores your personal data for the duration of the contract",
                "performed": true
            }
        ]
    },
    {
        "type": "headline",
        "context": [
            {
                "text": "Privacy Policy",
                "type": "h1"
            },
            {
                "text": "6.7. Storage and deletion",
                "type": "h3"
            }
        ],
        "passage": "6.8. Minors",
        "annotations": []
    },
    {
        "type": "text",
        "context": [
            {
                "text": "Privacy Policy",
                "type": "h1"
            },
            {
                "text": "6.8. Minors",
                "type": "h3"
            }
        ],
        "passage": "Minors, below the age of sixteen are only permitted to use our products with the consent of a parent/guardian (General Terms and Conditions - T&Cs). This also applies to processing their personal data, which is only legal if and to the extent to which the consent has been obtained by and through the parent/guardian. Otherwise use of our products is prohibited.",
        "annotations": [
            {
                "requirement": "Legal Basis for Processing",
                "value": "the consent of a parent/guardian",
                "performed": true
            }
        ]
    },
    {
        "type": "headline",
        "context": [
            {
                "text": "Privacy Policy",
                "type": "h1"
            },
            {
                "text": "6.8. Minors",
                "type": "h3"
            }
        ],
        "passage": "6.9. Data protection officer",
        "annotations": []
    },
    {
        "type": "text",
        "context": [
            {
                "text": "Privacy Policy",
                "type": "h1"
            },
            {
                "text": "6.9. Data protection officer",
                "type": "h3"
            }
        ],
        "passage": "6.9.1 Our data protection officer is available to answer all data protection questions at dpo@evalian.co.uk.",
        "annotations": [
            {
                "requirement": "DPO Contact",
                "value": "dpo@evalian.co.uk",
                "performed": true
            }
        ]
    },
    {
        "type": "text",
        "context": [
            {
                "text": "Privacy Policy",
                "type": "h1"
            },
            {
                "text": "6.9. Data protection officer",
                "type": "h3"
            }
        ],
        "passage": "6.9.2 The data protection officer is widely involved in all questions associated with protecting the personal data of our users. As a trained expert, she/he monitors our processing on an ongoing basis to ensure the best possible protection of your User Data.",
        "annotations": [
            {
                "requirement": "DPO Contact",
                "value": "The data protection officer is widely involved in all questions associated with protecting the personal data of our users",
                "performed": true
            }
        ]
    },
    {
        "type": "headline",
        "context": [
            {
                "text": "Privacy Policy",
                "type": "h1"
            },
            {
                "text": "6.9. Data protection officer",
                "type": "h3"
            }
        ],
        "passage": "7. YOUR RIGHTS",
        "annotations": []
    },
    {
        "type": "headline",
        "context": [
            {
                "text": "Privacy Policy",
                "type": "h1"
            },
            {
                "text": "6.9. Data protection officer",
                "type": "h3"
            },
            {
                "text": "7. YOUR RIGHTS",
                "type": "h2"
            }
        ],
        "passage": "7.1. Revocation of consents",
        "annotations": [
            {
                "requirement": "Right to Withdraw Consent",
                "value": "Revocation of consents",
                "performed": true
            }
        ]
    },
    {
        "type": "text",
        "context": [
            {
                "text": "Privacy Policy",
                "type": "h1"
            },
            {
                "text": "7.1. Revocation of consents",
                "type": "h3"
            }
        ],
        "passage": "If we process your User Data based on your consent, you may revoke the consent at any time. However, this will not affect the lawfulness of the processing before the revocation. We will continue to provide our services if they do not depend on the consent that has been revoked.",
        "annotations": [
            {
                "requirement": "Right to Withdraw Consent",
                "value": "you may revoke the consent at any time",
                "performed": true
            }
        ]
    },
    {
        "type": "headline",
        "context": [
            {
                "text": "Privacy Policy",
                "type": "h1"
            },
            {
                "text": "7.1. Revocation of consents",
                "type": "h3"
            }
        ],
        "passage": "7.2. Information, correction, and restriction",
        "annotations": []
    },
    {
        "type": "text",
        "context": [
            {
                "text": "Privacy Policy",
                "type": "h1"
            },
            {
                "text": "7.2. Information, correction, and restriction",
                "type": "h3"
            }
        ],
        "passage": "7.2.1 Each user has the right to request information on the processing of their personal data. To do so, please contact us at any time at dpo@evalian.co.uk.",
        "annotations": [
            {
                "requirement": "Right to Access",
                "value": "right to request information on the processing of their personal data",
                "performed": true
            },
            {
                "requirement": "DPO Contact",
                "value": "dpo@evalian.co.uk",
                "performed": true
            }
        ]
    },
    {
        "type": "text",
        "context": [
            {
                "text": "Privacy Policy",
                "type": "h1"
            },
            {
                "text": "7.2. Information, correction, and restriction",
                "type": "h3"
            }
        ],
        "passage": "7.2.2 Your right to information covers information on the processing purposes, data and recipient categories, storage time, origin of your data, and your rights under the data protection regulations. You can find all of this information in this privacy notice and we are happy to provide it to you in an electronic form.",
        "annotations": [
            {
                "requirement": "Processing Purpose",
                "value": "processing purposes",
                "performed": true
            },
            {
                "requirement": "Data Categories",
                "value": "data",
                "performed": true
            },
            {
                "requirement": "Data Recipients",
                "value": "recipient categories",
                "performed": true
            },
            {
                "requirement": "Data Retention Period",
                "value": "storage time",
                "performed": true
            },
            {
                "requirement": "Source of Data",
                "value": "origin of your data",
                "performed": true
            }
        ]
    },
    {
        "type": "text",
        "context": [
            {
                "text": "Privacy Policy",
                "type": "h1"
            },
            {
                "text": "7.2. Information, correction, and restriction",
                "type": "h3"
            }
        ],
        "passage": "7.2.3 Should some of your personal data be incorrect, you can request that your data is corrected or completed at any time. You have the right to restrict data processing for the duration of any investigation review that you have requested.",
        "annotations": [
            {
                "requirement": "Right to Rectification",
                "value": "you can request that your data is corrected or completed",
                "performed": true
            },
            {
                "requirement": "Right to Restrict",
                "value": "you have the right to restrict data processing",
                "performed": true
            }
        ]
    },
    {
        "type": "headline",
        "context": [
            {
                "text": "Privacy Policy",
                "type": "h1"
            },
            {
                "text": "7.2. Information, correction, and restriction",
                "type": "h3"
            }
        ],
        "passage": "7.3. Deletion (\u201cright to be forgotten\u201d)",
        "annotations": []
    },
    {
        "type": "text",
        "context": [
            {
                "text": "Privacy Policy",
                "type": "h1"
            },
            {
                "text": "7.3. Deletion (\u201cright to be forgotten\u201d)",
                "type": "h3"
            }
        ],
        "passage": "Each user has the right to request the deletion of their personal data. To do so, please contact us at any time at support@camdiab.com.",
        "annotations": [
            {
                "requirement": "Right to Erasure",
                "value": "the right to request the deletion of their personal data",
                "performed": true
            },
            {
                "requirement": "Controller Contact",
                "value": "support@camdiab.com",
                "performed": true
            }
        ]
    },
    {
        "type": "headline",
        "context": [
            {
                "text": "Privacy Policy",
                "type": "h1"
            },
            {
                "text": "7.3. Deletion (\u201cright to be forgotten\u201d)",
                "type": "h3"
            }
        ],
        "passage": "7.4. Complaints",
        "annotations": []
    },
    {
        "type": "text",
        "context": [
            {
                "text": "Privacy Policy",
                "type": "h1"
            },
            {
                "text": "7.4. Complaints",
                "type": "h3"
            }
        ],
        "passage": "7.4.1 If you feel we are not protecting your data protection rights adequately, please contact us at any time at support@camdiab.com or contact our data protection officer directly at privacy@camdiab.com. We will handle your request appropriately.",
        "annotations": [
            {
                "requirement": "Controller Contact",
                "value": "support@camdiab.com",
                "performed": true
            },
            {
                "requirement": "DPO Contact",
                "value": "privacy@camdiab.com",
                "performed": true
            }
        ]
    },
    {
        "type": "text",
        "context": [
            {
                "text": "Privacy Policy",
                "type": "h1"
            },
            {
                "text": "7.4. Complaints",
                "type": "h3"
            }
        ],
        "passage": "7.4.2 Any user has the right to submit a complaint with the appropriate Data Protection Authority responsible for CamDiab if they believe that the processing of their personal data is not in compliance with data protection regulations. In addition, the user has a right to complain to a supervisory authority in the EU member state in which they are resident, in which their workplace is located, or which is the location of a suspected infringement.",
        "annotations": [
            {
                "requirement": "Right to Lodge Complaint",
                "value": "the right to submit a complaint with the appropriate Data Protection Authority responsible for CamDiab",
                "performed": true
            },
            {
                "requirement": "Right to Lodge Complaint",
                "value": "a right to complain to a supervisory authority in the EU member state in which they are resident, in which their workplace is located, or which is the location of a suspected infringement",
                "performed": true
            }
        ]
    }
]