[
    {
        "type": "headline",
        "context": [],
        "passage": "Privacy Policy",
        "annotations": []
    },
    {
        "type": "text",
        "context": [
            {
                "text": "Privacy Policy",
                "type": "h1"
            }
        ],
        "passage": "Riyadh Music Week is committed to protecting your privacy and ensuring the security of your information. This Privacy Policy outlines how we collect, use, and manage data when you interact with our website, app, or any linked external services. By using our website or app, you agree to the terms outlined below. Please review these terms regularly for updates.",
        "annotations": []
    },
    {
        "type": "list_item",
        "context": [
            {
                "text": "Privacy Policy",
                "type": "h1"
            },
            {
                "text": "Riyadh Music Week is committed to protecting your privacy and ensuring the security of your information. This Privacy Policy outlines how we collect, use, and manage data when you interact with our website, app, or any linked external services. By using our website or app, you agree to the terms outlined below. Please review these terms regularly for updates.",
                "type": "list_intro"
            }
        ],
        "passage": "Data Collection & Use",
        "annotations": []
    },
    {
        "type": "list_item",
        "context": [
            {
                "text": "Privacy Policy",
                "type": "h1"
            },
            {
                "text": "Riyadh Music Week is committed to protecting your privacy and ensuring the security of your information. This Privacy Policy outlines how we collect, use, and manage data when you interact with our website, app, or any linked external services. By using our website or app, you agree to the terms outlined below. Please review these terms regularly for updates.",
                "type": "list_intro"
            }
        ],
        "passage": "Third-Party Services",
        "annotations": []
    },
    {
        "type": "list_item",
        "context": [
            {
                "text": "Privacy Policy",
                "type": "h1"
            },
            {
                "text": "Riyadh Music Week is committed to protecting your privacy and ensuring the security of your information. This Privacy Policy outlines how we collect, use, and manage data when you interact with our website, app, or any linked external services. By using our website or app, you agree to the terms outlined below. Please review these terms regularly for updates.",
                "type": "list_intro"
            }
        ],
        "passage": "Cookies & Tracking Technologies",
        "annotations": []
    },
    {
        "type": "list_item",
        "context": [
            {
                "text": "Privacy Policy",
                "type": "h1"
            },
            {
                "text": "Riyadh Music Week is committed to protecting your privacy and ensuring the security of your information. This Privacy Policy outlines how we collect, use, and manage data when you interact with our website, app, or any linked external services. By using our website or app, you agree to the terms outlined below. Please review these terms regularly for updates.",
                "type": "list_intro"
            }
        ],
        "passage": "Children\u2019s Privacy",
        "annotations": []
    },
    {
        "type": "list_item",
        "context": [
            {
                "text": "Privacy Policy",
                "type": "h1"
            },
            {
                "text": "Riyadh Music Week is committed to protecting your privacy and ensuring the security of your information. This Privacy Policy outlines how we collect, use, and manage data when you interact with our website, app, or any linked external services. By using our website or app, you agree to the terms outlined below. Please review these terms regularly for updates.",
                "type": "list_intro"
            }
        ],
        "passage": "Security of Information",
        "annotations": []
    },
    {
        "type": "list_item",
        "context": [
            {
                "text": "Privacy Policy",
                "type": "h1"
            },
            {
                "text": "Riyadh Music Week is committed to protecting your privacy and ensuring the security of your information. This Privacy Policy outlines how we collect, use, and manage data when you interact with our website, app, or any linked external services. By using our website or app, you agree to the terms outlined below. Please review these terms regularly for updates.",
                "type": "list_intro"
            }
        ],
        "passage": "Your Rights",
        "annotations": []
    },
    {
        "type": "list_item",
        "context": [
            {
                "text": "Privacy Policy",
                "type": "h1"
            },
            {
                "text": "Riyadh Music Week is committed to protecting your privacy and ensuring the security of your information. This Privacy Policy outlines how we collect, use, and manage data when you interact with our website, app, or any linked external services. By using our website or app, you agree to the terms outlined below. Please review these terms regularly for updates.",
                "type": "list_intro"
            }
        ],
        "passage": "Changes to the Privacy Policy",
        "annotations": []
    },
    {
        "type": "list_item",
        "context": [
            {
                "text": "Privacy Policy",
                "type": "h1"
            },
            {
                "text": "Riyadh Music Week is committed to protecting your privacy and ensuring the security of your information. This Privacy Policy outlines how we collect, use, and manage data when you interact with our website, app, or any linked external services. By using our website or app, you agree to the terms outlined below. Please review these terms regularly for updates.",
                "type": "list_intro"
            }
        ],
        "passage": "Contact Information",
        "annotations": []
    },
    {
        "type": "headline",
        "context": [
            {
                "text": "Privacy Policy",
                "type": "h1"
            }
        ],
        "passage": "Data Collection & Use",
        "annotations": []
    },
    {
        "type": "text",
        "context": [
            {
                "text": "Privacy Policy",
                "type": "h1"
            },
            {
                "text": "Data Collection & Use",
                "type": "h2"
            }
        ],
        "passage": "Riyadh Music Week does not collect personal information directly from users. Our platform is designed for browsing event details and includes links to third-party websites for ticket purchases. Any personal data entered on external platforms is governed by their respective privacy policies.",
        "annotations": []
    },
    {
        "type": "text",
        "context": [
            {
                "text": "Privacy Policy",
                "type": "h1"
            },
            {
                "text": "Data Collection & Use",
                "type": "h2"
            }
        ],
        "passage": "When you access our website or app, we may collect non-identifiable browsing data, such as:",
        "annotations": [
            {
                "requirement": "Data Categories",
                "value": "non-identifiable browsing data",
                "performed": true
            }
        ]
    },
    {
        "type": "list_item",
        "context": [
            {
                "text": "Privacy Policy",
                "type": "h1"
            },
            {
                "text": "Data Collection & Use",
                "type": "h2"
            },
            {
                "text": "When you access our website or app, we may collect non-identifiable browsing data, such as:",
                "type": "list_intro"
            }
        ],
        "passage": "Device Information: Type of device, operating system, and browser type.",
        "annotations": [
            {
                "requirement": "Data Categories",
                "value": "Device Information",
                "performed": true
            },
            {
                "requirement": "Data Categories",
                "value": "Type of device",
                "performed": true
            },
            {
                "requirement": "Data Categories",
                "value": "operating system",
                "performed": true
            },
            {
                "requirement": "Data Categories",
                "value": "browser type",
                "performed": true
            }
        ]
    },
    {
        "type": "list_item",
        "context": [
            {
                "text": "Privacy Policy",
                "type": "h1"
            },
            {
                "text": "Data Collection & Use",
                "type": "h2"
            },
            {
                "text": "When you access our website or app, we may collect non-identifiable browsing data, such as:",
                "type": "list_intro"
            }
        ],
        "passage": "Usage Data: Pages visited, browsing duration, and navigation paths.",
        "annotations": [
            {
                "requirement": "Data Categories",
                "value": "Usage Data",
                "performed": true
            },
            {
                "requirement": "Data Categories",
                "value": "Pages visited",
                "performed": true
            },
            {
                "requirement": "Data Categories",
                "value": "browsing duration",
                "performed": true
            },
            {
                "requirement": "Data Categories",
                "value": "navigation paths",
                "performed": true
            }
        ]
    },
    {
        "type": "list_item",
        "context": [
            {
                "text": "Privacy Policy",
                "type": "h1"
            },
            {
                "text": "Data Collection & Use",
                "type": "h2"
            },
            {
                "text": "When you access our website or app, we may collect non-identifiable browsing data, such as:",
                "type": "list_intro"
            }
        ],
        "passage": "Cookies: Small text files stored on your device to enhance functionality (e.g., remembering preferences).",
        "annotations": []
    },
    {
        "type": "text",
        "context": [
            {
                "text": "Privacy Policy",
                "type": "h1"
            },
            {
                "text": "Data Collection & Use",
                "type": "h2"
            }
        ],
        "passage": "This data is used solely for analytical purposes to improve user experience and ensure the platform operates smoothly. It does not include identifiable personal information and is not shared with third parties.",
        "annotations": [
            {
                "requirement": "Processing Purpose",
                "value": "analytical purposes",
                "performed": true
            },
            {
                "requirement": "Processing Purpose",
                "value": "improve user experience",
                "performed": true
            },
            {
                "requirement": "Processing Purpose",
                "value": "ensure the platform operates smoothly",
                "performed": true
            }
        ]
    },
    {
        "type": "headline",
        "context": [
            {
                "text": "Privacy Policy",
                "type": "h1"
            },
            {
                "text": "Data Collection & Use",
                "type": "h2"
            }
        ],
        "passage": "Third-Party Services",
        "annotations": []
    },
    {
        "type": "text",
        "context": [
            {
                "text": "Privacy Policy",
                "type": "h1"
            },
            {
                "text": "Third-Party Services",
                "type": "h2"
            }
        ],
        "passage": "Riyadh Music Week provides links to third-party websites for ticket purchases and other services. These platforms may collect personal information, such as payment details, to complete transactions. We are not responsible for the privacy practices of these third parties. Please review their privacy policies before providing personal data.",
        "annotations": [
            {
                "requirement": "Data Categories",
                "value": "payment details",
                "performed": true
            },
            {
                "requirement": "Controller Name",
                "value": "Riyadh Music Week",
                "performed": true
            },
            {
                "requirement": "Data Recipients",
                "value": "third-party websites for ticket purchases",
                "performed": true
            },
            {
                "requirement": "Processing Purpose",
                "value": "to complete transactions",
                "performed": true
            }
        ]
    },
    {
        "type": "headline",
        "context": [
            {
                "text": "Privacy Policy",
                "type": "h1"
            },
            {
                "text": "Third-Party Services",
                "type": "h2"
            }
        ],
        "passage": "Cookies & Tracking Technologies",
        "annotations": []
    },
    {
        "type": "text",
        "context": [
            {
                "text": "Privacy Policy",
                "type": "h1"
            },
            {
                "text": "Cookies & Tracking Technologies",
                "type": "h2"
            }
        ],
        "passage": "Our website and app use cookies for functional and analytical purposes, including:",
        "annotations": [
            {
                "requirement": "Processing Purpose",
                "value": "functional [...] purposes",
                "performed": true
            },
            {
                "requirement": "Processing Purpose",
                "value": "analytical purposes",
                "performed": true
            }
        ]
    },
    {
        "type": "list_item",
        "context": [
            {
                "text": "Privacy Policy",
                "type": "h1"
            },
            {
                "text": "Cookies & Tracking Technologies",
                "type": "h2"
            },
            {
                "text": "Our website and app use cookies for functional and analytical purposes, including:",
                "type": "list_intro"
            }
        ],
        "passage": "Session Cookies: To ensure smooth navigation.",
        "annotations": [
            {
                "requirement": "Processing Purpose",
                "value": "ensure smooth navigation",
                "performed": true
            },
            {
                "requirement": "Data Categories",
                "value": "Session Cookies",
                "performed": true
            }
        ]
    },
    {
        "type": "list_item",
        "context": [
            {
                "text": "Privacy Policy",
                "type": "h1"
            },
            {
                "text": "Cookies & Tracking Technologies",
                "type": "h2"
            },
            {
                "text": "Our website and app use cookies for functional and analytical purposes, including:",
                "type": "list_intro"
            }
        ],
        "passage": "Preference Cookies: To store user preferences and enhance the browsing experience.",
        "annotations": [
            {
                "requirement": "Processing Purpose",
                "value": "store user preferences",
                "performed": true
            },
            {
                "requirement": "Processing Purpose",
                "value": "enhance the browsing experience",
                "performed": true
            }
        ]
    },
    {
        "type": "list_item",
        "context": [
            {
                "text": "Privacy Policy",
                "type": "h1"
            },
            {
                "text": "Cookies & Tracking Technologies",
                "type": "h2"
            },
            {
                "text": "Our website and app use cookies for functional and analytical purposes, including:",
                "type": "list_intro"
            }
        ],
        "passage": "Analytics Cookies: To understand user interactions and optimize performance.",
        "annotations": [
            {
                "requirement": "Processing Purpose",
                "value": "understand user interactions",
                "performed": true
            },
            {
                "requirement": "Processing Purpose",
                "value": "optimize performance",
                "performed": true
            }
        ]
    },
    {
        "type": "text",
        "context": [
            {
                "text": "Privacy Policy",
                "type": "h1"
            },
            {
                "text": "Cookies & Tracking Technologies",
                "type": "h2"
            }
        ],
        "passage": "You can disable cookies in your browser or device settings. However, this may affect certain features and functionality.",
        "annotations": []
    },
    {
        "type": "text",
        "context": [
            {
                "text": "Privacy Policy",
                "type": "h1"
            },
            {
                "text": "Cookies & Tracking Technologies",
                "type": "h2"
            }
        ],
        "passage": "\u200d",
        "annotations": []
    },
    {
        "type": "headline",
        "context": [
            {
                "text": "Privacy Policy",
                "type": "h1"
            },
            {
                "text": "Cookies & Tracking Technologies",
                "type": "h2"
            }
        ],
        "passage": "Data Sharing",
        "annotations": []
    },
    {
        "type": "text",
        "context": [
            {
                "text": "Privacy Policy",
                "type": "h1"
            },
            {
                "text": "Cookies & Tracking Technologies",
                "type": "h2"
            },
            {
                "text": "Data Sharing",
                "type": "h3"
            }
        ],
        "passage": "Riyadh Music Week does not sell, rent, or share user data with third parties, except as required by law or for legitimate technical purposes, such as website or app maintenance. Non-personal, aggregated data may be used to analyze trends and improve services.",
        "annotations": [
            {
                "requirement": "Data Recipients",
                "value": "third parties",
                "performed": false
            },
            {
                "requirement": "Processing Purpose",
                "value": "website or app maintenance",
                "performed": true
            },
            {
                "requirement": "Processing Purpose",
                "value": "analyze trends",
                "performed": true
            },
            {
                "requirement": "Processing Purpose",
                "value": "improve services",
                "performed": true
            },
            {
                "requirement": "Legal Basis for Processing",
                "value": "required by law",
                "performed": true
            },
            {
                "requirement": "Legal Basis for Processing",
                "value": "legitimate technical purposes",
                "performed": true
            },
            {
                "requirement": "Legitimate Interests for Processing",
                "value": "website\u00a0or app maintenance",
                "performed": true
            },
            {
                "requirement": "Data Categories",
                "value": "Non-personal, aggregated data",
                "performed": true
            }
        ]
    },
    {
        "type": "headline",
        "context": [
            {
                "text": "Privacy Policy",
                "type": "h1"
            },
            {
                "text": "Cookies & Tracking Technologies",
                "type": "h2"
            },
            {
                "text": "Data Sharing",
                "type": "h3"
            }
        ],
        "passage": "Children\u2019s Privacy",
        "annotations": []
    },
    {
        "type": "text",
        "context": [
            {
                "text": "Privacy Policy",
                "type": "h1"
            },
            {
                "text": "Children\u2019s Privacy",
                "type": "h2"
            }
        ],
        "passage": "Our platform is not intended for use by children under 13. We do not knowingly collect personal information from children. If we become aware that personal data of a child under 13 has been provided, it will be promptly deleted.",
        "annotations": [
            {
                "requirement": "Data Categories",
                "value": "children under 13 [...] personal information",
                "performed": false
            }
        ]
    },
    {
        "type": "headline",
        "context": [
            {
                "text": "Privacy Policy",
                "type": "h1"
            },
            {
                "text": "Children\u2019s Privacy",
                "type": "h2"
            }
        ],
        "passage": "Security of Information",
        "annotations": []
    },
    {
        "type": "text",
        "context": [
            {
                "text": "Privacy Policy",
                "type": "h1"
            },
            {
                "text": "Security of Information",
                "type": "h2"
            }
        ],
        "passage": "We take appropriate measures to protect any data collected on our platform. These measures include:",
        "annotations": []
    },
    {
        "type": "list_item",
        "context": [
            {
                "text": "Privacy Policy",
                "type": "h1"
            },
            {
                "text": "Security of Information",
                "type": "h2"
            },
            {
                "text": "We take appropriate measures to protect any data collected on our platform. These measures include:",
                "type": "list_intro"
            }
        ],
        "passage": "Secure Connections (SSL): To encrypt browsing sessions and protect data transfer.",
        "annotations": []
    },
    {
        "type": "list_item",
        "context": [
            {
                "text": "Privacy Policy",
                "type": "h1"
            },
            {
                "text": "Security of Information",
                "type": "h2"
            },
            {
                "text": "We take appropriate measures to protect any data collected on our platform. These measures include:",
                "type": "list_intro"
            }
        ],
        "passage": "Regular Updates: Ensuring security protocols are up-to-date.",
        "annotations": []
    },
    {
        "type": "list_item",
        "context": [
            {
                "text": "Privacy Policy",
                "type": "h1"
            },
            {
                "text": "Security of Information",
                "type": "h2"
            },
            {
                "text": "We take appropriate measures to protect any data collected on our platform. These measures include:",
                "type": "list_intro"
            }
        ],
        "passage": "Access Controls: Limiting access to data by authorized personnel only.",
        "annotations": []
    },
    {
        "type": "text",
        "context": [
            {
                "text": "Privacy Policy",
                "type": "h1"
            },
            {
                "text": "Security of Information",
                "type": "h2"
            }
        ],
        "passage": "We encourage users to take precautions, such as ensuring their devices are secure and avoiding sharing sensitive information on untrusted platforms.",
        "annotations": []
    },
    {
        "type": "headline",
        "context": [
            {
                "text": "Privacy Policy",
                "type": "h1"
            },
            {
                "text": "Security of Information",
                "type": "h2"
            }
        ],
        "passage": "Your Rights",
        "annotations": []
    },
    {
        "type": "text",
        "context": [
            {
                "text": "Privacy Policy",
                "type": "h1"
            },
            {
                "text": "Your Rights",
                "type": "h2"
            }
        ],
        "passage": "As a user, you have the right to:",
        "annotations": []
    },
    {
        "type": "list_item",
        "context": [
            {
                "text": "Privacy Policy",
                "type": "h1"
            },
            {
                "text": "Your Rights",
                "type": "h2"
            },
            {
                "text": "As a user, you have the right to:",
                "type": "list_intro"
            }
        ],
        "passage": "Access: Review any data we may store (if applicable).",
        "annotations": [
            {
                "requirement": "Right to Access",
                "value": "Access: Review any data we may store",
                "performed": true
            }
        ]
    },
    {
        "type": "text",
        "context": [
            {
                "text": "Privacy Policy",
                "type": "h1"
            },
            {
                "text": "Your Rights",
                "type": "h2"
            }
        ],
        "passage": "For inquiries or requests, please contact us via the Contact Us page.",
        "annotations": []
    },
    {
        "type": "headline",
        "context": [
            {
                "text": "Privacy Policy",
                "type": "h1"
            },
            {
                "text": "Your Rights",
                "type": "h2"
            }
        ],
        "passage": "Changes to the Privacy Policy",
        "annotations": []
    },
    {
        "type": "text",
        "context": [
            {
                "text": "Privacy Policy",
                "type": "h1"
            },
            {
                "text": "Changes to the Privacy Policy",
                "type": "h2"
            }
        ],
        "passage": "This Privacy Policy may be updated periodically to comply with evolving regulations or operational changes. Continued use of the website or app indicates acceptance of the updated policy.",
        "annotations": []
    },
    {
        "type": "headline",
        "context": [
            {
                "text": "Privacy Policy",
                "type": "h1"
            },
            {
                "text": "Changes to the Privacy Policy",
                "type": "h2"
            }
        ],
        "passage": "Contact Information",
        "annotations": []
    },
    {
        "type": "text",
        "context": [
            {
                "text": "Privacy Policy",
                "type": "h1"
            },
            {
                "text": "Contact Information",
                "type": "h2"
            }
        ],
        "passage": "If you have any questions about this privacy policy or your data, you can contact us via the Contact Us page or email us at info@riyadhmusicweek.com.",
        "annotations": [
            {
                "requirement": "Controller Contact",
                "value": "info@riyadhmusicweek.com",
                "performed": true
            }
        ]
    }
]