[
    {
        "type": "headline",
        "context": [],
        "passage": "Privacy Policy",
        "annotations": []
    },
    {
        "type": "text",
        "context": [
            {
                "text": "Privacy Policy",
                "type": "h1"
            }
        ],
        "passage": "[Designing Apps for Children and Families]",
        "annotations": []
    },
    {
        "type": "text",
        "context": [
            {
                "text": "Privacy Policy",
                "type": "h1"
            }
        ],
        "passage": "- This app is an app that consists entirely of the content and features of all ages available.",
        "annotations": []
    },
    {
        "type": "headline",
        "context": [
            {
                "text": "Privacy Policy",
                "type": "h1"
            }
        ],
        "passage": "[privacy policy]",
        "annotations": []
    },
    {
        "type": "text",
        "context": [
            {
                "text": "Privacy Policy",
                "type": "h1"
            },
            {
                "text": "[privacy policy]",
                "type": "h2"
            }
        ],
        "passage": "- This application requires (android. permission.READ_PHONE_STATE). We ask for this permission for the user's convenience to not show the lockscreen on the user's phone when there is a phone call.",
        "annotations": [
            {
                "requirement": "Processing Purpose",
                "value": "not show the lockscreen on the user's phone when there is a phone call",
                "performed": true
            }
        ]
    },
    {
        "type": "headline",
        "context": [
            {
                "text": "Privacy Policy",
                "type": "h1"
            },
            {
                "text": "[privacy policy]",
                "type": "h2"
            }
        ],
        "passage": "[For statistics, Analytics]",
        "annotations": [
            {
                "requirement": "Processing Purpose",
                "value": "For statistics",
                "performed": true
            },
            {
                "requirement": "Processing Purpose",
                "value": "Analytics",
                "performed": true
            }
        ]
    },
    {
        "type": "text",
        "context": [
            {
                "text": "Privacy Policy",
                "type": "h1"
            },
            {
                "text": "[For statistics, Analytics]",
                "type": "h2"
            }
        ],
        "passage": "- Like most app developers, we may collect 'non-personally-identifying information' such as theme colors, book, chapters, font sizes etc.",
        "annotations": [
            {
                "requirement": "Data Categories",
                "value": "'non-personally-identifying information'",
                "performed": true
            },
            {
                "requirement": "Data Categories",
                "value": "theme colors",
                "performed": true
            },
            {
                "requirement": "Data Categories",
                "value": "book",
                "performed": true
            },
            {
                "requirement": "Data Categories",
                "value": "chapters",
                "performed": true
            },
            {
                "requirement": "Data Categories",
                "value": "font sizes",
                "performed": true
            }
        ]
    },
    {
        "type": "text",
        "context": [
            {
                "text": "Privacy Policy",
                "type": "h1"
            },
            {
                "text": "[For statistics, Analytics]",
                "type": "h2"
            }
        ],
        "passage": "- The purpose of collecting 'non-personally identifying information' is to better understand how users use this application.",
        "annotations": [
            {
                "requirement": "Processing Purpose",
                "value": "better understand how users use this application",
                "performed": true
            }
        ]
    },
    {
        "type": "headline",
        "context": [
            {
                "text": "Privacy Policy",
                "type": "h1"
            },
            {
                "text": "[For statistics, Analytics]",
                "type": "h2"
            }
        ],
        "passage": "Privacy Policy (GDPR)",
        "annotations": []
    },
    {
        "type": "text",
        "context": [
            {
                "text": "Privacy Policy",
                "type": "h1"
            },
            {
                "text": "Privacy Policy (GDPR)",
                "type": "h2"
            }
        ],
        "passage": "This privacy policy will explain how our organization uses the personal data we collect from you when you use our application.",
        "annotations": []
    },
    {
        "type": "headline",
        "context": [
            {
                "text": "Privacy Policy",
                "type": "h1"
            },
            {
                "text": "Privacy Policy (GDPR)",
                "type": "h2"
            }
        ],
        "passage": "Topics:",
        "annotations": []
    },
    {
        "type": "text",
        "context": [
            {
                "text": "Privacy Policy",
                "type": "h1"
            },
            {
                "text": "Privacy Policy (GDPR)",
                "type": "h2"
            },
            {
                "text": "Topics:",
                "type": "h3"
            }
        ],
        "passage": "* What data do we collect?",
        "annotations": []
    },
    {
        "type": "text",
        "context": [
            {
                "text": "Privacy Policy",
                "type": "h1"
            },
            {
                "text": "Privacy Policy (GDPR)",
                "type": "h2"
            },
            {
                "text": "Topics:",
                "type": "h3"
            }
        ],
        "passage": "* How do we collect your data?",
        "annotations": []
    },
    {
        "type": "text",
        "context": [
            {
                "text": "Privacy Policy",
                "type": "h1"
            },
            {
                "text": "Privacy Policy (GDPR)",
                "type": "h2"
            },
            {
                "text": "Topics:",
                "type": "h3"
            }
        ],
        "passage": "* How will we use your data?",
        "annotations": []
    },
    {
        "type": "text",
        "context": [
            {
                "text": "Privacy Policy",
                "type": "h1"
            },
            {
                "text": "Privacy Policy (GDPR)",
                "type": "h2"
            },
            {
                "text": "Topics:",
                "type": "h3"
            }
        ],
        "passage": "* How do we store your data?",
        "annotations": []
    },
    {
        "type": "text",
        "context": [
            {
                "text": "Privacy Policy",
                "type": "h1"
            },
            {
                "text": "Privacy Policy (GDPR)",
                "type": "h2"
            },
            {
                "text": "Topics:",
                "type": "h3"
            }
        ],
        "passage": "* Marketing",
        "annotations": []
    },
    {
        "type": "text",
        "context": [
            {
                "text": "Privacy Policy",
                "type": "h1"
            },
            {
                "text": "Privacy Policy (GDPR)",
                "type": "h2"
            },
            {
                "text": "Topics:",
                "type": "h3"
            }
        ],
        "passage": "* What are your data protection rights?",
        "annotations": []
    },
    {
        "type": "text",
        "context": [
            {
                "text": "Privacy Policy",
                "type": "h1"
            },
            {
                "text": "Privacy Policy (GDPR)",
                "type": "h2"
            },
            {
                "text": "Topics:",
                "type": "h3"
            }
        ],
        "passage": "* What are cookies?",
        "annotations": []
    },
    {
        "type": "text",
        "context": [
            {
                "text": "Privacy Policy",
                "type": "h1"
            },
            {
                "text": "Privacy Policy (GDPR)",
                "type": "h2"
            },
            {
                "text": "Topics:",
                "type": "h3"
            }
        ],
        "passage": "* How do we use cookies?",
        "annotations": []
    },
    {
        "type": "text",
        "context": [
            {
                "text": "Privacy Policy",
                "type": "h1"
            },
            {
                "text": "Privacy Policy (GDPR)",
                "type": "h2"
            },
            {
                "text": "Topics:",
                "type": "h3"
            }
        ],
        "passage": "* What types of cookies do we use?",
        "annotations": []
    },
    {
        "type": "text",
        "context": [
            {
                "text": "Privacy Policy",
                "type": "h1"
            },
            {
                "text": "Privacy Policy (GDPR)",
                "type": "h2"
            },
            {
                "text": "Topics:",
                "type": "h3"
            }
        ],
        "passage": "* How to manage your cookies",
        "annotations": []
    },
    {
        "type": "text",
        "context": [
            {
                "text": "Privacy Policy",
                "type": "h1"
            },
            {
                "text": "Privacy Policy (GDPR)",
                "type": "h2"
            },
            {
                "text": "Topics:",
                "type": "h3"
            }
        ],
        "passage": "* Privacy policies of other websites",
        "annotations": []
    },
    {
        "type": "text",
        "context": [
            {
                "text": "Privacy Policy",
                "type": "h1"
            },
            {
                "text": "Privacy Policy (GDPR)",
                "type": "h2"
            },
            {
                "text": "Topics:",
                "type": "h3"
            }
        ],
        "passage": "* Changes to our privacy policy",
        "annotations": []
    },
    {
        "type": "text",
        "context": [
            {
                "text": "Privacy Policy",
                "type": "h1"
            },
            {
                "text": "Privacy Policy (GDPR)",
                "type": "h2"
            },
            {
                "text": "Topics:",
                "type": "h3"
            }
        ],
        "passage": "* How to contact us",
        "annotations": []
    },
    {
        "type": "text",
        "context": [
            {
                "text": "Privacy Policy",
                "type": "h1"
            },
            {
                "text": "Privacy Policy (GDPR)",
                "type": "h2"
            },
            {
                "text": "Topics:",
                "type": "h3"
            }
        ],
        "passage": "* How to contact the appropriate authorities",
        "annotations": [
            {
                "requirement": "Right to Lodge Complaint",
                "value": "How to contact the appropriate authorities",
                "performed": true
            }
        ]
    },
    {
        "type": "headline",
        "context": [
            {
                "text": "Privacy Policy",
                "type": "h1"
            },
            {
                "text": "Privacy Policy (GDPR)",
                "type": "h2"
            },
            {
                "text": "Topics:",
                "type": "h3"
            }
        ],
        "passage": "What data do we collect?",
        "annotations": []
    },
    {
        "type": "text",
        "context": [
            {
                "text": "Privacy Policy",
                "type": "h1"
            },
            {
                "text": "Privacy Policy (GDPR)",
                "type": "h2"
            },
            {
                "text": "What data do we collect?",
                "type": "h3"
            }
        ],
        "passage": "Our Company collects the following data:",
        "annotations": [
            {
                "requirement": "Data Categories",
                "value": "the following data",
                "performed": true
            }
        ]
    },
    {
        "type": "text",
        "context": [
            {
                "text": "Privacy Policy",
                "type": "h1"
            },
            {
                "text": "Privacy Policy (GDPR)",
                "type": "h2"
            },
            {
                "text": "What data do we collect?",
                "type": "h3"
            }
        ],
        "passage": "* Personal identification information (Email address from users who choose to log in with their Google account.)",
        "annotations": [
            {
                "requirement": "Data Categories",
                "value": "Personal identification information",
                "performed": true
            },
            {
                "requirement": "Data Categories",
                "value": "Email address",
                "performed": true
            },
            {
                "requirement": "Source of Data",
                "value": "from users who choose to log in with their Google account",
                "performed": true
            }
        ]
    },
    {
        "type": "headline",
        "context": [
            {
                "text": "Privacy Policy",
                "type": "h1"
            },
            {
                "text": "Privacy Policy (GDPR)",
                "type": "h2"
            },
            {
                "text": "What data do we collect?",
                "type": "h3"
            }
        ],
        "passage": "How do we collect your data?",
        "annotations": []
    },
    {
        "type": "text",
        "context": [
            {
                "text": "Privacy Policy",
                "type": "h1"
            },
            {
                "text": "Privacy Policy (GDPR)",
                "type": "h2"
            },
            {
                "text": "How do we collect your data?",
                "type": "h3"
            }
        ],
        "passage": "We collect data and process data when you:",
        "annotations": []
    },
    {
        "type": "text",
        "context": [
            {
                "text": "Privacy Policy",
                "type": "h1"
            },
            {
                "text": "Privacy Policy (GDPR)",
                "type": "h2"
            },
            {
                "text": "How do we collect your data?",
                "type": "h3"
            }
        ],
        "passage": "* Log in to our app using your Google account.",
        "annotations": [
            {
                "requirement": "Source of Data",
                "value": "your Google account",
                "performed": true
            }
        ]
    },
    {
        "type": "headline",
        "context": [
            {
                "text": "Privacy Policy",
                "type": "h1"
            },
            {
                "text": "Privacy Policy (GDPR)",
                "type": "h2"
            },
            {
                "text": "How do we collect your data?",
                "type": "h3"
            }
        ],
        "passage": "How will we use your data?",
        "annotations": []
    },
    {
        "type": "text",
        "context": [
            {
                "text": "Privacy Policy",
                "type": "h1"
            },
            {
                "text": "Privacy Policy (GDPR)",
                "type": "h2"
            },
            {
                "text": "How will we use your data?",
                "type": "h3"
            }
        ],
        "passage": "Our Company collects your data so that we can:",
        "annotations": [
            {
                "requirement": "Processing Purpose",
                "value": "we can",
                "performed": true
            }
        ]
    },
    {
        "type": "text",
        "context": [
            {
                "text": "Privacy Policy",
                "type": "h1"
            },
            {
                "text": "Privacy Policy (GDPR)",
                "type": "h2"
            },
            {
                "text": "How will we use your data?",
                "type": "h3"
            }
        ],
        "passage": "* Email you with special offers on other products and services we think you might like.",
        "annotations": [
            {
                "requirement": "Processing Purpose",
                "value": "Email you with special offers on other products and services we think you might like",
                "performed": true
            }
        ]
    },
    {
        "type": "text",
        "context": [
            {
                "text": "Privacy Policy",
                "type": "h1"
            },
            {
                "text": "Privacy Policy (GDPR)",
                "type": "h2"
            },
            {
                "text": "How will we use your data?",
                "type": "h3"
            }
        ],
        "passage": "If you agree, Our Company will share your data with our partner companies so that they may offer you their products and services.",
        "annotations": [
            {
                "requirement": "Data Recipients",
                "value": "our partner companies",
                "performed": true
            },
            {
                "requirement": "Processing Purpose",
                "value": "offer you their products and services",
                "performed": true
            }
        ]
    },
    {
        "type": "text",
        "context": [
            {
                "text": "Privacy Policy",
                "type": "h1"
            },
            {
                "text": "Privacy Policy (GDPR)",
                "type": "h2"
            },
            {
                "text": "How will we use your data?",
                "type": "h3"
            }
        ],
        "passage": "When Our Company processes your order, it may send your data to, and also use the resulting information from, credit reference agencies to prevent fraudulent purchases.",
        "annotations": [
            {
                "requirement": "Processing Purpose",
                "value": "prevent fraudulent purchases",
                "performed": true
            },
            {
                "requirement": "Data Recipients",
                "value": "credit reference agencies",
                "performed": true
            }
        ]
    },
    {
        "type": "headline",
        "context": [
            {
                "text": "Privacy Policy",
                "type": "h1"
            },
            {
                "text": "Privacy Policy (GDPR)",
                "type": "h2"
            },
            {
                "text": "How will we use your data?",
                "type": "h3"
            }
        ],
        "passage": "How do we store your data?",
        "annotations": []
    },
    {
        "type": "text",
        "context": [
            {
                "text": "Privacy Policy",
                "type": "h1"
            },
            {
                "text": "Privacy Policy (GDPR)",
                "type": "h2"
            },
            {
                "text": "How do we store your data?",
                "type": "h3"
            }
        ],
        "passage": "Our Company securely stores your data.",
        "annotations": []
    },
    {
        "type": "text",
        "context": [
            {
                "text": "Privacy Policy",
                "type": "h1"
            },
            {
                "text": "Privacy Policy (GDPR)",
                "type": "h2"
            },
            {
                "text": "How do we store your data?",
                "type": "h3"
            }
        ],
        "passage": "Our Company will keep your data for 26 months. Once this time period has expired, we will delete your data.",
        "annotations": [
            {
                "requirement": "Data Retention Period",
                "value": "keep your data for 26 months",
                "performed": true
            }
        ]
    },
    {
        "type": "headline",
        "context": [
            {
                "text": "Privacy Policy",
                "type": "h1"
            },
            {
                "text": "Privacy Policy (GDPR)",
                "type": "h2"
            },
            {
                "text": "How do we store your data?",
                "type": "h3"
            }
        ],
        "passage": "Marketing",
        "annotations": []
    },
    {
        "type": "text",
        "context": [
            {
                "text": "Privacy Policy",
                "type": "h1"
            },
            {
                "text": "Privacy Policy (GDPR)",
                "type": "h2"
            },
            {
                "text": "Marketing",
                "type": "h3"
            }
        ],
        "passage": "Our Company would like to send you information about products and services of ours that we think you might like.",
        "annotations": [
            {
                "requirement": "Processing Purpose",
                "value": "send you information about products and services of ours that we think you might like",
                "performed": true
            }
        ]
    },
    {
        "type": "text",
        "context": [
            {
                "text": "Privacy Policy",
                "type": "h1"
            },
            {
                "text": "Privacy Policy (GDPR)",
                "type": "h2"
            },
            {
                "text": "Marketing",
                "type": "h3"
            }
        ],
        "passage": "If you have agreed to receive marketing, you may always opt out at a later date.",
        "annotations": [
            {
                "requirement": "Right to Withdraw Consent",
                "value": "you may always opt out at a later date",
                "performed": true
            }
        ]
    },
    {
        "type": "text",
        "context": [
            {
                "text": "Privacy Policy",
                "type": "h1"
            },
            {
                "text": "Privacy Policy (GDPR)",
                "type": "h2"
            },
            {
                "text": "Marketing",
                "type": "h3"
            }
        ],
        "passage": "You have the right at any time to stop Our Company from contacting you for marketing purposes or giving your data to other members of the Our Company Group.",
        "annotations": [
            {
                "requirement": "Right to Object",
                "value": "You have the right at any time to stop Our Company from contacting you for marketing purposes",
                "performed": true
            },
            {
                "requirement": "Right to Object",
                "value": "You have the right at any time to stop PLACEHOLDER giving your data to other members of the Our Company Group",
                "performed": true
            }
        ]
    },
    {
        "type": "headline",
        "context": [
            {
                "text": "Privacy Policy",
                "type": "h1"
            },
            {
                "text": "Privacy Policy (GDPR)",
                "type": "h2"
            },
            {
                "text": "Marketing",
                "type": "h3"
            }
        ],
        "passage": "What are your data protection rights?",
        "annotations": []
    },
    {
        "type": "text",
        "context": [
            {
                "text": "Privacy Policy",
                "type": "h1"
            },
            {
                "text": "Privacy Policy (GDPR)",
                "type": "h2"
            },
            {
                "text": "What are your data protection rights?",
                "type": "h3"
            }
        ],
        "passage": "Our Company would like to make sure you are fully aware of all of your data protection rights. Every user is entitled to the following:",
        "annotations": [
            {
                "requirement": "Right to Access",
                "value": "your data protection rights",
                "performed": true
            }
        ]
    },
    {
        "type": "text",
        "context": [
            {
                "text": "Privacy Policy",
                "type": "h1"
            },
            {
                "text": "Privacy Policy (GDPR)",
                "type": "h2"
            },
            {
                "text": "What are your data protection rights?",
                "type": "h3"
            }
        ],
        "passage": "The right to access - You have the right to request Our Company for copies of your personal data.",
        "annotations": [
            {
                "requirement": "Right to Access",
                "value": "You have the right to request Our Company for copies of your personal data",
                "performed": true
            }
        ]
    },
    {
        "type": "text",
        "context": [
            {
                "text": "Privacy Policy",
                "type": "h1"
            },
            {
                "text": "Privacy Policy (GDPR)",
                "type": "h2"
            },
            {
                "text": "What are your data protection rights?",
                "type": "h3"
            }
        ],
        "passage": "The right to rectification - You have the right to request that Our Company correct any information you believe is inaccurate. You also have the right to request Our Company to complete the information you believe is incomplete.",
        "annotations": [
            {
                "requirement": "Right to Rectification",
                "value": "You have the right to request that Our Company correct any information you believe is inaccurate",
                "performed": true
            },
            {
                "requirement": "Right to Rectification",
                "value": "You also have the right to request Our Company to complete the information you believe is incomplete",
                "performed": true
            }
        ]
    },
    {
        "type": "text",
        "context": [
            {
                "text": "Privacy Policy",
                "type": "h1"
            },
            {
                "text": "Privacy Policy (GDPR)",
                "type": "h2"
            },
            {
                "text": "What are your data protection rights?",
                "type": "h3"
            }
        ],
        "passage": "The right to erasure - You have the right to request that Our Company erase your personal data, under certain conditions.",
        "annotations": [
            {
                "requirement": "Right to Erasure",
                "value": "You have the right to request that Our Company erase your personal data",
                "performed": true
            }
        ]
    },
    {
        "type": "text",
        "context": [
            {
                "text": "Privacy Policy",
                "type": "h1"
            },
            {
                "text": "Privacy Policy (GDPR)",
                "type": "h2"
            },
            {
                "text": "What are your data protection rights?",
                "type": "h3"
            }
        ],
        "passage": "The right to restrict processing - You have the right to request that Our Company restrict the processing of your personal data, under certain conditions.",
        "annotations": [
            {
                "requirement": "Right to Restrict",
                "value": "You have the right to request that Our Company restrict the processing of your personal data",
                "performed": true
            }
        ]
    },
    {
        "type": "text",
        "context": [
            {
                "text": "Privacy Policy",
                "type": "h1"
            },
            {
                "text": "Privacy Policy (GDPR)",
                "type": "h2"
            },
            {
                "text": "What are your data protection rights?",
                "type": "h3"
            }
        ],
        "passage": "The right to object to processing - You have the right to object to Our Company's processing of your personal data, under certain conditions.",
        "annotations": [
            {
                "requirement": "Right to Object",
                "value": "You have the right to object to Our Company's processing of your personal data",
                "performed": true
            }
        ]
    },
    {
        "type": "text",
        "context": [
            {
                "text": "Privacy Policy",
                "type": "h1"
            },
            {
                "text": "Privacy Policy (GDPR)",
                "type": "h2"
            },
            {
                "text": "What are your data protection rights?",
                "type": "h3"
            }
        ],
        "passage": "The right to data portability - You have the right to request that Our Company transfer the data that we have collected to another organization, or directly to you, under certain conditions.",
        "annotations": [
            {
                "requirement": "Right to Portability",
                "value": "You have the right to request that Our Company transfer the data",
                "performed": true
            }
        ]
    },
    {
        "type": "text",
        "context": [
            {
                "text": "Privacy Policy",
                "type": "h1"
            },
            {
                "text": "Privacy Policy (GDPR)",
                "type": "h2"
            },
            {
                "text": "What are your data protection rights?",
                "type": "h3"
            }
        ],
        "passage": "If you make a request, we have one month to respond to you. If you would like to exercise any of these rights, please contact us at our email: lightotime2020@gmail.com",
        "annotations": [
            {
                "requirement": "Right to Access",
                "value": "If you make a request, we have one month to respond to you",
                "performed": true
            },
            {
                "requirement": "Right to Rectification",
                "value": "If you make a request, we have one month to respond to you",
                "performed": true
            },
            {
                "requirement": "Right to Erasure",
                "value": "If you make a request, we have one month to respond to you",
                "performed": true
            },
            {
                "requirement": "Right to Restrict",
                "value": "If you make a request, we have one month to respond to you",
                "performed": true
            },
            {
                "requirement": "Right to Object",
                "value": "If you make a request, we have one month to respond to you",
                "performed": true
            },
            {
                "requirement": "Right to Portability",
                "value": "If you make a request, we have one month to respond to you",
                "performed": true
            },
            {
                "requirement": "Controller Contact",
                "value": "lightotime2020@gmail.com",
                "performed": true
            }
        ]
    },
    {
        "type": "headline",
        "context": [
            {
                "text": "Privacy Policy",
                "type": "h1"
            },
            {
                "text": "Privacy Policy (GDPR)",
                "type": "h2"
            },
            {
                "text": "What are your data protection rights?",
                "type": "h3"
            }
        ],
        "passage": "What are cookies?",
        "annotations": []
    },
    {
        "type": "text",
        "context": [
            {
                "text": "Privacy Policy",
                "type": "h1"
            },
            {
                "text": "Privacy Policy (GDPR)",
                "type": "h2"
            },
            {
                "text": "What are cookies?",
                "type": "h3"
            }
        ],
        "passage": "Cookies are text files placed on your computer to collect standard Internet log information and visitor behavior information. When you visit our websites, we may collect information from you automatically through cookies or similar technology.",
        "annotations": [
            {
                "requirement": "Data Categories",
                "value": "standard Internet log information",
                "performed": true
            },
            {
                "requirement": "Data Categories",
                "value": "visitor behavior information",
                "performed": true
            },
            {
                "requirement": "Processing Purpose",
                "value": "collect PLACEHOLDER information from you automatically",
                "performed": true
            }
        ]
    },
    {
        "type": "text",
        "context": [
            {
                "text": "Privacy Policy",
                "type": "h1"
            },
            {
                "text": "Privacy Policy (GDPR)",
                "type": "h2"
            },
            {
                "text": "What are cookies?",
                "type": "h3"
            }
        ],
        "passage": "For further information, visit allaboutcookies.org.",
        "annotations": []
    },
    {
        "type": "headline",
        "context": [
            {
                "text": "Privacy Policy",
                "type": "h1"
            },
            {
                "text": "Privacy Policy (GDPR)",
                "type": "h2"
            },
            {
                "text": "What are cookies?",
                "type": "h3"
            }
        ],
        "passage": "How do we use cookies?",
        "annotations": []
    },
    {
        "type": "text",
        "context": [
            {
                "text": "Privacy Policy",
                "type": "h1"
            },
            {
                "text": "Privacy Policy (GDPR)",
                "type": "h2"
            },
            {
                "text": "How do we use cookies?",
                "type": "h3"
            }
        ],
        "passage": "Our Company uses cookies in a range of ways to improve your experience on our website, including:",
        "annotations": [
            {
                "requirement": "Processing Purpose",
                "value": "to improve your experience on our website",
                "performed": true
            }
        ]
    },
    {
        "type": "text",
        "context": [
            {
                "text": "Privacy Policy",
                "type": "h1"
            },
            {
                "text": "Privacy Policy (GDPR)",
                "type": "h2"
            },
            {
                "text": "How do we use cookies?",
                "type": "h3"
            }
        ],
        "passage": "* Keeping you signed in",
        "annotations": [
            {
                "requirement": "Processing Purpose",
                "value": "Keeping you signed in",
                "performed": true
            }
        ]
    },
    {
        "type": "text",
        "context": [
            {
                "text": "Privacy Policy",
                "type": "h1"
            },
            {
                "text": "Privacy Policy (GDPR)",
                "type": "h2"
            },
            {
                "text": "How do we use cookies?",
                "type": "h3"
            }
        ],
        "passage": "* Understanding how you use our website",
        "annotations": [
            {
                "requirement": "Processing Purpose",
                "value": "understanding how you use our website",
                "performed": true
            }
        ]
    },
    {
        "type": "headline",
        "context": [
            {
                "text": "Privacy Policy",
                "type": "h1"
            },
            {
                "text": "Privacy Policy (GDPR)",
                "type": "h2"
            },
            {
                "text": "How do we use cookies?",
                "type": "h3"
            }
        ],
        "passage": "What types of cookies do we use?",
        "annotations": []
    },
    {
        "type": "text",
        "context": [
            {
                "text": "Privacy Policy",
                "type": "h1"
            },
            {
                "text": "Privacy Policy (GDPR)",
                "type": "h2"
            },
            {
                "text": "What types of cookies do we use?",
                "type": "h3"
            }
        ],
        "passage": "There are a number of different types of cookies, however, our website uses:",
        "annotations": []
    },
    {
        "type": "text",
        "context": [
            {
                "text": "Privacy Policy",
                "type": "h1"
            },
            {
                "text": "Privacy Policy (GDPR)",
                "type": "h2"
            },
            {
                "text": "What types of cookies do we use?",
                "type": "h3"
            }
        ],
        "passage": "* Functionality - Our Company uses these cookies so that we recognize you on our website and remember your previously selected preferences. These could include what language you prefer and location you are in. A mix of first-party and third-party cookies are used.",
        "annotations": [
            {
                "requirement": "Processing Purpose",
                "value": "recognize you on our website",
                "performed": true
            },
            {
                "requirement": "Processing Purpose",
                "value": "remember your previously selected preferences",
                "performed": true
            },
            {
                "requirement": "Data Categories",
                "value": "what language you prefer",
                "performed": true
            },
            {
                "requirement": "Data Categories",
                "value": "location you are in",
                "performed": true
            }
        ]
    },
    {
        "type": "text",
        "context": [
            {
                "text": "Privacy Policy",
                "type": "h1"
            },
            {
                "text": "Privacy Policy (GDPR)",
                "type": "h2"
            },
            {
                "text": "What types of cookies do we use?",
                "type": "h3"
            }
        ],
        "passage": "* Advertising - Our Company uses these cookies to collect information about your visit to our website, the content you viewed, the links you followed and information about your browser, device, and your IP address. Our Company sometimes shares some limited aspects of this data with third parties for advertising purposes. We may also share online data collected through cookies with our advertising partners. This means that when you visit another website, you may be shown advertising based on your browsing patterns on our website.",
        "annotations": [
            {
                "requirement": "Processing Purpose",
                "value": "collect information about your visit to our website, the content you viewed, the links you followed and information about your browser, device, and your IP address",
                "performed": true
            },
            {
                "requirement": "Data Categories",
                "value": "your visit to our website",
                "performed": true
            },
            {
                "requirement": "Data Categories",
                "value": "the content you viewed",
                "performed": true
            },
            {
                "requirement": "Data Categories",
                "value": "the links you followed",
                "performed": true
            },
            {
                "requirement": "Data Categories",
                "value": "information about your browser",
                "performed": true
            },
            {
                "requirement": "Data Categories",
                "value": "device",
                "performed": true
            },
            {
                "requirement": "Data Categories",
                "value": "your IP address",
                "performed": true
            },
            {
                "requirement": "Data Recipients",
                "value": "third parties for advertising purposes",
                "performed": true
            },
            {
                "requirement": "Data Recipients",
                "value": "our advertising partners",
                "performed": true
            }
        ]
    },
    {
        "type": "headline",
        "context": [
            {
                "text": "Privacy Policy",
                "type": "h1"
            },
            {
                "text": "Privacy Policy (GDPR)",
                "type": "h2"
            },
            {
                "text": "What types of cookies do we use?",
                "type": "h3"
            }
        ],
        "passage": "How to manage cookies",
        "annotations": []
    },
    {
        "type": "text",
        "context": [
            {
                "text": "Privacy Policy",
                "type": "h1"
            },
            {
                "text": "Privacy Policy (GDPR)",
                "type": "h2"
            },
            {
                "text": "How to manage cookies",
                "type": "h3"
            }
        ],
        "passage": "You can set your browser not to accept cookies, and the above website tells you how to remove cookies from your browser. However, in a few cases, some of our website features may not function as a result.",
        "annotations": []
    },
    {
        "type": "text",
        "context": [
            {
                "text": "Privacy Policy",
                "type": "h1"
            },
            {
                "text": "Privacy Policy (GDPR)",
                "type": "h2"
            },
            {
                "text": "How to manage cookies",
                "type": "h3"
            }
        ],
        "passage": "Privacy policies of other websites",
        "annotations": []
    },
    {
        "type": "text",
        "context": [
            {
                "text": "Privacy Policy",
                "type": "h1"
            },
            {
                "text": "Privacy Policy (GDPR)",
                "type": "h2"
            },
            {
                "text": "How to manage cookies",
                "type": "h3"
            }
        ],
        "passage": "The Our Company website contains links to other websites. Our privacy policy applies only to our website, so if you click on a link to another website, you should read their privacy policy.",
        "annotations": []
    },
    {
        "type": "headline",
        "context": [
            {
                "text": "Privacy Policy",
                "type": "h1"
            },
            {
                "text": "Privacy Policy (GDPR)",
                "type": "h2"
            },
            {
                "text": "How to manage cookies",
                "type": "h3"
            }
        ],
        "passage": "Changes to our privacy policy",
        "annotations": []
    },
    {
        "type": "text",
        "context": [
            {
                "text": "Privacy Policy",
                "type": "h1"
            },
            {
                "text": "Privacy Policy (GDPR)",
                "type": "h2"
            },
            {
                "text": "Changes to our privacy policy",
                "type": "h3"
            }
        ],
        "passage": "Our Company keeps its privacy policy under regular review and places any updates on this web page. This privacy policy was last updated on 30 May 2023.",
        "annotations": []
    },
    {
        "type": "headline",
        "context": [
            {
                "text": "Privacy Policy",
                "type": "h1"
            },
            {
                "text": "Privacy Policy (GDPR)",
                "type": "h2"
            },
            {
                "text": "Changes to our privacy policy",
                "type": "h3"
            }
        ],
        "passage": "How to contact us",
        "annotations": []
    },
    {
        "type": "text",
        "context": [
            {
                "text": "Privacy Policy",
                "type": "h1"
            },
            {
                "text": "Privacy Policy (GDPR)",
                "type": "h2"
            },
            {
                "text": "How to contact us",
                "type": "h3"
            }
        ],
        "passage": "If you have any questions about Our Company's privacy policy, the data we hold on you, or you would like to exercise one of your data protection rights, please do not hesitate to contact us.",
        "annotations": [
            {
                "requirement": "Controller Contact",
                "value": "contact us",
                "performed": true
            }
        ]
    },
    {
        "type": "text",
        "context": [
            {
                "text": "Privacy Policy",
                "type": "h1"
            },
            {
                "text": "Privacy Policy (GDPR)",
                "type": "h2"
            },
            {
                "text": "How to contact us",
                "type": "h3"
            }
        ],
        "passage": "Email us at: lightotime2020@gmail.com",
        "annotations": [
            {
                "requirement": "Controller Contact",
                "value": "lightotime2020@gmail.com",
                "performed": true
            }
        ]
    },
    {
        "type": "text",
        "context": [
            {
                "text": "Privacy Policy",
                "type": "h1"
            },
            {
                "text": "Privacy Policy (GDPR)",
                "type": "h2"
            },
            {
                "text": "How to contact us",
                "type": "h3"
            }
        ],
        "passage": "How to contact the appropriate authority",
        "annotations": []
    },
    {
        "type": "text",
        "context": [
            {
                "text": "Privacy Policy",
                "type": "h1"
            },
            {
                "text": "Privacy Policy (GDPR)",
                "type": "h2"
            },
            {
                "text": "How to contact us",
                "type": "h3"
            }
        ],
        "passage": "Should you wish to report a complaint or if you feel that Our Company has not addressed your concern in a satisfactory manner, you may contact the relevant data protection authority.",
        "annotations": [
            {
                "requirement": "Right to Lodge Complaint",
                "value": "you may contact the relevant data protection authority",
                "performed": true
            }
        ]
    }
]