[
    {
        "type": "headline",
        "context": [],
        "passage": "Privacy",
        "annotations": []
    },
    {
        "type": "text",
        "context": [
            {
                "text": "Privacy",
                "type": "h1"
            }
        ],
        "passage": "This privacy policy sets out how Voscreen uses and protects any information that you provide to us when you use this website.",
        "annotations": []
    },
    {
        "type": "text",
        "context": [
            {
                "text": "Privacy",
                "type": "h1"
            }
        ],
        "passage": "Voscreen is committed to respecting the privacy of visitors and the confidentiality of their personal data when browsing this website. Any information we ask you to provide, by which you can be identified when using this website, will only be used in accordance with this privacy statement.",
        "annotations": [
            {
                "requirement": "Processing Purpose",
                "value": "respecting the privacy of visitors",
                "performed": true
            },
            {
                "requirement": "Processing Purpose",
                "value": "the confidentiality of their personal data",
                "performed": true
            }
        ]
    },
    {
        "type": "text",
        "context": [
            {
                "text": "Privacy",
                "type": "h1"
            }
        ],
        "passage": "Voscreen may change this Privacy Policy from time to time by updating this page. It is recommended that you check this page from time to time to ensure that you are not missing out on any changes. When this Privacy Policy is changed in a material way, a notice will be posted on our website along with the updated Privacy Policy. If you do not agree with any of the terms and conditions set forth in this Privacy Policy please do not use Voscreen.",
        "annotations": []
    },
    {
        "type": "text",
        "context": [
            {
                "text": "Privacy",
                "type": "h1"
            }
        ],
        "passage": "Voscreen intends and adheres to universal set of data protection principles included in applicable laws, by not sharing or making use of any private or personal data, with any of the users or any other third parties. Voscreen undertakes to make use of such information, only for big data and for general statistical, social, sociological, cultural, general psychological purposes, for scientific research and development for humanistic purposes and for improvement of lingual algorithms of Voscreen software and Voscreen.com at large.",
        "annotations": [
            {
                "requirement": "Processing Purpose",
                "value": "big data",
                "performed": true
            },
            {
                "requirement": "Processing Purpose",
                "value": "general statistical, social, sociological, cultural, general psychological purposes, for scientific research and development for humanistic purposes",
                "performed": true
            },
            {
                "requirement": "Processing Purpose",
                "value": "improvement of lingual algorithms of Voscreen software and Voscreen.com",
                "performed": true
            },
            {
                "requirement": "Processing Purpose",
                "value": "scientific research and development",
                "performed": true
            }
        ]
    },
    {
        "type": "headline",
        "context": [
            {
                "text": "Privacy",
                "type": "h1"
            }
        ],
        "passage": "Consent",
        "annotations": []
    },
    {
        "type": "text",
        "context": [
            {
                "text": "Privacy",
                "type": "h1"
            },
            {
                "text": "Consent",
                "type": "h2"
            }
        ],
        "passage": "By accessing this website, you are indicating your express and unconditional consent and agreement to the collection, transfer, processing, use and storage of any personal information, which may be obtained from you as a result of your use of the website.",
        "annotations": [
            {
                "requirement": "Processing Purpose",
                "value": "collection, transfer, processing, use and storage of any personal information",
                "performed": true
            },
            {
                "requirement": "Legal Basis for Processing",
                "value": "your express and unconditional consent",
                "performed": true
            }
        ]
    },
    {
        "type": "headline",
        "context": [
            {
                "text": "Privacy",
                "type": "h1"
            },
            {
                "text": "Consent",
                "type": "h2"
            }
        ],
        "passage": "Collection of Personal Data, IP Addresses and Other Information",
        "annotations": []
    },
    {
        "type": "text",
        "context": [
            {
                "text": "Privacy",
                "type": "h1"
            },
            {
                "text": "Collection of Personal Data, IP Addresses and Other Information",
                "type": "h2"
            }
        ],
        "passage": "We may collect the following information:",
        "annotations": []
    },
    {
        "type": "list_item",
        "context": [
            {
                "text": "Privacy",
                "type": "h1"
            },
            {
                "text": "Collection of Personal Data, IP Addresses and Other Information",
                "type": "h2"
            },
            {
                "text": "We may collect the following information:",
                "type": "list_intro"
            }
        ],
        "passage": "Your name",
        "annotations": [
            {
                "requirement": "Data Categories",
                "value": "Your name",
                "performed": true
            }
        ]
    },
    {
        "type": "list_item",
        "context": [
            {
                "text": "Privacy",
                "type": "h1"
            },
            {
                "text": "Collection of Personal Data, IP Addresses and Other Information",
                "type": "h2"
            },
            {
                "text": "We may collect the following information:",
                "type": "list_intro"
            }
        ],
        "passage": "Your contact information including your email address",
        "annotations": [
            {
                "requirement": "Data Categories",
                "value": "your contact information",
                "performed": true
            },
            {
                "requirement": "Data Categories",
                "value": "your email address",
                "performed": true
            }
        ]
    },
    {
        "type": "list_item",
        "context": [
            {
                "text": "Privacy",
                "type": "h1"
            },
            {
                "text": "Collection of Personal Data, IP Addresses and Other Information",
                "type": "h2"
            },
            {
                "text": "We may collect the following information:",
                "type": "list_intro"
            }
        ],
        "passage": "Your demographic information such as your preferences and interests",
        "annotations": [
            {
                "requirement": "Data Categories",
                "value": "Your demographic information",
                "performed": true
            },
            {
                "requirement": "Data Categories",
                "value": "your preferences",
                "performed": true
            },
            {
                "requirement": "Data Categories",
                "value": "your PLACEHOLDER interests",
                "performed": true
            }
        ]
    },
    {
        "type": "list_item",
        "context": [
            {
                "text": "Privacy",
                "type": "h1"
            },
            {
                "text": "Collection of Personal Data, IP Addresses and Other Information",
                "type": "h2"
            },
            {
                "text": "We may collect the following information:",
                "type": "list_intro"
            }
        ],
        "passage": "Your language learning levels",
        "annotations": [
            {
                "requirement": "Data Categories",
                "value": "Your language learning levels",
                "performed": true
            }
        ]
    },
    {
        "type": "list_item",
        "context": [
            {
                "text": "Privacy",
                "type": "h1"
            },
            {
                "text": "Collection of Personal Data, IP Addresses and Other Information",
                "type": "h2"
            },
            {
                "text": "We may collect the following information:",
                "type": "list_intro"
            }
        ],
        "passage": "Your IP address and visit details, including access time, browser type, referring URL and other technical information in relation to your visit",
        "annotations": [
            {
                "requirement": "Data Categories",
                "value": "Your IP address",
                "performed": true
            },
            {
                "requirement": "Data Categories",
                "value": "visit details",
                "performed": true
            },
            {
                "requirement": "Data Categories",
                "value": "access time",
                "performed": true
            },
            {
                "requirement": "Data Categories",
                "value": "browser type",
                "performed": true
            },
            {
                "requirement": "Data Categories",
                "value": "referring URL",
                "performed": true
            },
            {
                "requirement": "Data Categories",
                "value": "other technical information in relation to your visit",
                "performed": true
            }
        ]
    },
    {
        "type": "list_item",
        "context": [
            {
                "text": "Privacy",
                "type": "h1"
            },
            {
                "text": "Collection of Personal Data, IP Addresses and Other Information",
                "type": "h2"
            },
            {
                "text": "We may collect the following information:",
                "type": "list_intro"
            }
        ],
        "passage": "Other information that you may provide to our user surveys and feedbacks.",
        "annotations": [
            {
                "requirement": "Data Categories",
                "value": "Other information that you may provide to our user surveys and feedbacks",
                "performed": true
            }
        ]
    },
    {
        "type": "text",
        "context": [
            {
                "text": "Privacy",
                "type": "h1"
            },
            {
                "text": "Collection of Personal Data, IP Addresses and Other Information",
                "type": "h2"
            }
        ],
        "passage": "The website sends this data to Voscreen servers. We require this data to better attend to your needs and provide you with a better service, and in particular:",
        "annotations": [
            {
                "requirement": "Processing Purpose",
                "value": "better attend to your needs",
                "performed": true
            },
            {
                "requirement": "Processing Purpose",
                "value": "provide you with a better service",
                "performed": true
            }
        ]
    },
    {
        "type": "list_item",
        "context": [
            {
                "text": "Privacy",
                "type": "h1"
            },
            {
                "text": "Collection of Personal Data, IP Addresses and Other Information",
                "type": "h2"
            },
            {
                "text": "The website sends this data to Voscreen servers. We require this data to better attend to your needs and provide you with a better service, and in particular:",
                "type": "list_intro"
            }
        ],
        "passage": "internal record keeping",
        "annotations": [
            {
                "requirement": "Processing Purpose",
                "value": "internal record keeping",
                "performed": true
            }
        ]
    },
    {
        "type": "list_item",
        "context": [
            {
                "text": "Privacy",
                "type": "h1"
            },
            {
                "text": "Collection of Personal Data, IP Addresses and Other Information",
                "type": "h2"
            },
            {
                "text": "The website sends this data to Voscreen servers. We require this data to better attend to your needs and provide you with a better service, and in particular:",
                "type": "list_intro"
            }
        ],
        "passage": "anonymous statistical analysis, such as tracking the number and location of visitors, as well as their activities while on this website (including the pages they view, the date and time of view, number of videos they watch, the questions they answer right or wrong and the videos they liked or disliked)",
        "annotations": [
            {
                "requirement": "Processing Purpose",
                "value": "tracking the number and location of visitors",
                "performed": true
            },
            {
                "requirement": "Processing Purpose",
                "value": "their activities while on this website",
                "performed": true
            },
            {
                "requirement": "Data Categories",
                "value": "the pages they view",
                "performed": true
            },
            {
                "requirement": "Data Categories",
                "value": "the date and time of view",
                "performed": true
            },
            {
                "requirement": "Data Categories",
                "value": "number of videos they watch",
                "performed": true
            },
            {
                "requirement": "Data Categories",
                "value": "the questions they answer right or wrong",
                "performed": true
            },
            {
                "requirement": "Data Categories",
                "value": "the videos they liked or disliked",
                "performed": true
            }
        ]
    },
    {
        "type": "list_item",
        "context": [
            {
                "text": "Privacy",
                "type": "h1"
            },
            {
                "text": "Collection of Personal Data, IP Addresses and Other Information",
                "type": "h2"
            },
            {
                "text": "The website sends this data to Voscreen servers. We require this data to better attend to your needs and provide you with a better service, and in particular:",
                "type": "list_intro"
            }
        ],
        "passage": "to provide the users with a better Voscreen experience by improving our products and services",
        "annotations": [
            {
                "requirement": "Processing Purpose",
                "value": "to provide the users with a better Voscreen experience",
                "performed": true
            },
            {
                "requirement": "Processing Purpose",
                "value": "improving our products and services",
                "performed": true
            }
        ]
    },
    {
        "type": "list_item",
        "context": [
            {
                "text": "Privacy",
                "type": "h1"
            },
            {
                "text": "Collection of Personal Data, IP Addresses and Other Information",
                "type": "h2"
            },
            {
                "text": "The website sends this data to Voscreen servers. We require this data to better attend to your needs and provide you with a better service, and in particular:",
                "type": "list_intro"
            }
        ],
        "passage": "to ensure the website\u2019s safety, improve its operation and tailor the Voscreen content to users\u2019 requests, in accordance with your interests",
        "annotations": [
            {
                "requirement": "Processing Purpose",
                "value": "ensure the website\u2019s safety",
                "performed": true
            },
            {
                "requirement": "Processing Purpose",
                "value": "improve its operation",
                "performed": true
            },
            {
                "requirement": "Processing Purpose",
                "value": "tailor the Voscreen content to users\u2019 requests, in accordance with your interests",
                "performed": true
            }
        ]
    },
    {
        "type": "list_item",
        "context": [
            {
                "text": "Privacy",
                "type": "h1"
            },
            {
                "text": "Collection of Personal Data, IP Addresses and Other Information",
                "type": "h2"
            },
            {
                "text": "The website sends this data to Voscreen servers. We require this data to better attend to your needs and provide you with a better service, and in particular:",
                "type": "list_intro"
            }
        ],
        "passage": "to update the users about new products, special offers or other information which we think you may find interesting using the email address which you have provided, if you tell us that you wish this to happen.",
        "annotations": [
            {
                "requirement": "Processing Purpose",
                "value": "update the users about new products, special offers or other information which we think you may find interesting",
                "performed": true
            },
            {
                "requirement": "Data Categories",
                "value": "the email address which you have provided",
                "performed": true
            }
        ]
    },
    {
        "type": "headline",
        "context": [
            {
                "text": "Privacy",
                "type": "h1"
            },
            {
                "text": "Collection of Personal Data, IP Addresses and Other Information",
                "type": "h2"
            }
        ],
        "passage": "Security",
        "annotations": []
    },
    {
        "type": "text",
        "context": [
            {
                "text": "Privacy",
                "type": "h1"
            },
            {
                "text": "Security",
                "type": "h2"
            }
        ],
        "passage": "We are committed to ensuring the security of your personal information collected, as a result of your use of this website. In order to prevent unlawful or accidental destruction, accidental loss, unauthorized disclosure or access, or other unlawful forms of processing and to fully secure the information we collect online, we implement a variety of physical and electronic measures into our servers.",
        "annotations": []
    },
    {
        "type": "headline",
        "context": [
            {
                "text": "Privacy",
                "type": "h1"
            },
            {
                "text": "Security",
                "type": "h2"
            }
        ],
        "passage": "No Warranties",
        "annotations": []
    },
    {
        "type": "text",
        "context": [
            {
                "text": "Privacy",
                "type": "h1"
            },
            {
                "text": "No Warranties",
                "type": "h2"
            }
        ],
        "passage": "Voscreen does not provide any express or implied representations or warranties of any kind in relation to its ability to control, collect, correct, process, use, store, protect or transfer any personal information or does not guarantee the existence or effectiveness of any security measures. Voscreen will not be liable for access, disclosure, use or modification of your personal information by any third parties, or the damages due to computer viruses or other harmful elements and their effects on your personal information.",
        "annotations": []
    },
    {
        "type": "text",
        "context": [
            {
                "text": "Privacy",
                "type": "h1"
            },
            {
                "text": "No Warranties",
                "type": "h2"
            }
        ],
        "passage": "Voscreen, its affiliates, partners, and their respective employees, officers, directors or insurers will not be liable to you or to any other person for any costs, damages or liability of any nature, arising or resulting from the collection, use, transfer, processing or storage of personal information obtained by us due to your use of this website.",
        "annotations": []
    },
    {
        "type": "headline",
        "context": [
            {
                "text": "Privacy",
                "type": "h1"
            },
            {
                "text": "No Warranties",
                "type": "h2"
            }
        ],
        "passage": "Cookies",
        "annotations": []
    },
    {
        "type": "text",
        "context": [
            {
                "text": "Privacy",
                "type": "h1"
            },
            {
                "text": "Cookies",
                "type": "h2"
            }
        ],
        "passage": "The website may use cookies to remember the visitor in further visits, to help us provide you with a better online experience, by enabling us to monitor your preferences. A cookie does not give us access to your computer or any information about you other than the data you choose to share with us.",
        "annotations": [
            {
                "requirement": "Processing Purpose",
                "value": "remember the visitor in further visits",
                "performed": true
            },
            {
                "requirement": "Processing Purpose",
                "value": "provide you with a better online experience",
                "performed": true
            },
            {
                "requirement": "Processing Purpose",
                "value": "monitor your preferences",
                "performed": true
            },
            {
                "requirement": "Data Categories",
                "value": "preferences",
                "performed": true
            },
            {
                "requirement": "Data Categories",
                "value": "data you choose to share with us",
                "performed": true
            }
        ]
    },
    {
        "type": "text",
        "context": [
            {
                "text": "Privacy",
                "type": "h1"
            },
            {
                "text": "Cookies",
                "type": "h2"
            }
        ],
        "passage": "You can choose to accept or decline cookies. Most web browsers automatically accept cookies, but you can usually modify your browser setting to decline cookies if you prefer. However, this may prevent you from taking full advantage of Voscreen.",
        "annotations": []
    },
    {
        "type": "text",
        "context": [
            {
                "text": "Privacy",
                "type": "h1"
            },
            {
                "text": "Cookies",
                "type": "h2"
            }
        ],
        "passage": "We use Google Analytics to provide us with information about how you use our website which we use to help us to improve our website. Google uses cookies as part of this process (please see Google's Privacy Policy for more information).",
        "annotations": [
            {
                "requirement": "Data Recipients",
                "value": "Google Analytics",
                "performed": true
            },
            {
                "requirement": "Processing Purpose",
                "value": "provide us with information about how you use our website",
                "performed": true
            },
            {
                "requirement": "Processing Purpose",
                "value": "help us PLACEHOLDER to improve our website",
                "performed": true
            }
        ]
    },
    {
        "type": "headline",
        "context": [
            {
                "text": "Privacy",
                "type": "h1"
            },
            {
                "text": "Cookies",
                "type": "h2"
            }
        ],
        "passage": "Links to other websites",
        "annotations": []
    },
    {
        "type": "text",
        "context": [
            {
                "text": "Privacy",
                "type": "h1"
            },
            {
                "text": "Links to other websites",
                "type": "h2"
            }
        ],
        "passage": "Our website may contain links to other websites from time to time. However, you should note that we do not have any control over the websites that you may connect through links from our website. Therefore, we cannot be held responsible for the protection and privacy of any information which you provide while visiting such sites and such sites are not governed by this Privacy Policy.",
        "annotations": []
    },
    {
        "type": "headline",
        "context": [
            {
                "text": "Privacy",
                "type": "h1"
            },
            {
                "text": "Links to other websites",
                "type": "h2"
            }
        ],
        "passage": "Controlling your personal information",
        "annotations": []
    },
    {
        "type": "text",
        "context": [
            {
                "text": "Privacy",
                "type": "h1"
            },
            {
                "text": "Controlling your personal information",
                "type": "h2"
            }
        ],
        "passage": "You may choose to restrict the collection or use of your personal information in the following ways:",
        "annotations": []
    },
    {
        "type": "list_item",
        "context": [
            {
                "text": "Privacy",
                "type": "h1"
            },
            {
                "text": "Controlling your personal information",
                "type": "h2"
            },
            {
                "text": "You may choose to restrict the collection or use of your personal information in the following ways:",
                "type": "list_intro"
            }
        ],
        "passage": "if you are asked to fill in a form on the website regarding personal data, please click check the decline box to let us know that you do not want the information to be used by anybody for direct marketing purposes,",
        "annotations": [
            {
                "requirement": "Processing Purpose",
                "value": "direct marketing purposes",
                "performed": true
            }
        ]
    },
    {
        "type": "list_item",
        "context": [
            {
                "text": "Privacy",
                "type": "h1"
            },
            {
                "text": "Controlling your personal information",
                "type": "h2"
            },
            {
                "text": "You may choose to restrict the collection or use of your personal information in the following ways:",
                "type": "list_intro"
            }
        ],
        "passage": "if you have previously agreed to us using your personal information for direct marketing purposes, you may change your mind at any time by writing to or emailing us at info@voscreen.com.",
        "annotations": [
            {
                "requirement": "Right to Withdraw Consent",
                "value": "you may change your mind at any time by writing to or emailing us at info@voscreen.com",
                "performed": true
            }
        ]
    },
    {
        "type": "text",
        "context": [
            {
                "text": "Privacy",
                "type": "h1"
            },
            {
                "text": "Controlling your personal information",
                "type": "h2"
            }
        ],
        "passage": "We will not sell, distribute or lease your personal information to third parties unless we have your permission or are required by law to do so. We may use your personal information to send you promotional information about third parties, which we think you may find interesting if you tell us that you wish this to happen.",
        "annotations": [
            {
                "requirement": "Data Recipients",
                "value": "third parties",
                "performed": false
            },
            {
                "requirement": "Mandatory Data Disclosure",
                "value": "required by law",
                "performed": true
            },
            {
                "requirement": "Processing Purpose",
                "value": "send you promotional information about third parties",
                "performed": true
            }
        ]
    },
    {
        "type": "text",
        "context": [
            {
                "text": "Privacy",
                "type": "h1"
            },
            {
                "text": "Controlling your personal information",
                "type": "h2"
            }
        ],
        "passage": "If you believe that any information we are holding on you is incorrect or incomplete, please write to or email us as soon as possible, at the above e-mail address.",
        "annotations": [
            {
                "requirement": "Right to Rectification",
                "value": "If you believe that any information we are holding on you is incorrect or incomplete",
                "performed": true
            }
        ]
    },
    {
        "type": "headline",
        "context": [
            {
                "text": "Privacy",
                "type": "h1"
            },
            {
                "text": "Controlling your personal information",
                "type": "h2"
            }
        ],
        "passage": "Deletion of your account and linked information",
        "annotations": [
            {
                "requirement": "Right to Erasure",
                "value": "Deletion of your account and linked information",
                "performed": true
            }
        ]
    },
    {
        "type": "text",
        "context": [
            {
                "text": "Privacy",
                "type": "h1"
            },
            {
                "text": "Deletion of your account and linked information",
                "type": "h2"
            }
        ],
        "passage": "In any case you'd want your account and any infomation including your personalized data linked with it removed from our servers, please send us an email at the aforementioned address from the email address you've used to sign up to Voscreen, stating your request. Removal of your account is an irreversable process and will automatically result in complete removal of the following:",
        "annotations": [
            {
                "requirement": "Right to Erasure",
                "value": "your account and any infomation including your personalized data linked with it removed",
                "performed": true
            }
        ]
    },
    {
        "type": "list_item",
        "context": [
            {
                "text": "Privacy",
                "type": "h1"
            },
            {
                "text": "Deletion of your account and linked information",
                "type": "h2"
            },
            {
                "text": "In any case you'd want your account and any infomation including your personalized data linked with it removed from our servers, please send us an email at the aforementioned address from the email address you've used to sign up to Voscreen, stating your request. Removal of your account is an irreversable process and will automatically result in complete removal of the following:",
                "type": "list_intro"
            }
        ],
        "passage": "Any personal information you've provided to our systems",
        "annotations": [
            {
                "requirement": "Right to Erasure",
                "value": "Removal of your account is an irreversable process and will automatically result in complete removal of PLACEHOLDER any personal information you've provided to our systems",
                "performed": true
            }
        ]
    },
    {
        "type": "list_item",
        "context": [
            {
                "text": "Privacy",
                "type": "h1"
            },
            {
                "text": "Deletion of your account and linked information",
                "type": "h2"
            },
            {
                "text": "In any case you'd want your account and any infomation including your personalized data linked with it removed from our servers, please send us an email at the aforementioned address from the email address you've used to sign up to Voscreen, stating your request. Removal of your account is an irreversable process and will automatically result in complete removal of the following:",
                "type": "list_intro"
            }
        ],
        "passage": "Any information and / or personalized data collected by our systems from your interactions with Voscreen",
        "annotations": [
            {
                "requirement": "Data Categories",
                "value": "Any information and / or personalized data",
                "performed": true
            }
        ]
    },
    {
        "type": "list_item",
        "context": [
            {
                "text": "Privacy",
                "type": "h1"
            },
            {
                "text": "Deletion of your account and linked information",
                "type": "h2"
            },
            {
                "text": "In any case you'd want your account and any infomation including your personalized data linked with it removed from our servers, please send us an email at the aforementioned address from the email address you've used to sign up to Voscreen, stating your request. Removal of your account is an irreversable process and will automatically result in complete removal of the following:",
                "type": "list_intro"
            }
        ],
        "passage": "Any personalized data generated by our systems depending your actions while using Voscreen",
        "annotations": [
            {
                "requirement": "Data Categories",
                "value": "Any personalized data generated by our systems depending your actions while using Voscreen",
                "performed": true
            }
        ]
    },
    {
        "type": "list_item",
        "context": [
            {
                "text": "Privacy",
                "type": "h1"
            },
            {
                "text": "Deletion of your account and linked information",
                "type": "h2"
            },
            {
                "text": "In any case you'd want your account and any infomation including your personalized data linked with it removed from our servers, please send us an email at the aforementioned address from the email address you've used to sign up to Voscreen, stating your request. Removal of your account is an irreversable process and will automatically result in complete removal of the following:",
                "type": "list_intro"
            }
        ],
        "passage": "Any logs collected by our systems from your browsers and / or mobile devices linked to your account",
        "annotations": [
            {
                "requirement": "Data Categories",
                "value": "logs collected by our systems from your browsers",
                "performed": true
            },
            {
                "requirement": "Data Categories",
                "value": "mobile devices linked to your account",
                "performed": true
            }
        ]
    },
    {
        "type": "text",
        "context": [
            {
                "text": "Privacy",
                "type": "h1"
            },
            {
                "text": "Deletion of your account and linked information",
                "type": "h2"
            }
        ],
        "passage": "By the removal of your account, it will be as if you've never been to Voscreen before; therefore you can start over with a fresh account, even with the same email address you've used on Voscreen before.",
        "annotations": [
            {
                "requirement": "Right to Erasure",
                "value": "the removal of your account",
                "performed": true
            }
        ]
    }
]