[
    {
        "type": "headline",
        "context": [],
        "passage": "Who we are",
        "annotations": []
    },
    {
        "type": "text",
        "context": [
            {
                "text": "Who we are",
                "type": "h2"
            }
        ],
        "passage": "Family Educational Services Foundation (FESF) is a charitable organization committed to education and social impact in Pakistan. We focus on the empowerment of disadvantaged deaf children and youth through a holistic approach to deaf education, skills training, job placement, and sign language development \u2013 creating lasting change in their lives and that of their families.",
        "annotations": [
            {
                "requirement": "Controller Name",
                "value": "Family Educational Services Foundation (FESF)",
                "performed": true
            }
        ]
    },
    {
        "type": "text",
        "context": [
            {
                "text": "Who we are",
                "type": "h2"
            }
        ],
        "passage": "Our website address is: https://fesf.org.pk.",
        "annotations": []
    },
    {
        "type": "headline",
        "context": [
            {
                "text": "Who we are",
                "type": "h2"
            }
        ],
        "passage": "Comments",
        "annotations": []
    },
    {
        "type": "text",
        "context": [
            {
                "text": "Comments",
                "type": "h2"
            }
        ],
        "passage": "When visitors leave comments on the site we collect the data shown in the comments form, and also the visitor\u2019s IP address and browser user agent string to help spam detection.",
        "annotations": [
            {
                "requirement": "Data Categories",
                "value": "data shown in the comments form",
                "performed": true
            },
            {
                "requirement": "Data Categories",
                "value": "visitor\u2019s IP address",
                "performed": true
            },
            {
                "requirement": "Data Categories",
                "value": "browser user agent string",
                "performed": true
            },
            {
                "requirement": "Processing Purpose",
                "value": "help spam detection",
                "performed": true
            }
        ]
    },
    {
        "type": "text",
        "context": [
            {
                "text": "Comments",
                "type": "h2"
            }
        ],
        "passage": "An anonymized string created from your email address (also called a hash) may be provided to the Gravatar service to see if you are using it. The Gravatar service privacy policy is available here: https://automattic.com/privacy/. After approval of your comment, your profile picture is visible to the public in the context of your comment.",
        "annotations": [
            {
                "requirement": "Data Categories",
                "value": "an anonymized string created from your email address",
                "performed": true
            },
            {
                "requirement": "Processing Purpose",
                "value": "to see if you are using it",
                "performed": true
            },
            {
                "requirement": "Data Recipients",
                "value": "the Gravatar service",
                "performed": true
            },
            {
                "requirement": "Data Categories",
                "value": "your profile picture",
                "performed": true
            }
        ]
    },
    {
        "type": "headline",
        "context": [
            {
                "text": "Comments",
                "type": "h2"
            }
        ],
        "passage": "Media",
        "annotations": []
    },
    {
        "type": "text",
        "context": [
            {
                "text": "Media",
                "type": "h2"
            }
        ],
        "passage": "If you upload images to the website, you should avoid uploading images with embedded location data (EXIF GPS) included. Visitors to the website can download and extract any location data from images on the website.",
        "annotations": []
    },
    {
        "type": "headline",
        "context": [
            {
                "text": "Media",
                "type": "h2"
            }
        ],
        "passage": "Cookies",
        "annotations": []
    },
    {
        "type": "text",
        "context": [
            {
                "text": "Cookies",
                "type": "h2"
            }
        ],
        "passage": "If you leave a comment on our site you may opt-in to saving your name, email address and website in cookies. These are for your convenience so that you do not have to fill in your details again when you leave another comment. These cookies will last for one year.",
        "annotations": []
    },
    {
        "type": "text",
        "context": [
            {
                "text": "Cookies",
                "type": "h2"
            }
        ],
        "passage": "If you visit our login page, we will set a temporary cookie to determine if your browser accepts cookies. This cookie contains no personal data and is discarded when you close your browser.",
        "annotations": []
    },
    {
        "type": "text",
        "context": [
            {
                "text": "Cookies",
                "type": "h2"
            }
        ],
        "passage": "When you log in, we will also set up several cookies to save your login information and your screen display choices. Login cookies last for two days, and screen options cookies last for a year. If you select \u201cRemember Me\u201d, your login will persist for two weeks. If you log out of your account, the login cookies will be removed.",
        "annotations": []
    },
    {
        "type": "text",
        "context": [
            {
                "text": "Cookies",
                "type": "h2"
            }
        ],
        "passage": "If you edit or publish an article, an additional cookie will be saved in your browser. This cookie includes no personal data and simply indicates the post ID of the article you just edited. It expires after 1 day.",
        "annotations": []
    },
    {
        "type": "headline",
        "context": [
            {
                "text": "Cookies",
                "type": "h2"
            }
        ],
        "passage": "Embedded content from other websites",
        "annotations": []
    },
    {
        "type": "text",
        "context": [
            {
                "text": "Embedded content from other websites",
                "type": "h2"
            }
        ],
        "passage": "Articles on this site may include embedded content (e.g. videos, images, articles, etc.). Embedded content from other websites behaves in the exact same way as if the visitor has visited the other website.",
        "annotations": []
    },
    {
        "type": "text",
        "context": [
            {
                "text": "Embedded content from other websites",
                "type": "h2"
            }
        ],
        "passage": "These websites may collect data about you, use cookies, embed additional third-party tracking, and monitor your interaction with that embedded content, including tracking your interaction with the embedded content if you have an account and are logged in to that website.",
        "annotations": [
            {
                "requirement": "Data Categories",
                "value": "data about you",
                "performed": true
            },
            {
                "requirement": "Data Recipients",
                "value": "third-party tracking",
                "performed": true
            },
            {
                "requirement": "Processing Purpose",
                "value": "monitor your interaction with [...] that embedded content",
                "performed": true
            },
            {
                "requirement": "Processing Purpose",
                "value": "tracking your interaction with the embedded content",
                "performed": true
            }
        ]
    },
    {
        "type": "headline",
        "context": [
            {
                "text": "Embedded content from other websites",
                "type": "h2"
            }
        ],
        "passage": "Who we share your data with",
        "annotations": [
            {
                "requirement": "Data Recipients",
                "value": "who we share your data with",
                "performed": true
            }
        ]
    },
    {
        "type": "text",
        "context": [
            {
                "text": "Who we share your data with",
                "type": "h2"
            }
        ],
        "passage": "If you request a password reset, your IP address will be included in the reset email.",
        "annotations": [
            {
                "requirement": "Data Categories",
                "value": "your IP address",
                "performed": true
            },
            {
                "requirement": "Processing Purpose",
                "value": "request a password reset",
                "performed": true
            }
        ]
    },
    {
        "type": "headline",
        "context": [
            {
                "text": "Who we share your data with",
                "type": "h2"
            }
        ],
        "passage": "How long we retain your data",
        "annotations": []
    },
    {
        "type": "text",
        "context": [
            {
                "text": "How long we retain your data",
                "type": "h2"
            }
        ],
        "passage": "If you leave a comment, the comment and its metadata are retained indefinitely. This is so we can recognize and approve any follow-up comments automatically instead of holding them in a moderation queue.",
        "annotations": [
            {
                "requirement": "Data Retention Period",
                "value": "retained indefinitely",
                "performed": true
            },
            {
                "requirement": "Processing Purpose",
                "value": "recognize and approve [...] follow-up comments automatically",
                "performed": true
            }
        ]
    },
    {
        "type": "text",
        "context": [
            {
                "text": "How long we retain your data",
                "type": "h2"
            }
        ],
        "passage": "For users that register on our website (if any), we also store the personal information they provide in their user profile. All users can see, edit, or delete their personal information at any time (except they cannot change their username). Website administrators can also see and edit that information.",
        "annotations": [
            {
                "requirement": "Data Categories",
                "value": "the personal information they provide in their user profile",
                "performed": true
            }
        ]
    },
    {
        "type": "headline",
        "context": [
            {
                "text": "How long we retain your data",
                "type": "h2"
            }
        ],
        "passage": "What rights you have over your data",
        "annotations": []
    },
    {
        "type": "text",
        "context": [
            {
                "text": "What rights you have over your data",
                "type": "h2"
            }
        ],
        "passage": "If you have an account on this site, or have left comments, you can request that we erase any personal data we hold about you. This does not include any data we are obliged to keep for administrative, legal, or security purposes.",
        "annotations": [
            {
                "requirement": "Right to Erasure",
                "value": "you can request that we erase any personal data we hold about you",
                "performed": true
            }
        ]
    },
    {
        "type": "headline",
        "context": [
            {
                "text": "What rights you have over your data",
                "type": "h2"
            }
        ],
        "passage": "Where we send your data",
        "annotations": []
    },
    {
        "type": "text",
        "context": [
            {
                "text": "Where we send your data",
                "type": "h2"
            }
        ],
        "passage": "Visitor comments may be checked through an automated spam detection service.",
        "annotations": [
            {
                "requirement": "Automated Decision-Making",
                "value": "automated spam detection",
                "performed": true
            }
        ]
    }
]