[
    {
        "type": "headline",
        "context": [],
        "passage": "Privacy Policy",
        "annotations": []
    },
    {
        "type": "headline",
        "context": [
            {
                "text": "Privacy Policy",
                "type": "h1"
            }
        ],
        "passage": "Privacy Policy",
        "annotations": []
    },
    {
        "type": "text",
        "context": [
            {
                "text": "Privacy Policy",
                "type": "h1"
            },
            {
                "text": "Privacy Policy",
                "type": "h2"
            }
        ],
        "passage": "This Privacy Policy describes how your personal information is collected, used, and shared when you visit or make a purchase from https://baqah.baramjk.net (the \u201cSite\u201d).",
        "annotations": []
    },
    {
        "type": "headline",
        "context": [
            {
                "text": "Privacy Policy",
                "type": "h1"
            },
            {
                "text": "Privacy Policy",
                "type": "h2"
            }
        ],
        "passage": "WHAT PERSONAL INFORMATION WE COLLECT?",
        "annotations": []
    },
    {
        "type": "text",
        "context": [
            {
                "text": "Privacy Policy",
                "type": "h1"
            },
            {
                "text": "WHAT PERSONAL INFORMATION WE COLLECT?",
                "type": "h2"
            }
        ],
        "passage": "We receive, collect and store any information you enter on our website or provide us in any other way. In addition, we collect the Internet protocol (IP) address used to connect your computer to the Internet; login; e-mail address; password; computer and connection information and purchase history. We may use software tools to measure and collect session information, including page response times, length of visits to certain pages, page interaction information, and methods used to browse away from the page. We also collect personally identifiable information (including name, email, password, communications); payment details (including credit card information), comments, feedback, product reviews, recommendations, and personal profile.",
        "annotations": [
            {
                "requirement": "Data Categories",
                "value": "information you enter on our website or provide us in any other way",
                "performed": true
            },
            {
                "requirement": "Data Categories",
                "value": "Internet protocol (IP) address used to connect your computer to the Internet",
                "performed": true
            },
            {
                "requirement": "Data Categories",
                "value": "login",
                "performed": true
            },
            {
                "requirement": "Data Categories",
                "value": "e-mail address",
                "performed": true
            },
            {
                "requirement": "Data Categories",
                "value": "password",
                "performed": true
            },
            {
                "requirement": "Data Categories",
                "value": "computer and connection information",
                "performed": true
            },
            {
                "requirement": "Data Categories",
                "value": "purchase history",
                "performed": true
            },
            {
                "requirement": "Data Categories",
                "value": "page response times",
                "performed": true
            },
            {
                "requirement": "Data Categories",
                "value": "length of visits to certain pages",
                "performed": true
            },
            {
                "requirement": "Data Categories",
                "value": "page interaction information",
                "performed": true
            },
            {
                "requirement": "Data Categories",
                "value": "methods used to browse away from the page",
                "performed": true
            },
            {
                "requirement": "Data Categories",
                "value": "personally identifiable information (including name, email, password, communications)",
                "performed": true
            },
            {
                "requirement": "Data Categories",
                "value": "payment details (including credit card information)",
                "performed": true
            },
            {
                "requirement": "Data Categories",
                "value": "comments",
                "performed": true
            },
            {
                "requirement": "Data Categories",
                "value": "feedback",
                "performed": true
            },
            {
                "requirement": "Data Categories",
                "value": "product reviews",
                "performed": true
            },
            {
                "requirement": "Data Categories",
                "value": "recommendations",
                "performed": true
            },
            {
                "requirement": "Data Categories",
                "value": "personal profile",
                "performed": true
            }
        ]
    },
    {
        "type": "headline",
        "context": [
            {
                "text": "Privacy Policy",
                "type": "h1"
            },
            {
                "text": "WHAT PERSONAL INFORMATION WE COLLECT?",
                "type": "h2"
            }
        ],
        "passage": "WHY DO WE COLLECT SUCH PERSONAL INFORMATION?",
        "annotations": []
    },
    {
        "type": "text",
        "context": [
            {
                "text": "Privacy Policy",
                "type": "h1"
            },
            {
                "text": "WHY DO WE COLLECT SUCH PERSONAL INFORMATION?",
                "type": "h2"
            }
        ],
        "passage": "We collect such Non-personal and Personal Information for the following purposes:",
        "annotations": [
            {
                "requirement": "Processing Purpose",
                "value": "the following purposes",
                "performed": true
            }
        ]
    },
    {
        "type": "list_item",
        "context": [
            {
                "text": "Privacy Policy",
                "type": "h1"
            },
            {
                "text": "WHY DO WE COLLECT SUCH PERSONAL INFORMATION?",
                "type": "h2"
            },
            {
                "text": "We collect such Non-personal and Personal Information for the following purposes:",
                "type": "list_intro"
            }
        ],
        "passage": "To provide and operate the Services;",
        "annotations": [
            {
                "requirement": "Processing Purpose",
                "value": "provide and operate the Services",
                "performed": true
            }
        ]
    },
    {
        "type": "list_item",
        "context": [
            {
                "text": "Privacy Policy",
                "type": "h1"
            },
            {
                "text": "WHY DO WE COLLECT SUCH PERSONAL INFORMATION?",
                "type": "h2"
            },
            {
                "text": "We collect such Non-personal and Personal Information for the following purposes:",
                "type": "list_intro"
            }
        ],
        "passage": "To provide our Users with ongoing customer assistance and technical support;",
        "annotations": [
            {
                "requirement": "Processing Purpose",
                "value": "provide our Users with ongoing customer assistance and technical support",
                "performed": true
            }
        ]
    },
    {
        "type": "list_item",
        "context": [
            {
                "text": "Privacy Policy",
                "type": "h1"
            },
            {
                "text": "WHY DO WE COLLECT SUCH PERSONAL INFORMATION?",
                "type": "h2"
            },
            {
                "text": "We collect such Non-personal and Personal Information for the following purposes:",
                "type": "list_intro"
            }
        ],
        "passage": "To be able to contact our Visitors and Users with general or personalized service-related notices and promotional messages;",
        "annotations": [
            {
                "requirement": "Processing Purpose",
                "value": "contact our Visitors and Users with general or personalized service-related notices and promotional messages",
                "performed": true
            }
        ]
    },
    {
        "type": "list_item",
        "context": [
            {
                "text": "Privacy Policy",
                "type": "h1"
            },
            {
                "text": "WHY DO WE COLLECT SUCH PERSONAL INFORMATION?",
                "type": "h2"
            },
            {
                "text": "We collect such Non-personal and Personal Information for the following purposes:",
                "type": "list_intro"
            }
        ],
        "passage": "To create aggregated statistical data and other aggregated and/or inferred Non-personal Information, which we or our business partners may use to provide and improve our respective services;",
        "annotations": [
            {
                "requirement": "Processing Purpose",
                "value": "create aggregated statistical data and other aggregated and/or inferred Non-personal Information",
                "performed": true
            },
            {
                "requirement": "Processing Purpose",
                "value": "provide and improve our respective services",
                "performed": true
            }
        ]
    },
    {
        "type": "list_item",
        "context": [
            {
                "text": "Privacy Policy",
                "type": "h1"
            },
            {
                "text": "WHY DO WE COLLECT SUCH PERSONAL INFORMATION?",
                "type": "h2"
            },
            {
                "text": "We collect such Non-personal and Personal Information for the following purposes:",
                "type": "list_intro"
            }
        ],
        "passage": "To comply with any applicable laws and regulations.",
        "annotations": [
            {
                "requirement": "Processing Purpose",
                "value": "To comply with any applicable laws and regulations",
                "performed": true
            }
        ]
    },
    {
        "type": "headline",
        "context": [
            {
                "text": "Privacy Policy",
                "type": "h1"
            },
            {
                "text": "WHY DO WE COLLECT SUCH PERSONAL INFORMATION?",
                "type": "h2"
            }
        ],
        "passage": "HOW DO WE COLLECT INFORMATION?",
        "annotations": []
    },
    {
        "type": "text",
        "context": [
            {
                "text": "Privacy Policy",
                "type": "h1"
            },
            {
                "text": "HOW DO WE COLLECT INFORMATION?",
                "type": "h2"
            }
        ],
        "passage": "When you conduct a transaction on our website, as part of the process, we collect personal information you give us such as your name, address and email address. Your personal information will be used for the specific reasons stated above only.",
        "annotations": [
            {
                "requirement": "Data Categories",
                "value": "your name",
                "performed": true
            },
            {
                "requirement": "Data Categories",
                "value": "address",
                "performed": true
            },
            {
                "requirement": "Data Categories",
                "value": "email address",
                "performed": true
            },
            {
                "requirement": "Processing Purpose",
                "value": "used for the specific reasons stated above",
                "performed": true
            }
        ]
    },
    {
        "type": "headline",
        "context": [
            {
                "text": "Privacy Policy",
                "type": "h1"
            },
            {
                "text": "HOW DO WE COLLECT INFORMATION?",
                "type": "h2"
            }
        ],
        "passage": "HOW DO WE STORE, USE, SHARE AND DISCLOSE OUR SITE VISITORS' PERSONAL INFORMATION?",
        "annotations": []
    },
    {
        "type": "text",
        "context": [
            {
                "text": "Privacy Policy",
                "type": "h1"
            },
            {
                "text": "HOW DO WE STORE, USE, SHARE AND DISCLOSE OUR SITE VISITORS' PERSONAL INFORMATION?",
                "type": "h2"
            }
        ],
        "passage": "Payment:",
        "annotations": []
    },
    {
        "type": "list_item",
        "context": [
            {
                "text": "Privacy Policy",
                "type": "h1"
            },
            {
                "text": "HOW DO WE STORE, USE, SHARE AND DISCLOSE OUR SITE VISITORS' PERSONAL INFORMATION?",
                "type": "h2"
            },
            {
                "text": "Payment:",
                "type": "list_intro"
            }
        ],
        "passage": "If you choose a direct payment gateway to complete your purchase, then baqah.baramjk.net stores your credit card data. It is encrypted through the Payment Card Industry Data Security Standard (PCI-DSS). Your purchase transaction data is stored only as long as is necessary to complete your purchase transaction. After that is complete, your purchase transaction information is deleted.",
        "annotations": [
            {
                "requirement": "Data Categories",
                "value": "your credit card data",
                "performed": true
            },
            {
                "requirement": "Data Retention Period",
                "value": "only as long as is necessary to complete your purchase transaction",
                "performed": true
            }
        ]
    },
    {
        "type": "list_item",
        "context": [
            {
                "text": "Privacy Policy",
                "type": "h1"
            },
            {
                "text": "HOW DO WE STORE, USE, SHARE AND DISCLOSE OUR SITE VISITORS' PERSONAL INFORMATION?",
                "type": "h2"
            },
            {
                "text": "Payment:",
                "type": "list_intro"
            }
        ],
        "passage": "All direct payment gateways adhere to the standards set by PCI-DSS as managed by the PCI Security Standards Council, which is a joint effort of brands like Visa, MasterCard, American Express and Discover.",
        "annotations": [
            {
                "requirement": "Data Recipients",
                "value": "Visa",
                "performed": true
            },
            {
                "requirement": "Data Recipients",
                "value": "MasterCard",
                "performed": true
            },
            {
                "requirement": "Data Recipients",
                "value": "American Express",
                "performed": true
            },
            {
                "requirement": "Data Recipients",
                "value": "Discover",
                "performed": true
            }
        ]
    },
    {
        "type": "list_item",
        "context": [
            {
                "text": "Privacy Policy",
                "type": "h1"
            },
            {
                "text": "HOW DO WE STORE, USE, SHARE AND DISCLOSE OUR SITE VISITORS' PERSONAL INFORMATION?",
                "type": "h2"
            },
            {
                "text": "Payment:",
                "type": "list_intro"
            }
        ],
        "passage": "PCI-DSS requirements help ensure the secure handling of credit card information by our store and its service providers.",
        "annotations": [
            {
                "requirement": "Data Categories",
                "value": "credit card information",
                "performed": true
            },
            {
                "requirement": "Data Recipients",
                "value": "our store and its service providers",
                "performed": true
            }
        ]
    },
    {
        "type": "headline",
        "context": [
            {
                "text": "Privacy Policy",
                "type": "h1"
            },
            {
                "text": "HOW DO WE STORE, USE, SHARE AND DISCLOSE OUR SITE VISITORS' PERSONAL INFORMATION?",
                "type": "h2"
            }
        ],
        "passage": "HOW DO WE COMMUNICATE WITH OUR SITE VISITORS?",
        "annotations": []
    },
    {
        "type": "text",
        "context": [
            {
                "text": "Privacy Policy",
                "type": "h1"
            },
            {
                "text": "HOW DO WE COMMUNICATE WITH OUR SITE VISITORS?",
                "type": "h2"
            }
        ],
        "passage": "We may contact you to notify you regarding your order, to troubleshoot problems with your order, to resolve a dispute, to collect fees or monies owed, to poll your opinions through surveys or questionnaires, to send updates about our company, or as otherwise necessary to contact you to enforce our User Agreement, applicable national laws, and any agreement we may have with you. For these purposes we may contact you via email, telephone, text messages, and postal mail.",
        "annotations": [
            {
                "requirement": "Processing Purpose",
                "value": "notify you regarding your order",
                "performed": true
            },
            {
                "requirement": "Processing Purpose",
                "value": "troubleshoot problems with your order",
                "performed": true
            },
            {
                "requirement": "Processing Purpose",
                "value": "resolve a dispute",
                "performed": true
            },
            {
                "requirement": "Processing Purpose",
                "value": "collect fees or monies owed",
                "performed": true
            },
            {
                "requirement": "Processing Purpose",
                "value": "poll your opinions through surveys or questionnaires",
                "performed": true
            },
            {
                "requirement": "Processing Purpose",
                "value": "send updates about our company",
                "performed": true
            },
            {
                "requirement": "Processing Purpose",
                "value": "contact you to enforce our User Agreement, applicable national laws, and any agreement we may have with you",
                "performed": true
            },
            {
                "requirement": "Data Categories",
                "value": "email",
                "performed": true
            },
            {
                "requirement": "Data Categories",
                "value": "telephone",
                "performed": true
            },
            {
                "requirement": "Data Categories",
                "value": "text messages",
                "performed": true
            },
            {
                "requirement": "Data Categories",
                "value": "postal mail",
                "performed": true
            }
        ]
    },
    {
        "type": "headline",
        "context": [
            {
                "text": "Privacy Policy",
                "type": "h1"
            },
            {
                "text": "HOW DO WE COMMUNICATE WITH OUR SITE VISITORS?",
                "type": "h2"
            }
        ],
        "passage": "THIRD-PARTY SERVICES",
        "annotations": []
    },
    {
        "type": "list_item",
        "context": [
            {
                "text": "Privacy Policy",
                "type": "h1"
            },
            {
                "text": "THIRD-PARTY SERVICES",
                "type": "h2"
            }
        ],
        "passage": "baqah.baramjk.net has partnered with a number of selected service providers, whose services and solutions complement, facilitate and enhance our own. These include hosting and server co-location services, communications and content delivery networks (CDNs), data and cyber security services, billing and payment processing services, domain name registrars, fraud detection and prevention services, web analytics, e-mail distribution and monitoring services, session recording and remote access services, performance measurement and data optimization services, content providers, and our legal and financial advisors (collectively, \u201cThird Party Service(s)\u201d).",
        "annotations": [
            {
                "requirement": "Data Recipients",
                "value": "hosting and server co-location services",
                "performed": true
            },
            {
                "requirement": "Data Recipients",
                "value": "communications and content delivery networks (CDNs)",
                "performed": true
            },
            {
                "requirement": "Data Recipients",
                "value": "data and cyber security services",
                "performed": true
            },
            {
                "requirement": "Data Recipients",
                "value": "billing and payment processing services",
                "performed": true
            },
            {
                "requirement": "Data Recipients",
                "value": "domain name registrars",
                "performed": true
            },
            {
                "requirement": "Data Recipients",
                "value": "fraud detection and prevention services",
                "performed": true
            },
            {
                "requirement": "Data Recipients",
                "value": "web analytics",
                "performed": true
            },
            {
                "requirement": "Data Recipients",
                "value": "e-mail distribution and monitoring services",
                "performed": true
            },
            {
                "requirement": "Data Recipients",
                "value": "session recording and remote access services",
                "performed": true
            },
            {
                "requirement": "Data Recipients",
                "value": "performance measurement and data optimization services",
                "performed": true
            },
            {
                "requirement": "Data Recipients",
                "value": "content providers",
                "performed": true
            },
            {
                "requirement": "Data Recipients",
                "value": "our legal and financial advisors",
                "performed": true
            }
        ]
    },
    {
        "type": "list_item",
        "context": [
            {
                "text": "Privacy Policy",
                "type": "h1"
            },
            {
                "text": "THIRD-PARTY SERVICES",
                "type": "h2"
            }
        ],
        "passage": "Such Third-Party Services may receive or otherwise have access to our Visitors\u2019 and Users\u2019 Personal Information and/or Users-of-Users\u2019 Personal Information, in its entirety or in part \u2013 depending on each of their particular roles and purposes in facilitating and enhancing our Services, and may only use it for such purposes.",
        "annotations": [
            {
                "requirement": "Data Recipients",
                "value": "Such Third-Party Services",
                "performed": true
            },
            {
                "requirement": "Processing Purpose",
                "value": "facilitating and enhancing our Services",
                "performed": true
            }
        ]
    },
    {
        "type": "list_item",
        "context": [
            {
                "text": "Privacy Policy",
                "type": "h1"
            },
            {
                "text": "THIRD-PARTY SERVICES",
                "type": "h2"
            }
        ],
        "passage": "Note that while our Services may contain links to other websites or services, we are not responsible for such websites\u2019 or services\u2019 privacy practices, and encourage you to be aware when you leave our Services and read the privacy statements of each and every website and service you visit. This Privacy Policy does not apply to such linked third-party websites and services.",
        "annotations": []
    },
    {
        "type": "headline",
        "context": [
            {
                "text": "Privacy Policy",
                "type": "h1"
            },
            {
                "text": "THIRD-PARTY SERVICES",
                "type": "h2"
            }
        ],
        "passage": "COOKIES",
        "annotations": []
    },
    {
        "type": "list_item",
        "context": [
            {
                "text": "Privacy Policy",
                "type": "h1"
            },
            {
                "text": "COOKIES",
                "type": "h2"
            }
        ],
        "passage": "In order for some of these technologies to work properly, a small data file (\u201ccookie\u201d) must be downloaded and stored on your device. By default, we use several persistent cookies for purposes of session and user authentication, security, keeping the User\u2019s preferences (e.g., regarding default language and settings), connection stability (e.g., for uploading media, using e-Commerce features, etc.), monitoring performance of our services and marketing campaigns, and generally providing and improving our Services.",
        "annotations": [
            {
                "requirement": "Data Categories",
                "value": "device",
                "performed": true
            },
            {
                "requirement": "Processing Purpose",
                "value": "session and user authentication",
                "performed": true
            },
            {
                "requirement": "Processing Purpose",
                "value": "security",
                "performed": true
            },
            {
                "requirement": "Processing Purpose",
                "value": "keeping the User\u2019s preferences PLACEHOLDER",
                "performed": true
            },
            {
                "requirement": "Processing Purpose",
                "value": "connection stability PLACEHOLDER",
                "performed": true
            },
            {
                "requirement": "Processing Purpose",
                "value": "monitoring performance of our services and marketing campaigns",
                "performed": true
            },
            {
                "requirement": "Processing Purpose",
                "value": "generally providing and improving our Services",
                "performed": true
            }
        ]
    },
    {
        "type": "list_item",
        "context": [
            {
                "text": "Privacy Policy",
                "type": "h1"
            },
            {
                "text": "COOKIES",
                "type": "h2"
            }
        ],
        "passage": "Please note that deleting our cookies or disabling future cookies or tracking technologies may prevent you from accessing certain areas or features of our Services, or may otherwise adversely affect your user experience.",
        "annotations": []
    },
    {
        "type": "headline",
        "context": [
            {
                "text": "Privacy Policy",
                "type": "h1"
            },
            {
                "text": "COOKIES",
                "type": "h2"
            }
        ],
        "passage": "Cookie Types",
        "annotations": []
    },
    {
        "type": "list_item",
        "context": [
            {
                "text": "Privacy Policy",
                "type": "h1"
            },
            {
                "text": "Cookie Types",
                "type": "h2"
            }
        ],
        "passage": "Strictly Necessary Cookies \u2013 These cookies are necessary for the website to function and cannot be switched off in our systems. They are usually only set in response to actions made by you which amount to a request for services, such as setting your privacy preferences, logging in or filling in forms. You can set your browser to block or alert you about these cookies, but some parts of the site will not then work. These cookies do not store any personally identifiable information.",
        "annotations": [
            {
                "requirement": "Mandatory Data Disclosure",
                "value": "amount to a request for services",
                "performed": true
            },
            {
                "requirement": "Mandatory Data Disclosure",
                "value": "setting your privacy preferences",
                "performed": true
            },
            {
                "requirement": "Mandatory Data Disclosure",
                "value": "logging in",
                "performed": true
            },
            {
                "requirement": "Mandatory Data Disclosure",
                "value": "filling in forms",
                "performed": true
            }
        ]
    },
    {
        "type": "list_item",
        "context": [
            {
                "text": "Privacy Policy",
                "type": "h1"
            },
            {
                "text": "Cookie Types",
                "type": "h2"
            }
        ],
        "passage": "Analytics Cookies \u2013 These cookies allow us to count visits and traffic sources so we can measure and improve the performance of our site. They help us to know which pages are the most and least popular and see how visitors move around the site. All information these cookies collect is aggregated and therefore anonymous. If you do not allow these cookies we will not know when you have visited our site, and will not be able to monitor its performance.",
        "annotations": [
            {
                "requirement": "Processing Purpose",
                "value": "count visits and traffic sources",
                "performed": true
            },
            {
                "requirement": "Processing Purpose",
                "value": "measure and improve the performance of our site",
                "performed": true
            },
            {
                "requirement": "Processing Purpose",
                "value": "know which pages are the most and least popular",
                "performed": true
            },
            {
                "requirement": "Processing Purpose",
                "value": "see how visitors move around the site",
                "performed": true
            }
        ]
    },
    {
        "type": "list_item",
        "context": [
            {
                "text": "Privacy Policy",
                "type": "h1"
            },
            {
                "text": "Cookie Types",
                "type": "h2"
            }
        ],
        "passage": "Targeting Cookies \u2013 These cookies may be set through our site by our advertising partners. They may be used by those companies to build a profile of your interests and show you relevant adverts on other sites. They do not store directly personal information, but are based on uniquely identifying your browser and internet device. If you do not allow these cookies, you will experience less targeted advertising.",
        "annotations": [
            {
                "requirement": "Data Categories",
                "value": "your browser and internet device",
                "performed": true
            },
            {
                "requirement": "Processing Purpose",
                "value": "build a profile of your interests",
                "performed": true
            },
            {
                "requirement": "Processing Purpose",
                "value": "show you relevant adverts on other sites",
                "performed": true
            },
            {
                "requirement": "Processing Purpose",
                "value": "less targeted advertising",
                "performed": true
            }
        ]
    },
    {
        "type": "headline",
        "context": [
            {
                "text": "Privacy Policy",
                "type": "h1"
            },
            {
                "text": "Cookie Types",
                "type": "h2"
            }
        ],
        "passage": "AGE OF CONSENT",
        "annotations": []
    },
    {
        "type": "text",
        "context": [
            {
                "text": "Privacy Policy",
                "type": "h1"
            },
            {
                "text": "AGE OF CONSENT",
                "type": "h2"
            }
        ],
        "passage": "By using this site, you represent that you are at least the age of majority in your state or province of residence, or that you are the age of majority in your state or province of residence and you have given us your consent to allow any of your minor dependents to use this site.",
        "annotations": []
    },
    {
        "type": "headline",
        "context": [
            {
                "text": "Privacy Policy",
                "type": "h1"
            },
            {
                "text": "AGE OF CONSENT",
                "type": "h2"
            }
        ],
        "passage": "CHANGES TO THIS PRIVACY POLICY",
        "annotations": []
    },
    {
        "type": "text",
        "context": [
            {
                "text": "Privacy Policy",
                "type": "h1"
            },
            {
                "text": "CHANGES TO THIS PRIVACY POLICY",
                "type": "h2"
            }
        ],
        "passage": "We reserve the right to modify this privacy policy at any time, so please review it frequently. Changes and clarifications will take effect immediately upon their posting on the website. If we make material changes to this policy, we will notify you here that it has been updated, so that you are aware of what information we collect, how we use it, and under what circumstances, if any, we use and/or disclose it.",
        "annotations": []
    },
    {
        "type": "headline",
        "context": [
            {
                "text": "Privacy Policy",
                "type": "h1"
            },
            {
                "text": "CHANGES TO THIS PRIVACY POLICY",
                "type": "h2"
            }
        ],
        "passage": "QUESTIONS AND CONTACT INFORMATION",
        "annotations": []
    },
    {
        "type": "text",
        "context": [
            {
                "text": "Privacy Policy",
                "type": "h1"
            },
            {
                "text": "QUESTIONS AND CONTACT INFORMATION",
                "type": "h2"
            }
        ],
        "passage": "If you would like to: access, correct, amend or delete any personal information we have about you, register a complaint, or simply want more information contact our Privacy Compliance Officer at dev@baramjk.com",
        "annotations": [
            {
                "requirement": "Right to Access",
                "value": "access PLACEHOLDER any personal information we have about you",
                "performed": true
            },
            {
                "requirement": "Right to Rectification",
                "value": "correct PLACEHOLDER any personal information we have about you",
                "performed": true
            },
            {
                "requirement": "Right to Erasure",
                "value": "delete PLACEHOLDER any personal information we have about you",
                "performed": true
            },
            {
                "requirement": "Right to Lodge Complaint",
                "value": "register a complaint",
                "performed": true
            },
            {
                "requirement": "Controller Contact",
                "value": "dev@baramjk.com",
                "performed": true
            }
        ]
    },
    {
        "type": "headline",
        "context": [
            {
                "text": "Privacy Policy",
                "type": "h1"
            },
            {
                "text": "QUESTIONS AND CONTACT INFORMATION",
                "type": "h2"
            }
        ],
        "passage": "You can return the order if there is any damage upon receeiving the product.",
        "annotations": []
    }
]