[
    {
        "type": "headline",
        "context": [],
        "passage": "privacy policy",
        "annotations": []
    },
    {
        "type": "text",
        "context": [
            {
                "text": "privacy policy",
                "type": "h1"
            }
        ],
        "passage": "Al-Raana built the Craft & Build of Craftsman World app as a Free app. This SERVICE is provided by Al-Raana at no cost and is intended for use as is.",
        "annotations": [
            {
                "requirement": "Controller Name",
                "value": "Al-Raana",
                "performed": true
            }
        ]
    },
    {
        "type": "text",
        "context": [
            {
                "text": "privacy policy",
                "type": "h1"
            }
        ],
        "passage": "This page is used to inform visitors regarding my policies with the collection, use, and disclosure of Personal Information if anyone decided to use my Service.",
        "annotations": []
    },
    {
        "type": "text",
        "context": [
            {
                "text": "privacy policy",
                "type": "h1"
            }
        ],
        "passage": "If you choose to use my Service, then you agree to the collection and use of information in relation to this policy. The Personal Information that I collect is used for providing and improving the Service. I will not use or share your information with anyone except as described in this Privacy Policy.",
        "annotations": [
            {
                "requirement": "Processing Purpose",
                "value": "providing [...] the Service",
                "performed": true
            },
            {
                "requirement": "Processing Purpose",
                "value": "improving the Service",
                "performed": true
            }
        ]
    },
    {
        "type": "text",
        "context": [
            {
                "text": "privacy policy",
                "type": "h1"
            }
        ],
        "passage": "The terms used in this Privacy Policy have the same meanings as in our Terms and Conditions, which are accessible at Craftsman World Build Craft unless otherwise defined in this Privacy Policy.",
        "annotations": []
    },
    {
        "type": "headline",
        "context": [
            {
                "text": "privacy policy",
                "type": "h1"
            }
        ],
        "passage": "General Data Protection Regulation (GDPR)",
        "annotations": []
    },
    {
        "type": "text",
        "context": [
            {
                "text": "privacy policy",
                "type": "h1"
            },
            {
                "text": "General Data Protection Regulation (GDPR)",
                "type": "h2"
            }
        ],
        "passage": "We are a Data Controller of your information.",
        "annotations": []
    },
    {
        "type": "text",
        "context": [
            {
                "text": "privacy policy",
                "type": "h1"
            },
            {
                "text": "General Data Protection Regulation (GDPR)",
                "type": "h2"
            }
        ],
        "passage": "Al-Raana legal basis for collecting and using the personal information described in this Privacy Policy depends on the Personal Information we collect and the specific context in which we collect the information:",
        "annotations": [
            {
                "requirement": "Controller Name",
                "value": "Al-Raana",
                "performed": true
            }
        ]
    },
    {
        "type": "list_item",
        "context": [
            {
                "text": "privacy policy",
                "type": "h1"
            },
            {
                "text": "General Data Protection Regulation (GDPR)",
                "type": "h2"
            },
            {
                "text": "Al-Raana legal basis for collecting and using the personal information described in this Privacy Policy depends on the Personal Information we collect and the specific context in which we collect the information:",
                "type": "list_intro"
            }
        ],
        "passage": "\u00b7 Al-Raana needs to perform a contract with you",
        "annotations": [
            {
                "requirement": "Legal Basis for Processing",
                "value": "perform a contract with you",
                "performed": true
            }
        ]
    },
    {
        "type": "list_item",
        "context": [
            {
                "text": "privacy policy",
                "type": "h1"
            },
            {
                "text": "General Data Protection Regulation (GDPR)",
                "type": "h2"
            },
            {
                "text": "Al-Raana legal basis for collecting and using the personal information described in this Privacy Policy depends on the Personal Information we collect and the specific context in which we collect the information:",
                "type": "list_intro"
            }
        ],
        "passage": "\u00b7 You have given Al-Raana permission to do so",
        "annotations": [
            {
                "requirement": "Legal Basis for Processing",
                "value": "You have given Al-Raana permission to do so",
                "performed": true
            }
        ]
    },
    {
        "type": "list_item",
        "context": [
            {
                "text": "privacy policy",
                "type": "h1"
            },
            {
                "text": "General Data Protection Regulation (GDPR)",
                "type": "h2"
            },
            {
                "text": "Al-Raana legal basis for collecting and using the personal information described in this Privacy Policy depends on the Personal Information we collect and the specific context in which we collect the information:",
                "type": "list_intro"
            }
        ],
        "passage": "\u00b7 Processing your personal information is in Al-Raana legitimate interests",
        "annotations": [
            {
                "requirement": "Legal Basis for Processing",
                "value": "legitimate interests",
                "performed": true
            },
            {
                "requirement": "Controller Name",
                "value": "Al-Raana",
                "performed": true
            }
        ]
    },
    {
        "type": "list_item",
        "context": [
            {
                "text": "privacy policy",
                "type": "h1"
            },
            {
                "text": "General Data Protection Regulation (GDPR)",
                "type": "h2"
            },
            {
                "text": "Al-Raana legal basis for collecting and using the personal information described in this Privacy Policy depends on the Personal Information we collect and the specific context in which we collect the information:",
                "type": "list_intro"
            }
        ],
        "passage": "\u00b7 Al-Raana needs to comply with the law",
        "annotations": [
            {
                "requirement": "Legal Basis for Processing",
                "value": "Al-Raana needs to comply with the law",
                "performed": true
            }
        ]
    },
    {
        "type": "text",
        "context": [
            {
                "text": "privacy policy",
                "type": "h1"
            },
            {
                "text": "General Data Protection Regulation (GDPR)",
                "type": "h2"
            }
        ],
        "passage": "Al-Raana will retain your personal information only for as long as is necessary for the purposes set out in this Privacy Policy. We will retain and use your information to the extent necessary to comply with our legal obligations, resolve disputes, and enforce our policies.",
        "annotations": [
            {
                "requirement": "Data Retention Period",
                "value": "only for as long as is necessary for the purposes set out in this Privacy Policy",
                "performed": true
            },
            {
                "requirement": "Processing Purpose",
                "value": "to comply with our legal obligations",
                "performed": true
            },
            {
                "requirement": "Processing Purpose",
                "value": "resolve disputes",
                "performed": true
            },
            {
                "requirement": "Processing Purpose",
                "value": "enforce our policies",
                "performed": true
            }
        ]
    },
    {
        "type": "text",
        "context": [
            {
                "text": "privacy policy",
                "type": "h1"
            },
            {
                "text": "General Data Protection Regulation (GDPR)",
                "type": "h2"
            }
        ],
        "passage": "If you are a resident of the European Economic Area (EEA), you have certain data protection rights. If you wish to be informed what Personal Information we hold about you and if you want it to be removed from our systems, please contact us.",
        "annotations": [
            {
                "requirement": "Right to Access",
                "value": "If you wish to be informed what Personal Information we hold about you",
                "performed": true
            },
            {
                "requirement": "Right to Erasure",
                "value": "if you want it to be removed from our systems",
                "performed": true
            }
        ]
    },
    {
        "type": "text",
        "context": [
            {
                "text": "privacy policy",
                "type": "h1"
            },
            {
                "text": "General Data Protection Regulation (GDPR)",
                "type": "h2"
            }
        ],
        "passage": "In certain circumstances, you have the following data protection rights:",
        "annotations": []
    },
    {
        "type": "list_item",
        "context": [
            {
                "text": "privacy policy",
                "type": "h1"
            },
            {
                "text": "General Data Protection Regulation (GDPR)",
                "type": "h2"
            },
            {
                "text": "In certain circumstances, you have the following data protection rights:",
                "type": "list_intro"
            }
        ],
        "passage": "\u00b7 The right to access, update or to delete the information we have on you.",
        "annotations": [
            {
                "requirement": "Right to Access",
                "value": "The right to access [...] the information we have on you",
                "performed": true
            },
            {
                "requirement": "Right to Rectification",
                "value": "update [...] the information we have on you",
                "performed": true
            },
            {
                "requirement": "Right to Erasure",
                "value": "to delete the information we have on you",
                "performed": true
            }
        ]
    },
    {
        "type": "list_item",
        "context": [
            {
                "text": "privacy policy",
                "type": "h1"
            },
            {
                "text": "General Data Protection Regulation (GDPR)",
                "type": "h2"
            },
            {
                "text": "In certain circumstances, you have the following data protection rights:",
                "type": "list_intro"
            }
        ],
        "passage": "\u00b7 The right of rectification.",
        "annotations": [
            {
                "requirement": "Right to Rectification",
                "value": "The right of rectification",
                "performed": true
            }
        ]
    },
    {
        "type": "list_item",
        "context": [
            {
                "text": "privacy policy",
                "type": "h1"
            },
            {
                "text": "General Data Protection Regulation (GDPR)",
                "type": "h2"
            },
            {
                "text": "In certain circumstances, you have the following data protection rights:",
                "type": "list_intro"
            }
        ],
        "passage": "\u00b7 The right to object.",
        "annotations": [
            {
                "requirement": "Right to Object",
                "value": "The right to object",
                "performed": true
            }
        ]
    },
    {
        "type": "list_item",
        "context": [
            {
                "text": "privacy policy",
                "type": "h1"
            },
            {
                "text": "General Data Protection Regulation (GDPR)",
                "type": "h2"
            },
            {
                "text": "In certain circumstances, you have the following data protection rights:",
                "type": "list_intro"
            }
        ],
        "passage": "\u00b7 The right of restriction.",
        "annotations": [
            {
                "requirement": "Right to Restrict",
                "value": "The right of restriction",
                "performed": true
            }
        ]
    },
    {
        "type": "list_item",
        "context": [
            {
                "text": "privacy policy",
                "type": "h1"
            },
            {
                "text": "General Data Protection Regulation (GDPR)",
                "type": "h2"
            },
            {
                "text": "In certain circumstances, you have the following data protection rights:",
                "type": "list_intro"
            }
        ],
        "passage": "\u00b7 The right to data portability",
        "annotations": [
            {
                "requirement": "Right to Portability",
                "value": "The right to data portability",
                "performed": true
            }
        ]
    },
    {
        "type": "list_item",
        "context": [
            {
                "text": "privacy policy",
                "type": "h1"
            },
            {
                "text": "General Data Protection Regulation (GDPR)",
                "type": "h2"
            },
            {
                "text": "In certain circumstances, you have the following data protection rights:",
                "type": "list_intro"
            }
        ],
        "passage": "\u00b7 The right to withdraw consent",
        "annotations": [
            {
                "requirement": "Right to Withdraw Consent",
                "value": "right to withdraw consent",
                "performed": true
            }
        ]
    },
    {
        "type": "headline",
        "context": [
            {
                "text": "privacy policy",
                "type": "h1"
            },
            {
                "text": "General Data Protection Regulation (GDPR)",
                "type": "h2"
            }
        ],
        "passage": "Information Collection and Use",
        "annotations": []
    },
    {
        "type": "text",
        "context": [
            {
                "text": "privacy policy",
                "type": "h1"
            },
            {
                "text": "Information Collection and Use",
                "type": "h2"
            }
        ],
        "passage": "For a better experience, while using our Service, I may require you to provide us with certain personally identifiable information. The information that I request will be retained on your device and is not collected by me in any way.",
        "annotations": []
    },
    {
        "type": "text",
        "context": [
            {
                "text": "privacy policy",
                "type": "h1"
            },
            {
                "text": "Information Collection and Use",
                "type": "h2"
            }
        ],
        "passage": "The app does use third-party services that may collect information used to identify you.",
        "annotations": [
            {
                "requirement": "Data Recipients",
                "value": "third-party services",
                "performed": true
            },
            {
                "requirement": "Data Categories",
                "value": "information used to identify you",
                "performed": true
            }
        ]
    },
    {
        "type": "text",
        "context": [
            {
                "text": "privacy policy",
                "type": "h1"
            },
            {
                "text": "Information Collection and Use",
                "type": "h2"
            }
        ],
        "passage": "Link to the privacy policy of third-party service providers used by the app",
        "annotations": [
            {
                "requirement": "Data Recipients",
                "value": "third-party service providers",
                "performed": true
            }
        ]
    },
    {
        "type": "list_item",
        "context": [
            {
                "text": "privacy policy",
                "type": "h1"
            },
            {
                "text": "Information Collection and Use",
                "type": "h2"
            },
            {
                "text": "Link to the privacy policy of third-party service providers used by the app",
                "type": "list_intro"
            }
        ],
        "passage": "Google Play Services",
        "annotations": [
            {
                "requirement": "Data Recipients",
                "value": "Google Play Services",
                "performed": true
            }
        ]
    },
    {
        "type": "list_item",
        "context": [
            {
                "text": "privacy policy",
                "type": "h1"
            },
            {
                "text": "Information Collection and Use",
                "type": "h2"
            },
            {
                "text": "Link to the privacy policy of third-party service providers used by the app",
                "type": "list_intro"
            }
        ],
        "passage": "AdMob",
        "annotations": [
            {
                "requirement": "Data Recipients",
                "value": "AdMob",
                "performed": true
            }
        ]
    },
    {
        "type": "headline",
        "context": [
            {
                "text": "privacy policy",
                "type": "h1"
            },
            {
                "text": "Information Collection and Use",
                "type": "h2"
            }
        ],
        "passage": "Log Data",
        "annotations": []
    },
    {
        "type": "text",
        "context": [
            {
                "text": "privacy policy",
                "type": "h1"
            },
            {
                "text": "Log Data",
                "type": "h2"
            }
        ],
        "passage": "I want to inform you that whenever you use my Service, in a case of an error in the app I collect data and information (through third-party products) on your phone called Log Data. This Log Data may include information such as your device Internet Protocol (\u201cIP\u201d) address, device name, operating system version, the configuration of the app when utilizing my Service, the time and date of your use of the Service, and other statistics.",
        "annotations": [
            {
                "requirement": "Data Categories",
                "value": "your device Internet Protocol (\\",
                "performed": true
            },
            {
                "requirement": "Data Categories",
                "value": "device name",
                "performed": true
            },
            {
                "requirement": "Data Categories",
                "value": "operating system version",
                "performed": true
            },
            {
                "requirement": "Data Categories",
                "value": "the configuration of the app when utilizing my Service",
                "performed": true
            },
            {
                "requirement": "Data Categories",
                "value": "the time and date of your use of the Service",
                "performed": true
            },
            {
                "requirement": "Data Categories",
                "value": "other statistics",
                "performed": true
            }
        ]
    },
    {
        "type": "headline",
        "context": [
            {
                "text": "privacy policy",
                "type": "h1"
            },
            {
                "text": "Log Data",
                "type": "h2"
            }
        ],
        "passage": "Cookies",
        "annotations": []
    },
    {
        "type": "text",
        "context": [
            {
                "text": "privacy policy",
                "type": "h1"
            },
            {
                "text": "Cookies",
                "type": "h2"
            }
        ],
        "passage": "Cookies are files with a small amount of data that are commonly used as anonymous unique identifiers. These are sent to your browser from the websites that you visit and are stored on your device's internal memory.",
        "annotations": []
    },
    {
        "type": "text",
        "context": [
            {
                "text": "privacy policy",
                "type": "h1"
            },
            {
                "text": "Cookies",
                "type": "h2"
            }
        ],
        "passage": "This Service does not use these \u201ccookies\u201d explicitly. However, the app may use third-party code and libraries that use \u201ccookies\u201d to collect information and improve their services. You have the option to either accept or refuse these cookies and know when a cookie is being sent to your device. If you choose to refuse our cookies, you may not be able to use some portions of this Service.",
        "annotations": [
            {
                "requirement": "Right to Object",
                "value": "You have the option to [...] refuse these cookies",
                "performed": true
            }
        ]
    },
    {
        "type": "headline",
        "context": [
            {
                "text": "privacy policy",
                "type": "h1"
            },
            {
                "text": "Cookies",
                "type": "h2"
            }
        ],
        "passage": "Service Providers",
        "annotations": []
    },
    {
        "type": "text",
        "context": [
            {
                "text": "privacy policy",
                "type": "h1"
            },
            {
                "text": "Service Providers",
                "type": "h2"
            }
        ],
        "passage": "I may employ third-party companies and individuals due to the following reasons:",
        "annotations": [
            {
                "requirement": "Data Recipients",
                "value": "third-party companies and individuals",
                "performed": true
            }
        ]
    },
    {
        "type": "list_item",
        "context": [
            {
                "text": "privacy policy",
                "type": "h1"
            },
            {
                "text": "Service Providers",
                "type": "h2"
            },
            {
                "text": "I may employ third-party companies and individuals due to the following reasons:",
                "type": "list_intro"
            }
        ],
        "passage": "To facilitate our Service;",
        "annotations": [
            {
                "requirement": "Processing Purpose",
                "value": "facilitate our Service",
                "performed": true
            }
        ]
    },
    {
        "type": "list_item",
        "context": [
            {
                "text": "privacy policy",
                "type": "h1"
            },
            {
                "text": "Service Providers",
                "type": "h2"
            },
            {
                "text": "I may employ third-party companies and individuals due to the following reasons:",
                "type": "list_intro"
            }
        ],
        "passage": "To provide the Service on our behalf;",
        "annotations": [
            {
                "requirement": "Data Recipients",
                "value": "third-party companies and individuals",
                "performed": true
            },
            {
                "requirement": "Processing Purpose",
                "value": "provide the Service on our behalf",
                "performed": true
            }
        ]
    },
    {
        "type": "list_item",
        "context": [
            {
                "text": "privacy policy",
                "type": "h1"
            },
            {
                "text": "Service Providers",
                "type": "h2"
            },
            {
                "text": "I may employ third-party companies and individuals due to the following reasons:",
                "type": "list_intro"
            }
        ],
        "passage": "To perform Service-related services; or",
        "annotations": [
            {
                "requirement": "Processing Purpose",
                "value": "perform Service-related services",
                "performed": true
            }
        ]
    },
    {
        "type": "list_item",
        "context": [
            {
                "text": "privacy policy",
                "type": "h1"
            },
            {
                "text": "Service Providers",
                "type": "h2"
            },
            {
                "text": "I may employ third-party companies and individuals due to the following reasons:",
                "type": "list_intro"
            }
        ],
        "passage": "To assist us in analyzing how our Service is used.",
        "annotations": [
            {
                "requirement": "Processing Purpose",
                "value": "analyzing how our Service is used",
                "performed": true
            },
            {
                "requirement": "Data Recipients",
                "value": "third-party companies and individuals",
                "performed": true
            }
        ]
    },
    {
        "type": "text",
        "context": [
            {
                "text": "privacy policy",
                "type": "h1"
            },
            {
                "text": "Service Providers",
                "type": "h2"
            }
        ],
        "passage": "I want to inform users of this Service that these third parties have access to their Personal Information. The reason is to perform the tasks assigned to them on our behalf. However, they are obligated not to disclose or use the information for any other purpose.",
        "annotations": [
            {
                "requirement": "Processing Purpose",
                "value": "perform the tasks assigned to them on our behalf",
                "performed": true
            }
        ]
    },
    {
        "type": "headline",
        "context": [
            {
                "text": "privacy policy",
                "type": "h1"
            },
            {
                "text": "Service Providers",
                "type": "h2"
            }
        ],
        "passage": "Security",
        "annotations": []
    },
    {
        "type": "text",
        "context": [
            {
                "text": "privacy policy",
                "type": "h1"
            },
            {
                "text": "Security",
                "type": "h2"
            }
        ],
        "passage": "I value your trust in providing us your Personal Information, thus we are striving to use commercially acceptable means of protecting it. But remember that no method of transmission over the internet, or method of electronic storage is 100% secure and reliable, and I cannot guarantee its absolute security.",
        "annotations": []
    },
    {
        "type": "headline",
        "context": [
            {
                "text": "privacy policy",
                "type": "h1"
            },
            {
                "text": "Security",
                "type": "h2"
            }
        ],
        "passage": "Links to Other Sites",
        "annotations": []
    },
    {
        "type": "text",
        "context": [
            {
                "text": "privacy policy",
                "type": "h1"
            },
            {
                "text": "Links to Other Sites",
                "type": "h2"
            }
        ],
        "passage": "This Service may contain links to other sites. If you click on a third-party link, you will be directed to that site. Note that these external sites are not operated by me. Therefore, I strongly advise you to review the Privacy Policy of these websites. I have no control over and assume no responsibility for the content, privacy policies, or practices of any third-party sites or services.",
        "annotations": []
    },
    {
        "type": "headline",
        "context": [
            {
                "text": "privacy policy",
                "type": "h1"
            },
            {
                "text": "Links to Other Sites",
                "type": "h2"
            }
        ],
        "passage": "Children\u2019s Privacy",
        "annotations": []
    },
    {
        "type": "text",
        "context": [
            {
                "text": "privacy policy",
                "type": "h1"
            },
            {
                "text": "Children\u2019s Privacy",
                "type": "h2"
            }
        ],
        "passage": "These Services do not address anyone under the age of 13. I do not knowingly collect personally identifiable information from children under 13 years of age. In the case I discover that a child under 13 has provided me with personal information, I immediately delete this from our servers. If you are a parent or guardian and you are aware that your child has provided us with personal information, please contact me so that I will be able to do the necessary actions.",
        "annotations": []
    },
    {
        "type": "headline",
        "context": [
            {
                "text": "privacy policy",
                "type": "h1"
            },
            {
                "text": "Children\u2019s Privacy",
                "type": "h2"
            }
        ],
        "passage": "Changes to This Privacy Policy",
        "annotations": []
    },
    {
        "type": "text",
        "context": [
            {
                "text": "privacy policy",
                "type": "h1"
            },
            {
                "text": "Changes to This Privacy Policy",
                "type": "h2"
            }
        ],
        "passage": "I may update our Privacy Policy from time to time. Thus, you are advised to review this page periodically for any changes. I will notify you of any changes by posting the new Privacy Policy on this page.",
        "annotations": []
    },
    {
        "type": "headline",
        "context": [
            {
                "text": "privacy policy",
                "type": "h1"
            },
            {
                "text": "Changes to This Privacy Policy",
                "type": "h2"
            }
        ],
        "passage": "Contact Us",
        "annotations": []
    },
    {
        "type": "text",
        "context": [
            {
                "text": "privacy policy",
                "type": "h1"
            },
            {
                "text": "Contact Us",
                "type": "h2"
            }
        ],
        "passage": "If you have any questions or suggestions about my Privacy Policy, do not hesitate to contact me at zayndroid.app@yahoo.com.",
        "annotations": [
            {
                "requirement": "Controller Contact",
                "value": "zayndroid.app@yahoo.com",
                "performed": true
            }
        ]
    }
]