[
    {
        "type": "headline",
        "context": [],
        "passage": "Privacy Policy",
        "annotations": []
    },
    {
        "type": "text",
        "context": [
            {
                "text": "Privacy Policy",
                "type": "h1"
            }
        ],
        "passage": "My app (Fat Finger) does not knowingly collect any personal information from users. I respect your privacy and do not require you to provide any personal information such as your name, email address, or device information to use my app.",
        "annotations": [
            {
                "requirement": "Data Categories",
                "value": "your name",
                "performed": true
            },
            {
                "requirement": "Data Categories",
                "value": "your [...] email address",
                "performed": true
            },
            {
                "requirement": "Data Categories",
                "value": "your [...] device information",
                "performed": true
            },
            {
                "requirement": "Controller Name",
                "value": "Fat Finger",
                "performed": true
            }
        ]
    },
    {
        "type": "text",
        "context": [
            {
                "text": "Privacy Policy",
                "type": "h1"
            },
            {
                "text": "My app (Fat Finger) does not knowingly collect any personal information from users. I respect your privacy and do not require you to provide any personal information such as your name, email address, or device information to use my app.",
                "type": "list_intro"
            }
        ],
        "passage": "Children's Privacy",
        "annotations": []
    },
    {
        "type": "text",
        "context": [
            {
                "text": "Privacy Policy",
                "type": "h1"
            },
            {
                "text": "My app (Fat Finger) does not knowingly collect any personal information from users. I respect your privacy and do not require you to provide any personal information such as your name, email address, or device information to use my app.",
                "type": "list_intro"
            }
        ],
        "passage": "My app is designed to be used by individuals of all ages. I do not knowingly collect personal information from children under the age of 13. If I become aware that I have collected personal information from a child under the age of 13, I will take steps to delete the information as soon as possible.",
        "annotations": []
    },
    {
        "type": "text",
        "context": [
            {
                "text": "Privacy Policy",
                "type": "h1"
            },
            {
                "text": "My app (Fat Finger) does not knowingly collect any personal information from users. I respect your privacy and do not require you to provide any personal information such as your name, email address, or device information to use my app.",
                "type": "list_intro"
            }
        ],
        "passage": "Changes to Privacy Policy",
        "annotations": []
    },
    {
        "type": "text",
        "context": [
            {
                "text": "Privacy Policy",
                "type": "h1"
            },
            {
                "text": "My app (Fat Finger) does not knowingly collect any personal information from users. I respect your privacy and do not require you to provide any personal information such as your name, email address, or device information to use my app.",
                "type": "list_intro"
            }
        ],
        "passage": "I reserve the right to modify or update this Privacy Policy at any time. I will notify you of any changes to the Privacy Policy by posting the updated policy on the app's page and on google play store listing.",
        "annotations": []
    },
    {
        "type": "text",
        "context": [
            {
                "text": "Privacy Policy",
                "type": "h1"
            },
            {
                "text": "My app (Fat Finger) does not knowingly collect any personal information from users. I respect your privacy and do not require you to provide any personal information such as your name, email address, or device information to use my app.",
                "type": "list_intro"
            }
        ],
        "passage": "Contact the developer",
        "annotations": []
    },
    {
        "type": "text",
        "context": [
            {
                "text": "Privacy Policy",
                "type": "h1"
            },
            {
                "text": "My app (Fat Finger) does not knowingly collect any personal information from users. I respect your privacy and do not require you to provide any personal information such as your name, email address, or device information to use my app.",
                "type": "list_intro"
            }
        ],
        "passage": "If you have any questions or concerns about the Privacy Policy, my contact details are displayed on google play store.",
        "annotations": []
    },
    {
        "type": "text",
        "context": [
            {
                "text": "Privacy Policy",
                "type": "h1"
            }
        ],
        "passage": "By using the app, you consent to my collection, use, and disclosure of your personal information as described in this Privacy Policy.",
        "annotations": [
            {
                "requirement": "Legal Basis for Processing",
                "value": "consent",
                "performed": true
            }
        ]
    }
]