[
    {
        "type": "headline",
        "context": [],
        "passage": "Who we are",
        "annotations": []
    },
    {
        "type": "text",
        "context": [
            {
                "text": "Who we are",
                "type": "h2"
            }
        ],
        "passage": "Suggested text: Our website address is: https://ghanabar.org.",
        "annotations": [
            {
                "requirement": "Controller Name",
                "value": "Our website address",
                "performed": true
            }
        ]
    },
    {
        "type": "headline",
        "context": [
            {
                "text": "Who we are",
                "type": "h2"
            }
        ],
        "passage": "Comments",
        "annotations": []
    },
    {
        "type": "text",
        "context": [
            {
                "text": "Comments",
                "type": "h2"
            }
        ],
        "passage": "Suggested text: When visitors leave comments on the site we collect the data shown in the comments form, and also the visitor\u2019s IP address and browser user agent string to help spam detection.",
        "annotations": [
            {
                "requirement": "Data Categories",
                "value": "visitor\u2019s IP address",
                "performed": true
            },
            {
                "requirement": "Data Categories",
                "value": "browser user agent string",
                "performed": true
            },
            {
                "requirement": "Processing Purpose",
                "value": "help spam detection",
                "performed": true
            }
        ]
    },
    {
        "type": "text",
        "context": [
            {
                "text": "Comments",
                "type": "h2"
            }
        ],
        "passage": "An anonymized string created from your email address (also called a hash) may be provided to the Gravatar service to see if you are using it. The Gravatar service privacy policy is available here: https://automattic.com/privacy/. After approval of your comment, your profile picture is visible to the public in the context of your comment.",
        "annotations": [
            {
                "requirement": "Data Categories",
                "value": "your email address",
                "performed": true
            },
            {
                "requirement": "Data Recipients",
                "value": "Gravatar service",
                "performed": true
            }
        ]
    },
    {
        "type": "headline",
        "context": [
            {
                "text": "Comments",
                "type": "h2"
            }
        ],
        "passage": "Media",
        "annotations": []
    },
    {
        "type": "text",
        "context": [
            {
                "text": "Media",
                "type": "h2"
            }
        ],
        "passage": "Suggested text: If you upload images to the website, you should avoid uploading images with embedded location data (EXIF GPS) included. Visitors to the website can download and extract any location data from images on the website.",
        "annotations": []
    },
    {
        "type": "headline",
        "context": [
            {
                "text": "Media",
                "type": "h2"
            }
        ],
        "passage": "Cookies",
        "annotations": []
    },
    {
        "type": "text",
        "context": [
            {
                "text": "Cookies",
                "type": "h2"
            }
        ],
        "passage": "Suggested text: If you leave a comment on our site you may opt-in to saving your name, email address and website in cookies. These are for your convenience so that you do not have to fill in your details again when you leave another comment. These cookies will last for one year.",
        "annotations": [
            {
                "requirement": "Data Categories",
                "value": "your name",
                "performed": true
            },
            {
                "requirement": "Data Categories",
                "value": "email address",
                "performed": true
            },
            {
                "requirement": "Data Categories",
                "value": "website",
                "performed": true
            },
            {
                "requirement": "Data Retention Period",
                "value": "for one year",
                "performed": true
            }
        ]
    },
    {
        "type": "text",
        "context": [
            {
                "text": "Cookies",
                "type": "h2"
            }
        ],
        "passage": "If you visit our login page, we will set a temporary cookie to determine if your browser accepts cookies. This cookie contains no personal data and is discarded when you close your browser.",
        "annotations": []
    },
    {
        "type": "text",
        "context": [
            {
                "text": "Cookies",
                "type": "h2"
            }
        ],
        "passage": "When you log in, we will also set up several cookies to save your login information and your screen display choices. Login cookies last for two days, and screen options cookies last for a year. If you select \"Remember Me\", your login will persist for two weeks. If you log out of your account, the login cookies will be removed.",
        "annotations": [
            {
                "requirement": "Data Retention Period",
                "value": "two days",
                "performed": true
            },
            {
                "requirement": "Data Retention Period",
                "value": "a year",
                "performed": true
            },
            {
                "requirement": "Data Retention Period",
                "value": "two weeks",
                "performed": true
            }
        ]
    },
    {
        "type": "text",
        "context": [
            {
                "text": "Cookies",
                "type": "h2"
            }
        ],
        "passage": "If you edit or publish an article, an additional cookie will be saved in your browser. This cookie includes no personal data and simply indicates the post ID of the article you just edited. It expires after 1 day.",
        "annotations": [
            {
                "requirement": "Data Categories",
                "value": "post ID of the article you just edited",
                "performed": true
            },
            {
                "requirement": "Data Retention Period",
                "value": "1 day",
                "performed": true
            }
        ]
    },
    {
        "type": "headline",
        "context": [
            {
                "text": "Cookies",
                "type": "h2"
            }
        ],
        "passage": "Embedded content from other websites",
        "annotations": []
    },
    {
        "type": "text",
        "context": [
            {
                "text": "Embedded content from other websites",
                "type": "h2"
            }
        ],
        "passage": "Suggested text: Articles on this site may include embedded content (e.g. videos, images, articles, etc.). Embedded content from other websites behaves in the exact same way as if the visitor has visited the other website.",
        "annotations": []
    },
    {
        "type": "text",
        "context": [
            {
                "text": "Embedded content from other websites",
                "type": "h2"
            }
        ],
        "passage": "These websites may collect data about you, use cookies, embed additional third-party tracking, and monitor your interaction with that embedded content, including tracking your interaction with the embedded content if you have an account and are logged in to that website.",
        "annotations": [
            {
                "requirement": "Data Categories",
                "value": "data about you",
                "performed": true
            },
            {
                "requirement": "Data Categories",
                "value": "cookies",
                "performed": true
            },
            {
                "requirement": "Data Categories",
                "value": "third-party tracking",
                "performed": true
            },
            {
                "requirement": "Data Categories",
                "value": "your interaction with PLACEHOLDER embedded content",
                "performed": true
            }
        ]
    },
    {
        "type": "headline",
        "context": [
            {
                "text": "Embedded content from other websites",
                "type": "h2"
            }
        ],
        "passage": "Who we share your data with",
        "annotations": []
    },
    {
        "type": "text",
        "context": [
            {
                "text": "Who we share your data with",
                "type": "h2"
            }
        ],
        "passage": "Suggested text: If you request a password reset, your IP address will be included in the reset email.",
        "annotations": [
            {
                "requirement": "Data Categories",
                "value": "IP address",
                "performed": true
            },
            {
                "requirement": "Processing Purpose",
                "value": "included in the reset email",
                "performed": true
            }
        ]
    },
    {
        "type": "headline",
        "context": [
            {
                "text": "Who we share your data with",
                "type": "h2"
            }
        ],
        "passage": "How long we retain your data",
        "annotations": []
    },
    {
        "type": "text",
        "context": [
            {
                "text": "How long we retain your data",
                "type": "h2"
            }
        ],
        "passage": "Suggested text: If you leave a comment, the comment and its metadata are retained indefinitely. This is so we can recognize and approve any follow-up comments automatically instead of holding them in a moderation queue.",
        "annotations": [
            {
                "requirement": "Data Retention Period",
                "value": "the comment and its metadata are retained indefinitely",
                "performed": true
            },
            {
                "requirement": "Processing Purpose",
                "value": "recognize and approve any follow-up comments automatically",
                "performed": true
            }
        ]
    },
    {
        "type": "text",
        "context": [
            {
                "text": "How long we retain your data",
                "type": "h2"
            }
        ],
        "passage": "For users that register on our website (if any), we also store the personal information they provide in their user profile. All users can see, edit, or delete their personal information at any time (except they cannot change their username). Website administrators can also see and edit that information.",
        "annotations": [
            {
                "requirement": "Right to Access",
                "value": "All users can see PLACEHOLDER their personal information",
                "performed": true
            },
            {
                "requirement": "Right to Rectification",
                "value": "edit PLACEHOLDER their personal information",
                "performed": true
            },
            {
                "requirement": "Right to Erasure",
                "value": "delete their personal information at any time",
                "performed": true
            }
        ]
    },
    {
        "type": "headline",
        "context": [
            {
                "text": "How long we retain your data",
                "type": "h2"
            }
        ],
        "passage": "What rights you have over your data",
        "annotations": []
    },
    {
        "type": "text",
        "context": [
            {
                "text": "What rights you have over your data",
                "type": "h2"
            }
        ],
        "passage": "Suggested text: If you have an account on this site, or have left comments, you can request to receive an exported file of the personal data we hold about you, including any data you have provided to us. You can also request that we erase any personal data we hold about you. This does not include any data we are obliged to keep for administrative, legal, or security purposes.",
        "annotations": [
            {
                "requirement": "Right to Access",
                "value": "you can request to receive an exported file of the personal data we hold about you",
                "performed": true
            },
            {
                "requirement": "Right to Erasure",
                "value": "You can also request that we erase any personal data we hold about you",
                "performed": true
            }
        ]
    },
    {
        "type": "headline",
        "context": [
            {
                "text": "What rights you have over your data",
                "type": "h2"
            }
        ],
        "passage": "Where your data is sent",
        "annotations": []
    },
    {
        "type": "text",
        "context": [
            {
                "text": "Where your data is sent",
                "type": "h2"
            }
        ],
        "passage": "Suggested text: Visitor comments may be checked through an automated spam detection service.",
        "annotations": [
            {
                "requirement": "Automated Decision-Making",
                "value": "checked through an automated spam detection service",
                "performed": true
            }
        ]
    }
]