[
    {
        "type": "headline",
        "context": [],
        "passage": "Privacy Policy",
        "annotations": []
    },
    {
        "type": "headline",
        "context": [
            {
                "text": "Privacy Policy",
                "type": "h1"
            }
        ],
        "passage": "Overview",
        "annotations": []
    },
    {
        "type": "text",
        "context": [
            {
                "text": "Privacy Policy",
                "type": "h1"
            },
            {
                "text": "Overview",
                "type": "h2"
            }
        ],
        "passage": "FitnyTech (\u2018FitnyTech\u2019 or \u2018we\u2019) gives priority to the protection of your personal information/data and therefore, we have prepared this Privacy Policy to explain how we collect, use and share information that you may provide us with while using our mobile application/applications (\u2018App\u2019) or website. The purpose of this Privacy Policy is to explain the types of information we collect and how the information is used or shared. By accessing or using the services provided by FitnyTech, you understand and agree to the terms of this Privacy Policy and the use of information as described here.",
        "annotations": []
    },
    {
        "type": "headline",
        "context": [
            {
                "text": "Privacy Policy",
                "type": "h1"
            },
            {
                "text": "Overview",
                "type": "h2"
            }
        ],
        "passage": "Changes to Privacy Policy",
        "annotations": []
    },
    {
        "type": "text",
        "context": [
            {
                "text": "Privacy Policy",
                "type": "h1"
            },
            {
                "text": "Changes to Privacy Policy",
                "type": "h2"
            }
        ],
        "passage": "FitnyTech (\u2018FitnyTech\u2019 or \u2018we\u2019) gives priority to the protection of your personal information/data and therefore, we have prepared this Privacy Policy to explain how we collect, use and share information that you may provide us with while using our mobile application/applications (\u2018App\u2019) or website. The purpose of this Privacy Policy is to explain the types of information we collect and how the information is used or shared. By accessing or using the services provided by FitnyTech, you understand and agree to the terms of this Privacy Policy and the use of information as described here.",
        "annotations": [
            {
                "requirement": "Controller Name",
                "value": "FitnyTech",
                "performed": true
            }
        ]
    },
    {
        "type": "headline",
        "context": [
            {
                "text": "Privacy Policy",
                "type": "h1"
            },
            {
                "text": "Changes to Privacy Policy",
                "type": "h2"
            }
        ],
        "passage": "What information we collect",
        "annotations": []
    },
    {
        "type": "text",
        "context": [
            {
                "text": "Privacy Policy",
                "type": "h1"
            },
            {
                "text": "What information we collect",
                "type": "h2"
            }
        ],
        "passage": "We may collect certain user information, including personal data.",
        "annotations": []
    },
    {
        "type": "text",
        "context": [
            {
                "text": "Privacy Policy",
                "type": "h1"
            },
            {
                "text": "What information we collect",
                "type": "h2"
            }
        ],
        "passage": "Information You Provide To Us. We collect information you provide directly to us including when you use the FitnyTech Service. This information includes personal data. This personal data will be processed for the purposes described in this Privacy Notice, as it may be amended from time to time. For example, your personal data will be used to create or modify your profile and account, access and use the FitnyTech Service(including but not limited to when you play games, answer quiz cards, or use a mobile app), participate in any interactive features of the FitnyTech Service, submit a contact or consent form, participate in a survey, or request customer support.",
        "annotations": [
            {
                "requirement": "Data Categories",
                "value": "information you provide directly to us",
                "performed": true
            },
            {
                "requirement": "Processing Purpose",
                "value": "create [...] your profile",
                "performed": true
            },
            {
                "requirement": "Processing Purpose",
                "value": "modify your [...] account",
                "performed": true
            },
            {
                "requirement": "Processing Purpose",
                "value": "access [...] the FitnyTech Service",
                "performed": true
            },
            {
                "requirement": "Processing Purpose",
                "value": "use the FitnyTech Service",
                "performed": true
            },
            {
                "requirement": "Processing Purpose",
                "value": "play games",
                "performed": true
            },
            {
                "requirement": "Processing Purpose",
                "value": "answer quiz cards",
                "performed": true
            },
            {
                "requirement": "Processing Purpose",
                "value": "use a mobile app",
                "performed": true
            },
            {
                "requirement": "Processing Purpose",
                "value": "participate in [...] interactive features of the FitnyTech Service",
                "performed": true
            },
            {
                "requirement": "Processing Purpose",
                "value": "submit a contact [...] form",
                "performed": true
            },
            {
                "requirement": "Processing Purpose",
                "value": "submit a [...] consent form",
                "performed": true
            },
            {
                "requirement": "Processing Purpose",
                "value": "participate in a survey",
                "performed": true
            },
            {
                "requirement": "Processing Purpose",
                "value": "request customer support",
                "performed": true
            }
        ]
    },
    {
        "type": "text",
        "context": [
            {
                "text": "Privacy Policy",
                "type": "h1"
            },
            {
                "text": "What information we collect",
                "type": "h2"
            }
        ],
        "passage": "The personal data that we may collect directly from you includes your name, email address, phone number, information about your Product account preferences, transactional information (including services purchased or subscribed to and amount paid), as well as any contact or other information you choose to provide.",
        "annotations": [
            {
                "requirement": "Data Categories",
                "value": "your name",
                "performed": true
            },
            {
                "requirement": "Data Categories",
                "value": "email address",
                "performed": true
            },
            {
                "requirement": "Data Categories",
                "value": "phone number",
                "performed": true
            },
            {
                "requirement": "Data Categories",
                "value": "information about your Product account preferences",
                "performed": true
            },
            {
                "requirement": "Data Categories",
                "value": "transactional information (including services purchased or subscribed to and amount paid)",
                "performed": true
            },
            {
                "requirement": "Data Categories",
                "value": "contact [...] information you choose to provide",
                "performed": true
            }
        ]
    },
    {
        "type": "text",
        "context": [
            {
                "text": "Privacy Policy",
                "type": "h1"
            },
            {
                "text": "What information we collect",
                "type": "h2"
            }
        ],
        "passage": "If you are a member of a social media network, like Facebook, you may choose to use your social credentials to create and log into your FitnyTech account.",
        "annotations": [
            {
                "requirement": "Data Categories",
                "value": "your social credentials",
                "performed": true
            }
        ]
    },
    {
        "type": "text",
        "context": [
            {
                "text": "Privacy Policy",
                "type": "h1"
            },
            {
                "text": "What information we collect",
                "type": "h2"
            }
        ],
        "passage": "The personal data provided during payment is collected and processed by our payment processor (in most cases, Google, Stripe or Razorpay). FitnyTech does not save any personal financial information, including credit card numbers, expiration dates, security codes, or postal codes.",
        "annotations": [
            {
                "requirement": "Data Categories",
                "value": "personal data provided during payment",
                "performed": true
            },
            {
                "requirement": "Data Recipients",
                "value": "our payment processor",
                "performed": true
            },
            {
                "requirement": "Data Recipients",
                "value": "Google",
                "performed": true
            },
            {
                "requirement": "Data Recipients",
                "value": "Stripe",
                "performed": true
            },
            {
                "requirement": "Data Recipients",
                "value": "Razorpay",
                "performed": true
            },
            {
                "requirement": "Data Categories",
                "value": "credit card numbers",
                "performed": false
            },
            {
                "requirement": "Data Categories",
                "value": "expiration dates",
                "performed": false
            },
            {
                "requirement": "Data Categories",
                "value": "security codes",
                "performed": false
            },
            {
                "requirement": "Data Categories",
                "value": "postal codes",
                "performed": false
            },
            {
                "requirement": "Controller Name",
                "value": "FitnyTech",
                "performed": true
            }
        ]
    },
    {
        "type": "text",
        "context": [
            {
                "text": "Privacy Policy",
                "type": "h1"
            },
            {
                "text": "What information we collect",
                "type": "h2"
            }
        ],
        "passage": "Updating Your Information and Deactivating Your Account. If you need help accessing, modifying, or deactivating your account within the Product, please email contact@fitnytech.in. For users in the European Union (\u201cEU\u201d), please see the section below in this Privacy Notice titled \u201cEU User Rights.\u201d",
        "annotations": [
            {
                "requirement": "Controller Contact",
                "value": "contact@fitnytech.in",
                "performed": true
            },
            {
                "requirement": "Right to Access",
                "value": "accessing [...] your account",
                "performed": true
            },
            {
                "requirement": "Right to Rectification",
                "value": "modifying [...] your account",
                "performed": true
            },
            {
                "requirement": "Right to Erasure",
                "value": "deactivating your account",
                "performed": true
            }
        ]
    },
    {
        "type": "headline",
        "context": [
            {
                "text": "Privacy Policy",
                "type": "h1"
            },
            {
                "text": "What information we collect",
                "type": "h2"
            }
        ],
        "passage": "Information We Collect Automatically",
        "annotations": []
    },
    {
        "type": "text",
        "context": [
            {
                "text": "Privacy Policy",
                "type": "h1"
            },
            {
                "text": "What information we collect",
                "type": "h2"
            },
            {
                "text": "Information We Collect Automatically",
                "type": "h3"
            }
        ],
        "passage": "When You Use the FitnyTech Service. When you access or use the FitnyTech Service, we may automatically collect information, including personal data, about you, including:",
        "annotations": [
            {
                "requirement": "Controller Name",
                "value": "FitnyTech Service",
                "performed": true
            }
        ]
    },
    {
        "type": "list_item",
        "context": [
            {
                "text": "Privacy Policy",
                "type": "h1"
            },
            {
                "text": "What information we collect",
                "type": "h2"
            },
            {
                "text": "Information We Collect Automatically",
                "type": "h3"
            },
            {
                "text": "When You Use the FitnyTech Service. When you access or use the FitnyTech Service, we may automatically collect information, including personal data, about you, including:",
                "type": "list_intro"
            }
        ],
        "passage": "Usage, Log and Device Information: We collect information from your use of the FitnyTech Service, such as number of visits, length of time spent using or accessing our Products, IP address (which may allow us to collect general location data), pages clicked on within the product, device type, unique device identifier, device language, system time, operating system, browser type, browser language, the date and time of your visit. We collect information on user activity in connection with the FitnyTech Service and may collect information about the features you use, the content you access, and any actions taken in connection with your access and use of the FitnyTech Service.",
        "annotations": [
            {
                "requirement": "Data Categories",
                "value": "number of visits",
                "performed": true
            },
            {
                "requirement": "Data Categories",
                "value": "length of time spent using or accessing our Products",
                "performed": true
            },
            {
                "requirement": "Data Categories",
                "value": "IP address",
                "performed": true
            },
            {
                "requirement": "Data Categories",
                "value": "general location data",
                "performed": true
            },
            {
                "requirement": "Data Categories",
                "value": "pages clicked on within the product",
                "performed": true
            },
            {
                "requirement": "Data Categories",
                "value": "device type",
                "performed": true
            },
            {
                "requirement": "Data Categories",
                "value": "unique device identifier",
                "performed": true
            },
            {
                "requirement": "Data Categories",
                "value": "device language",
                "performed": true
            },
            {
                "requirement": "Data Categories",
                "value": "system time",
                "performed": true
            },
            {
                "requirement": "Data Categories",
                "value": "operating system",
                "performed": true
            },
            {
                "requirement": "Data Categories",
                "value": "browser type",
                "performed": true
            },
            {
                "requirement": "Data Categories",
                "value": "browser language",
                "performed": true
            },
            {
                "requirement": "Data Categories",
                "value": "the date and time of your visit",
                "performed": true
            },
            {
                "requirement": "Data Categories",
                "value": "user activity in connection with the FitnyTech Service",
                "performed": true
            },
            {
                "requirement": "Data Categories",
                "value": "features you use",
                "performed": true
            },
            {
                "requirement": "Data Categories",
                "value": "content you access",
                "performed": true
            },
            {
                "requirement": "Data Categories",
                "value": "any actions taken in connection with your access and use of the FitnyTech Service",
                "performed": true
            }
        ]
    },
    {
        "type": "list_item",
        "context": [
            {
                "text": "Privacy Policy",
                "type": "h1"
            },
            {
                "text": "What information we collect",
                "type": "h2"
            },
            {
                "text": "Information We Collect Automatically",
                "type": "h3"
            },
            {
                "text": "When You Use the FitnyTech Service. When you access or use the FitnyTech Service, we may automatically collect information, including personal data, about you, including:",
                "type": "list_intro"
            }
        ],
        "passage": "Information Collected by Cookies and Other Tracking Technologies: A cookie is a small file containing a string of characters that is sent to your computer when you visit a website. When you visit the website again, the cookie allows that site to recognise your browser. Cookies may store user preferences and other information. You can set your browser to refuse all cookies or to indicate when a cookie is being sent. However, some website features or services may not function properly without cookies.",
        "annotations": [
            {
                "requirement": "Data Categories",
                "value": "user preferences",
                "performed": true
            },
            {
                "requirement": "Data Categories",
                "value": "other information",
                "performed": true
            }
        ]
    },
    {
        "type": "text",
        "context": [
            {
                "text": "Privacy Policy",
                "type": "h1"
            },
            {
                "text": "What information we collect",
                "type": "h2"
            },
            {
                "text": "Information We Collect Automatically",
                "type": "h3"
            }
        ],
        "passage": "We also use third party vendor remarketing tracking technologies, including the Google Adwords tracking cookie. This means we will continue to show ads to you across the internet, specifically on the Google Content Network (GCN). As always we respect your privacy and do not collect any information that would identify you individually through the use of Google\u2019s or any other 3rd party remarketing system.",
        "annotations": [
            {
                "requirement": "Data Recipients",
                "value": "Google Adwords",
                "performed": true
            },
            {
                "requirement": "Processing Purpose",
                "value": "show ads to you across the internet",
                "performed": true
            }
        ]
    },
    {
        "type": "text",
        "context": [
            {
                "text": "Privacy Policy",
                "type": "h1"
            },
            {
                "text": "What information we collect",
                "type": "h2"
            },
            {
                "text": "Information We Collect Automatically",
                "type": "h3"
            }
        ],
        "passage": "Our third-party vendors, including Google, use tracking technologies on web browsers in order to serve ads based on past visits to our Products, report on the performance of our ads, conduct analytics on the use of our Products, fulfill orders and other user requests, prevent fraud, improve our Products and conduct surveys relating to our users\u2019 experiences with our Products, and communicate with our users. You can opt out and/or customise your preferences by visiting Google\u2019s Ad Settings. For more information about cookies and how to disable them, please see \u201cThird-Party Analytics and Advertising Providers\u201d below.",
        "annotations": [
            {
                "requirement": "Processing Purpose",
                "value": "serve ads based on past visits to our Products",
                "performed": true
            },
            {
                "requirement": "Processing Purpose",
                "value": "report on the performance of our ads",
                "performed": true
            },
            {
                "requirement": "Processing Purpose",
                "value": "conduct analytics on the use of our Products",
                "performed": true
            },
            {
                "requirement": "Processing Purpose",
                "value": "fulfill orders and other user requests",
                "performed": true
            },
            {
                "requirement": "Processing Purpose",
                "value": "prevent fraud",
                "performed": true
            },
            {
                "requirement": "Processing Purpose",
                "value": "improve our Products",
                "performed": true
            },
            {
                "requirement": "Processing Purpose",
                "value": "conduct surveys relating to our users\u2019 experiences with our Products",
                "performed": true
            },
            {
                "requirement": "Processing Purpose",
                "value": "communicate with our users",
                "performed": true
            },
            {
                "requirement": "Right to Withdraw Consent",
                "value": "opt out [...] by visiting Google\u2019s Ad Settings",
                "performed": true
            }
        ]
    },
    {
        "type": "headline",
        "context": [
            {
                "text": "Privacy Policy",
                "type": "h1"
            },
            {
                "text": "What information we collect",
                "type": "h2"
            },
            {
                "text": "Information We Collect Automatically",
                "type": "h3"
            }
        ],
        "passage": "How we use information collected",
        "annotations": []
    },
    {
        "type": "text",
        "context": [
            {
                "text": "Privacy Policy",
                "type": "h1"
            },
            {
                "text": "How we use information collected",
                "type": "h2"
            }
        ],
        "passage": "We use the information collected through the FitnyTech Service in order to facilitate provision of the FitnyTech Service and engage with you about our products and offerings. We may use the information that we collect:",
        "annotations": [
            {
                "requirement": "Processing Purpose",
                "value": "facilitate provision of the FitnyTech Service",
                "performed": true
            },
            {
                "requirement": "Processing Purpose",
                "value": "engage with you about our products and offerings",
                "performed": true
            }
        ]
    },
    {
        "type": "list_item",
        "context": [
            {
                "text": "Privacy Policy",
                "type": "h1"
            },
            {
                "text": "How we use information collected",
                "type": "h2"
            },
            {
                "text": "We use the information collected through the FitnyTech Service in order to facilitate provision of the FitnyTech Service and engage with you about our products and offerings. We may use the information that we collect:",
                "type": "list_intro"
            }
        ],
        "passage": "To provide, operate, maintain, and improve the FitnyTech Service;",
        "annotations": [
            {
                "requirement": "Processing Purpose",
                "value": "provide [...] the FitnyTech Service",
                "performed": true
            },
            {
                "requirement": "Processing Purpose",
                "value": "operate [...] the FitnyTech Service",
                "performed": true
            },
            {
                "requirement": "Processing Purpose",
                "value": "maintain [...] the FitnyTech Service",
                "performed": true
            },
            {
                "requirement": "Processing Purpose",
                "value": "improve [...] the FitnyTech Service",
                "performed": true
            }
        ]
    },
    {
        "type": "list_item",
        "context": [
            {
                "text": "Privacy Policy",
                "type": "h1"
            },
            {
                "text": "How we use information collected",
                "type": "h2"
            },
            {
                "text": "We use the information collected through the FitnyTech Service in order to facilitate provision of the FitnyTech Service and engage with you about our products and offerings. We may use the information that we collect:",
                "type": "list_intro"
            }
        ],
        "passage": "To enable you to access and use the FitnyTech Service that you request, including sending you technical notices, updates, alerts, and support and administrative messages;",
        "annotations": [
            {
                "requirement": "Processing Purpose",
                "value": "enable you to access and use the FitnyTech Service that you request",
                "performed": true
            },
            {
                "requirement": "Processing Purpose",
                "value": "sending you technical notices",
                "performed": true
            },
            {
                "requirement": "Processing Purpose",
                "value": "sending you [...] updates",
                "performed": true
            },
            {
                "requirement": "Processing Purpose",
                "value": "sending you [...] alerts",
                "performed": true
            },
            {
                "requirement": "Processing Purpose",
                "value": "sending you [...] support and administrative messages",
                "performed": true
            }
        ]
    },
    {
        "type": "list_item",
        "context": [
            {
                "text": "Privacy Policy",
                "type": "h1"
            },
            {
                "text": "How we use information collected",
                "type": "h2"
            },
            {
                "text": "We use the information collected through the FitnyTech Service in order to facilitate provision of the FitnyTech Service and engage with you about our products and offerings. We may use the information that we collect:",
                "type": "list_intro"
            }
        ],
        "passage": "To provide and deliver the services and features you request, process and complete transactions, and send you related information, including purchase confirmations and receipts;",
        "annotations": [
            {
                "requirement": "Processing Purpose",
                "value": "provide [...] the services and features you request",
                "performed": true
            },
            {
                "requirement": "Processing Purpose",
                "value": "process and complete transactions",
                "performed": true
            },
            {
                "requirement": "Processing Purpose",
                "value": "send you related information",
                "performed": true
            },
            {
                "requirement": "Processing Purpose",
                "value": "purchase confirmations and receipts",
                "performed": true
            }
        ]
    },
    {
        "type": "list_item",
        "context": [
            {
                "text": "Privacy Policy",
                "type": "h1"
            },
            {
                "text": "How we use information collected",
                "type": "h2"
            },
            {
                "text": "We use the information collected through the FitnyTech Service in order to facilitate provision of the FitnyTech Service and engage with you about our products and offerings. We may use the information that we collect:",
                "type": "list_intro"
            }
        ],
        "passage": "To respond to your comments, questions, and requests, and provide customer service and support;",
        "annotations": [
            {
                "requirement": "Processing Purpose",
                "value": "respond to your comments",
                "performed": true
            },
            {
                "requirement": "Processing Purpose",
                "value": "respond to your [...] questions",
                "performed": true
            },
            {
                "requirement": "Processing Purpose",
                "value": "respond to your [...] requests",
                "performed": true
            },
            {
                "requirement": "Processing Purpose",
                "value": "provide customer service",
                "performed": true
            },
            {
                "requirement": "Processing Purpose",
                "value": "provide [...] support",
                "performed": true
            }
        ]
    },
    {
        "type": "list_item",
        "context": [
            {
                "text": "Privacy Policy",
                "type": "h1"
            },
            {
                "text": "How we use information collected",
                "type": "h2"
            },
            {
                "text": "We use the information collected through the FitnyTech Service in order to facilitate provision of the FitnyTech Service and engage with you about our products and offerings. We may use the information that we collect:",
                "type": "list_intro"
            }
        ],
        "passage": "To communicate with you about services, features, surveys, newsletters, offers, promotions, events, and provide other news or information about FitnyTech and our select partners;",
        "annotations": [
            {
                "requirement": "Processing Purpose",
                "value": "communicate with you about services",
                "performed": true
            },
            {
                "requirement": "Processing Purpose",
                "value": "communicate with you about [...] features",
                "performed": true
            },
            {
                "requirement": "Processing Purpose",
                "value": "communicate with you about [...] surveys",
                "performed": true
            },
            {
                "requirement": "Processing Purpose",
                "value": "communicate with you about [...] newsletters",
                "performed": true
            },
            {
                "requirement": "Processing Purpose",
                "value": "communicate with you about [...] offers",
                "performed": true
            },
            {
                "requirement": "Processing Purpose",
                "value": "communicate with you about [...] promotions",
                "performed": true
            },
            {
                "requirement": "Processing Purpose",
                "value": "communicate with you about [...] events",
                "performed": true
            },
            {
                "requirement": "Processing Purpose",
                "value": "communicate with you [...] information about FitnyTech and our select partners",
                "performed": true
            }
        ]
    },
    {
        "type": "list_item",
        "context": [
            {
                "text": "Privacy Policy",
                "type": "h1"
            },
            {
                "text": "How we use information collected",
                "type": "h2"
            },
            {
                "text": "We use the information collected through the FitnyTech Service in order to facilitate provision of the FitnyTech Service and engage with you about our products and offerings. We may use the information that we collect:",
                "type": "list_intro"
            }
        ],
        "passage": "To process and deliver survey entries and rewards;",
        "annotations": [
            {
                "requirement": "Processing Purpose",
                "value": "process [...] survey entries",
                "performed": true
            },
            {
                "requirement": "Processing Purpose",
                "value": "deliver [...] rewards",
                "performed": true
            }
        ]
    },
    {
        "type": "list_item",
        "context": [
            {
                "text": "Privacy Policy",
                "type": "h1"
            },
            {
                "text": "How we use information collected",
                "type": "h2"
            },
            {
                "text": "We use the information collected through the FitnyTech Service in order to facilitate provision of the FitnyTech Service and engage with you about our products and offerings. We may use the information that we collect:",
                "type": "list_intro"
            }
        ],
        "passage": "To review and analyse trends, usage, and activities in connection with the FitnyTech Service and for marketing or advertising purposes;",
        "annotations": [
            {
                "requirement": "Processing Purpose",
                "value": "review and analyse trends",
                "performed": true
            },
            {
                "requirement": "Processing Purpose",
                "value": "review and analyse [...] usage",
                "performed": true
            },
            {
                "requirement": "Processing Purpose",
                "value": "review and analyse [...] activities in connection with the FitnyTech Service",
                "performed": true
            },
            {
                "requirement": "Processing Purpose",
                "value": "marketing [...] purposes",
                "performed": true
            },
            {
                "requirement": "Processing Purpose",
                "value": "advertising purposes",
                "performed": true
            }
        ]
    },
    {
        "type": "list_item",
        "context": [
            {
                "text": "Privacy Policy",
                "type": "h1"
            },
            {
                "text": "How we use information collected",
                "type": "h2"
            },
            {
                "text": "We use the information collected through the FitnyTech Service in order to facilitate provision of the FitnyTech Service and engage with you about our products and offerings. We may use the information that we collect:",
                "type": "list_intro"
            }
        ],
        "passage": "To investigate and prevent fraudulent transactions, unauthorised access to the FitnyTech Service, and other illegal activities;",
        "annotations": [
            {
                "requirement": "Processing Purpose",
                "value": "investigate [...] fraudulent transactions",
                "performed": true
            },
            {
                "requirement": "Processing Purpose",
                "value": "prevent fraudulent transactions",
                "performed": true
            },
            {
                "requirement": "Processing Purpose",
                "value": "investigate [...] unauthorised access to the FitnyTech Service",
                "performed": true
            },
            {
                "requirement": "Processing Purpose",
                "value": "prevent unauthorised access to the FitnyTech Service",
                "performed": true
            },
            {
                "requirement": "Processing Purpose",
                "value": "investigate [...] other illegal activities",
                "performed": true
            },
            {
                "requirement": "Processing Purpose",
                "value": "prevent [...] other illegal activities",
                "performed": true
            }
        ]
    },
    {
        "type": "list_item",
        "context": [
            {
                "text": "Privacy Policy",
                "type": "h1"
            },
            {
                "text": "How we use information collected",
                "type": "h2"
            },
            {
                "text": "We use the information collected through the FitnyTech Service in order to facilitate provision of the FitnyTech Service and engage with you about our products and offerings. We may use the information that we collect:",
                "type": "list_intro"
            }
        ],
        "passage": "To personalise and improve the FitnyTech Service, and provide content and/or features that match your interests and preferences or otherwise customise your experience on the FitnyTech Service; and",
        "annotations": [
            {
                "requirement": "Processing Purpose",
                "value": "personalise and improve the FitnyTech Service",
                "performed": true
            },
            {
                "requirement": "Processing Purpose",
                "value": "provide content and/or features that match your interests and preferences",
                "performed": true
            },
            {
                "requirement": "Processing Purpose",
                "value": "customise your experience on the FitnyTech Service",
                "performed": true
            }
        ]
    },
    {
        "type": "list_item",
        "context": [
            {
                "text": "Privacy Policy",
                "type": "h1"
            },
            {
                "text": "How we use information collected",
                "type": "h2"
            },
            {
                "text": "We use the information collected through the FitnyTech Service in order to facilitate provision of the FitnyTech Service and engage with you about our products and offerings. We may use the information that we collect:",
                "type": "list_intro"
            }
        ],
        "passage": "For other purposes about which we notify you in advance or for which we receive your consent, as necessary.",
        "annotations": [
            {
                "requirement": "Processing Purpose",
                "value": "other purposes about which we notify you in advance",
                "performed": true
            },
            {
                "requirement": "Processing Purpose",
                "value": "purposes [...] for which we receive your consent",
                "performed": true
            }
        ]
    },
    {
        "type": "text",
        "context": [
            {
                "text": "Privacy Policy",
                "type": "h1"
            },
            {
                "text": "How we use information collected",
                "type": "h2"
            }
        ],
        "passage": "Social media network credentials enable them and us to link your activities with your personal registration information at their site, including name, email address, and profile image. The social network may (with your permission) notify your friends or connections about your activities in our Services and use tracking technologies to monitor your online activities to serve targeted ads. The social media networks\u2019 privacy policy and terms apply to your use of their platforms. Your browser or device may allow you to block these technologies but you should visit the third party website and review their privacy policy and your registration profile or account to find out your options.",
        "annotations": [
            {
                "requirement": "Data Categories",
                "value": "name",
                "performed": true
            },
            {
                "requirement": "Data Categories",
                "value": "email address",
                "performed": true
            },
            {
                "requirement": "Data Categories",
                "value": "profile image",
                "performed": true
            },
            {
                "requirement": "Data Categories",
                "value": "your activities",
                "performed": true
            },
            {
                "requirement": "Processing Purpose",
                "value": "link your activities with your personal registration information",
                "performed": true
            },
            {
                "requirement": "Processing Purpose",
                "value": "notify your friends or connections about your activities in our Services",
                "performed": true
            },
            {
                "requirement": "Processing Purpose",
                "value": "monitor your online activities to serve targeted ads",
                "performed": true
            }
        ]
    },
    {
        "type": "headline",
        "context": [
            {
                "text": "Privacy Policy",
                "type": "h1"
            },
            {
                "text": "How we use information collected",
                "type": "h2"
            }
        ],
        "passage": "How we use cookies",
        "annotations": []
    },
    {
        "type": "text",
        "context": [
            {
                "text": "Privacy Policy",
                "type": "h1"
            },
            {
                "text": "How we use cookies",
                "type": "h2"
            }
        ],
        "passage": "We use cookies to understand and save your preferences for future visits and compile aggregate data about Product traffic and Product interaction so that we can offer better Product experiences and tools in the future. We may contract with third-party service providers to assist us to serve ads based on past visits to our Products, report on the performance of our ads, conduct analytics on the use of our Products, fulfill orders and other user requests, fraud prevention, improve our Products and conduct surveys relating to our users\u2019 experiences with our Products, and communicate with our users. For instance, we use Google Analytics Demographics and Interest Reporting, which includes data from interest-based advertising or third-party audience data (such as age, gender, and interests), for all of the purposes listed above. Third party vendors, including Google, use cookies to serve ads based on a user\u2019s prior visits to our Products. This allows us to make special offers and continue to market our services to those who have shown interest in our service. For more information about cookies and how to disable them, please see \u201cThird-Party Analytics and Advertising Providers\u201d below.",
        "annotations": [
            {
                "requirement": "Processing Purpose",
                "value": "understand [...] your preferences for future visits",
                "performed": true
            },
            {
                "requirement": "Processing Purpose",
                "value": "compile aggregate data about Product traffic and Product interaction",
                "performed": true
            },
            {
                "requirement": "Processing Purpose",
                "value": "offer better Product experiences and tools in the future",
                "performed": true
            },
            {
                "requirement": "Processing Purpose",
                "value": "serve ads based on past visits to our Products",
                "performed": true
            },
            {
                "requirement": "Processing Purpose",
                "value": "report on the performance of our ads",
                "performed": true
            },
            {
                "requirement": "Processing Purpose",
                "value": "conduct analytics on the use of our Products",
                "performed": true
            },
            {
                "requirement": "Processing Purpose",
                "value": "fulfill orders",
                "performed": true
            },
            {
                "requirement": "Processing Purpose",
                "value": "fulfill [...] other user requests",
                "performed": true
            },
            {
                "requirement": "Processing Purpose",
                "value": "fraud prevention",
                "performed": true
            },
            {
                "requirement": "Processing Purpose",
                "value": "improve our Products",
                "performed": true
            },
            {
                "requirement": "Processing Purpose",
                "value": "conduct surveys relating to our users' experiences with our Products",
                "performed": true
            },
            {
                "requirement": "Processing Purpose",
                "value": "communicate with our users",
                "performed": true
            },
            {
                "requirement": "Data Categories",
                "value": "data from interest-based advertising or third-party audience data (such as age, gender, and interests)",
                "performed": true
            },
            {
                "requirement": "Data Recipients",
                "value": "Google",
                "performed": true
            }
        ]
    },
    {
        "type": "headline",
        "context": [
            {
                "text": "Privacy Policy",
                "type": "h1"
            },
            {
                "text": "How we use cookies",
                "type": "h2"
            }
        ],
        "passage": "Data Retention and Erasure",
        "annotations": []
    },
    {
        "type": "text",
        "context": [
            {
                "text": "Privacy Policy",
                "type": "h1"
            },
            {
                "text": "Data Retention and Erasure",
                "type": "h2"
            }
        ],
        "passage": "We will maintain certain data for a period of 7 years from the date of your last log in or other study activity in order to keep accurate records for tax purposes. After 7 years from your last activity, we will permanently delete all such personally identifying information. We will keep all other personally identifying information for at least one year after your last login, but in no event longer than seven years. Regardless of the retention period described in this section, we may be required to retain data for longer to comply with legal, regulatory, or audit obligations. Other historical study information may be anonymized and kept at FitnyTech\u2019s discretion.",
        "annotations": [
            {
                "requirement": "Data Retention Period",
                "value": "a period of 7 years from the date of your last log in or other study activity",
                "performed": true
            },
            {
                "requirement": "Data Retention Period",
                "value": "at least one year after your last login, but in no event longer than seven years",
                "performed": true
            },
            {
                "requirement": "Right to Erasure",
                "value": "we will permanently delete all such personally identifying information",
                "performed": true
            }
        ]
    },
    {
        "type": "headline",
        "context": [
            {
                "text": "Privacy Policy",
                "type": "h1"
            },
            {
                "text": "Data Retention and Erasure",
                "type": "h2"
            }
        ],
        "passage": "What information we share or disclose to others",
        "annotations": []
    },
    {
        "type": "text",
        "context": [
            {
                "text": "Privacy Policy",
                "type": "h1"
            },
            {
                "text": "What information we share or disclose to others",
                "type": "h2"
            }
        ],
        "passage": "We will not share personal data about you with any third parties except as described in this Privacy Notice, or as defined in an agreement with us in connection with the FitnyTech Service (including a Data Processing Addendum, as applicable). Information that may be shared, pursuant to any applicable agreements, includes:",
        "annotations": [
            {
                "requirement": "Controller Name",
                "value": "the FitnyTech Service",
                "performed": true
            }
        ]
    },
    {
        "type": "text",
        "context": [
            {
                "text": "Privacy Policy",
                "type": "h1"
            },
            {
                "text": "What information we share or disclose to others",
                "type": "h2"
            }
        ],
        "passage": "Third-Party Service Providers. We may share your information with third-party service providers who are working on our behalf and require access to your information to carry out that work, such as to process payment or as it relates to a Product feature. These service providers are authorised to use your personal data only as necessary to provide services to FitnyTech. As required by the European Union\u2019s General Data Protection Regulation, FitnyTech enters into Data Processing Addendums with its Third-Party Service Providers that process personal data of users in the EU.",
        "annotations": [
            {
                "requirement": "Data Recipients",
                "value": "third-party service providers",
                "performed": true
            },
            {
                "requirement": "Processing Purpose",
                "value": "process payment",
                "performed": true
            },
            {
                "requirement": "Processing Purpose",
                "value": "as it relates to a Product feature",
                "performed": true
            },
            {
                "requirement": "Third-country Transfers",
                "value": "European Union's General Data Protection Regulation",
                "performed": true
            }
        ]
    },
    {
        "type": "text",
        "context": [
            {
                "text": "Privacy Policy",
                "type": "h1"
            },
            {
                "text": "What information we share or disclose to others",
                "type": "h2"
            }
        ],
        "passage": "Third-Party Analytics and Advertising Providers. FitnyTech makes use of certain third-party analytics and advertising providers (\u201cTPAAPs\u201d) to, among other things, serve advertisements to FitnyTech and our users on third-party websites across such TPAAPs\u2019 networks. FitnyTech allows TPAAPs to track our users\u2019 browsing history on our Products using first-party cookies (such as the tools we use to store your Product preferences) and third-party cookies (such as the Google Analytics cookie). TPAAPs may use the information stored by the cookies to, among other things, evaluate your use of a website, prepare reports of website activities for website operators, including us, on the performance of advertising campaigns, other services associated with the website and Internet usage, to serve ads based on past visits to our Products, analytics and optimization on the use of our Products, order fulfillment and other user requests, fraud prevention, Products improvement and user surveys, attribution, and communications with our users. The information tracked and stored by the cookies enables TPAAPs to optimize and serve interest-based ads to FitnyTech\u2019s users on third-party websites and mobile apps. By using or accessing our Products, you agree to the forwarding of data to TPAAPs and the processing by such TPAAPs of the data collected from you in the manner and for the purposes described above.",
        "annotations": [
            {
                "requirement": "Processing Purpose",
                "value": "serve advertisements to FitnyTech and our users",
                "performed": true
            },
            {
                "requirement": "Processing Purpose",
                "value": "evaluate your use of a website",
                "performed": true
            },
            {
                "requirement": "Processing Purpose",
                "value": "prepare reports of website activities for website operators",
                "performed": true
            },
            {
                "requirement": "Processing Purpose",
                "value": "other services associated with the website and Internet usage",
                "performed": true
            },
            {
                "requirement": "Processing Purpose",
                "value": "to serve ads based on past visits to our Products",
                "performed": true
            },
            {
                "requirement": "Processing Purpose",
                "value": "analytics and optimization on the use of our Products",
                "performed": true
            },
            {
                "requirement": "Processing Purpose",
                "value": "order fulfillment and other user requests",
                "performed": true
            },
            {
                "requirement": "Processing Purpose",
                "value": "fraud prevention",
                "performed": true
            },
            {
                "requirement": "Processing Purpose",
                "value": "Products improvement and user surveys",
                "performed": true
            },
            {
                "requirement": "Processing Purpose",
                "value": "attribution",
                "performed": true
            },
            {
                "requirement": "Processing Purpose",
                "value": "communications with our users",
                "performed": true
            },
            {
                "requirement": "Data Categories",
                "value": "users\u2019 browsing history",
                "performed": true
            },
            {
                "requirement": "Data Categories",
                "value": "First-party cookies",
                "performed": true
            },
            {
                "requirement": "Data Categories",
                "value": "The Google Analytics cookie",
                "performed": true
            },
            {
                "requirement": "Data Recipients",
                "value": "Third-party analytics and advertising providers",
                "performed": true
            },
            {
                "requirement": "Data Recipients",
                "value": "Google Analytics",
                "performed": true
            },
            {
                "requirement": "Third-country Transfers",
                "value": "third-party websites and mobile apps",
                "performed": true
            },
            {
                "requirement": "Legal Basis for Processing",
                "value": "By using or accessing our Products, you agree to the forwarding of data",
                "performed": true
            }
        ]
    },
    {
        "type": "text",
        "context": [
            {
                "text": "Privacy Policy",
                "type": "h1"
            },
            {
                "text": "What information we share or disclose to others",
                "type": "h2"
            }
        ],
        "passage": "To opt out of Google Analytics for Display Advertisers and customized Google Display Network ads, visit the Ads Preferences Manager. For more information on how we serve ads based on past visits to our Products, report on the performance of our ads, conduct analytics on the use of our Products, fulfill orders and other user requests, fraud prevention, improve our Products and conduct surveys relating to our users\u2019 experiences with our Products, and communicate with our users, including how to opt-out, you can contact us at contact@fitnytech.in.",
        "annotations": [
            {
                "requirement": "DPO Contact",
                "value": "contact@fitnytech.in",
                "performed": true
            },
            {
                "requirement": "Processing Purpose",
                "value": "serve ads based on past visits to our Products",
                "performed": true
            },
            {
                "requirement": "Processing Purpose",
                "value": "report on the performance of our ads",
                "performed": true
            },
            {
                "requirement": "Processing Purpose",
                "value": "conduct analytics on the use of our Products",
                "performed": true
            },
            {
                "requirement": "Processing Purpose",
                "value": "fulfill orders and other user requests",
                "performed": true
            },
            {
                "requirement": "Processing Purpose",
                "value": "fraud prevention",
                "performed": true
            },
            {
                "requirement": "Processing Purpose",
                "value": "improve our Products",
                "performed": true
            },
            {
                "requirement": "Processing Purpose",
                "value": "conduct surveys relating to our users\u2019 experiences with our Products",
                "performed": true
            },
            {
                "requirement": "Processing Purpose",
                "value": "communicate with our users",
                "performed": true
            }
        ]
    },
    {
        "type": "list_item",
        "context": [
            {
                "text": "Privacy Policy",
                "type": "h1"
            },
            {
                "text": "What information we share or disclose to others",
                "type": "h2"
            },
            {
                "text": "To opt out of Google Analytics for Display Advertisers and customized Google Display Network ads, visit the Ads Preferences Manager. For more information on how we serve ads based on past visits to our Products, report on the performance of our ads, conduct analytics on the use of our Products, fulfill orders and other user requests, fraud prevention, improve our Products and conduct surveys relating to our users\u2019 experiences with our Products, and communicate with our users, including how to opt-out, you can contact us at contact@fitnytech.in.",
                "type": "list_intro"
            }
        ],
        "passage": "Mobile Application Opt-Out. To opt out in mobile apps, you can adjust the advertising preferences on your mobile device (for example, in iOS, visit Settings > Privacy > Advertising > Limit Ad Tracking, and in Android, visit Settings > Google > Ads > Opt out of interest-based ads).",
        "annotations": []
    },
    {
        "type": "text",
        "context": [
            {
                "text": "Privacy Policy",
                "type": "h1"
            },
            {
                "text": "What information we share or disclose to others",
                "type": "h2"
            }
        ],
        "passage": "Disabling Cookies. Most web browsers are set to accept cookies by default. If you prefer, you can usually choose to set your browser to remove or reject browser cookies or to prompt you before accepting such a cookie. Please note that, if you choose to remove or reject browser cookies, this could affect the availability or functionality of the FitnyTech Service. When accessing the FitnyTech Service, you will be prompted to choose to continue or learn more about adjusting your browser settings.",
        "annotations": []
    },
    {
        "type": "text",
        "context": [
            {
                "text": "Privacy Policy",
                "type": "h1"
            },
            {
                "text": "What information we share or disclose to others",
                "type": "h2"
            }
        ],
        "passage": "Compliance with Laws. We may disclose your information to a third party: (a) if we believe that disclosure is reasonably necessary to comply with any applicable law, regulation, legal process, or government request; (b) to enforce our agreements and policies; (c) to protect the security or integrity of the FitnyTech Service; (d) to protect FitnyTech, our customers, or the public from harm or illegal activities; (e) to respond to an emergency which we believe in good faith requires us to disclose information to assist in preventing the death or serious bodily injury of any person; or (f) as otherwise directed by you.",
        "annotations": [
            {
                "requirement": "Processing Purpose",
                "value": "comply with any applicable law, regulation, legal process, or government request",
                "performed": true
            },
            {
                "requirement": "Processing Purpose",
                "value": "enforce our agreements and policies",
                "performed": true
            },
            {
                "requirement": "Processing Purpose",
                "value": "protect the security or integrity of the FitnyTech Service",
                "performed": true
            },
            {
                "requirement": "Processing Purpose",
                "value": "protect FitnyTech, our customers, or the public from harm or illegal activities",
                "performed": true
            },
            {
                "requirement": "Processing Purpose",
                "value": "respond to an emergency [...] to assist in preventing the death or serious bodily injury of any person",
                "performed": true
            }
        ]
    },
    {
        "type": "text",
        "context": [
            {
                "text": "Privacy Policy",
                "type": "h1"
            },
            {
                "text": "What information we share or disclose to others",
                "type": "h2"
            }
        ],
        "passage": "Business Transfers. We may share or transfer your personal data in connection with any merger, sale of company assets, financing, or acquisition of all or a portion of our business to another company. Your personal data may be part of the transferred assets. Data processing for this purpose is a legitimate business interest. You may be notified thereafter of any such change in ownership or control.",
        "annotations": [
            {
                "requirement": "Processing Purpose",
                "value": "any merger, sale of company assets, financing, or acquisition of all or a portion of our business to another company",
                "performed": true
            },
            {
                "requirement": "Legitimate Interests for Processing",
                "value": "legitimate business interest",
                "performed": true
            },
            {
                "requirement": "Data Categories",
                "value": "your personal data",
                "performed": true
            }
        ]
    },
    {
        "type": "text",
        "context": [
            {
                "text": "Privacy Policy",
                "type": "h1"
            },
            {
                "text": "What information we share or disclose to others",
                "type": "h2"
            }
        ],
        "passage": "Aggregated and/or Anonymised Data. We may also share aggregated and/or anonymised information that does not directly identify you individually with third parties. For example, in an ongoing effort to better understand and serve the users of the FitnyTech Service, we may conduct research on customer demographics, interests and behavior based on the personal information, interviews, and other data provided to us. This research may be compiled and analysed on an aggregate basis, and we may share this aggregated data with our agents and business partners. This aggregated information does not identify you personally. We may also disclose aggregated user statistics in order to describe the FitnyTech Service to current and prospective business partners, and to other third parties for other lawful purposes.",
        "annotations": [
            {
                "requirement": "Data Recipients",
                "value": "third parties",
                "performed": true
            },
            {
                "requirement": "Data Recipients",
                "value": "our agents",
                "performed": true
            },
            {
                "requirement": "Data Recipients",
                "value": "business partners",
                "performed": true
            },
            {
                "requirement": "Data Recipients",
                "value": "current and prospective business partners",
                "performed": true
            },
            {
                "requirement": "Data Recipients",
                "value": "other third parties",
                "performed": true
            },
            {
                "requirement": "Processing Purpose",
                "value": "to better understand and serve the users of the FitnyTech Service",
                "performed": true
            },
            {
                "requirement": "Processing Purpose",
                "value": "to describe the FitnyTech Service [...] to other third parties for other lawful purposes",
                "performed": true
            }
        ]
    },
    {
        "type": "headline",
        "context": [
            {
                "text": "Privacy Policy",
                "type": "h1"
            },
            {
                "text": "What information we share or disclose to others",
                "type": "h2"
            }
        ],
        "passage": "Link to 3rd party websites",
        "annotations": []
    },
    {
        "type": "text",
        "context": [
            {
                "text": "Privacy Policy",
                "type": "h1"
            },
            {
                "text": "Link to 3rd party websites",
                "type": "h2"
            }
        ],
        "passage": "We may place links on the FitnyTech\u2019s Website or Apps, including the FitnyTech Blog. When you click on a link from our Product to a third-party website, your activity and use is governed by that website\u2019s policies; not by those of FitnyTech. We encourage you to review their privacy and user policies.",
        "annotations": [
            {
                "requirement": "Controller Name",
                "value": "FitnyTech",
                "performed": true
            }
        ]
    },
    {
        "type": "headline",
        "context": [
            {
                "text": "Privacy Policy",
                "type": "h1"
            },
            {
                "text": "Link to 3rd party websites",
                "type": "h2"
            }
        ],
        "passage": "How we store information",
        "annotations": []
    },
    {
        "type": "text",
        "context": [
            {
                "text": "Privacy Policy",
                "type": "h1"
            },
            {
                "text": "How we store information",
                "type": "h2"
            }
        ],
        "passage": "By using and accessing the FitnyTech Service, you understand and agree to the storage of information and any other personal data on FitnyTech\u2019s server and cloud-based solutions located in Singapore, or as defined in an agreement with us (including a Data Processing Addendum, as applicable).",
        "annotations": [
            {
                "requirement": "Third-country Transfers",
                "value": "Singapore",
                "performed": true
            }
        ]
    },
    {
        "type": "headline",
        "context": [
            {
                "text": "Privacy Policy",
                "type": "h1"
            },
            {
                "text": "How we store information",
                "type": "h2"
            }
        ],
        "passage": "How we secure information",
        "annotations": []
    },
    {
        "type": "text",
        "context": [
            {
                "text": "Privacy Policy",
                "type": "h1"
            },
            {
                "text": "How we secure information",
                "type": "h2"
            }
        ],
        "passage": "We have adopted reasonable physical, technical and organisational safeguards against accidental, unauthorised or unlawful destruction, loss, alteration, disclosure, access, use or processing of information we collect.",
        "annotations": []
    },
    {
        "type": "text",
        "context": [
            {
                "text": "Privacy Policy",
                "type": "h1"
            },
            {
                "text": "How we secure information",
                "type": "h2"
            }
        ],
        "passage": "You may access your Product account information and our Product only through the use of an individual user ID and password. To protect the confidentiality of personal data and information, you must keep your password confidential and not disclose it to any other person. To keep your account secure, always log out and close your browser when you finish your session. Please advise us immediately if you believe your password has been compromised in any way. Please note that we will never ask you to disclose your password to us.",
        "annotations": []
    },
    {
        "type": "text",
        "context": [
            {
                "text": "Privacy Policy",
                "type": "h1"
            },
            {
                "text": "How we secure information",
                "type": "h2"
            }
        ],
        "passage": "Unfortunately, the transmission of information via the Internet and apps is not completely secure. Although we do our best to protect your personal information, we cannot guarantee the security of your personal information transmitted to us. Any transmission of personal information is at your own risk. We are not responsible for any circumvention of any privacy settings or security measures.",
        "annotations": []
    },
    {
        "type": "text",
        "context": [
            {
                "text": "Privacy Policy",
                "type": "h1"
            },
            {
                "text": "How we secure information",
                "type": "h2"
            }
        ],
        "passage": "If you have any questions about the security of your personal data, you can contact us at contact@fitnytech.in.",
        "annotations": [
            {
                "requirement": "Controller Contact",
                "value": "contact@fitnytech.in",
                "performed": true
            }
        ]
    },
    {
        "type": "headline",
        "context": [
            {
                "text": "Privacy Policy",
                "type": "h1"
            },
            {
                "text": "How we secure information",
                "type": "h2"
            }
        ],
        "passage": "Our Global Data Privacy and Protection Practices",
        "annotations": []
    },
    {
        "type": "text",
        "context": [
            {
                "text": "Privacy Policy",
                "type": "h1"
            },
            {
                "text": "Our Global Data Privacy and Protection Practices",
                "type": "h2"
            }
        ],
        "passage": "FitnyTech uses standard clauses as the basis for its approach to provide appropriate safeguards with respect to the protection of the privacy and fundamental rights and freedoms of individuals and the exercise of their corresponding rights.",
        "annotations": []
    },
    {
        "type": "headline",
        "context": [
            {
                "text": "Privacy Policy",
                "type": "h1"
            },
            {
                "text": "Our Global Data Privacy and Protection Practices",
                "type": "h2"
            }
        ],
        "passage": "EU User Rights",
        "annotations": []
    },
    {
        "type": "text",
        "context": [
            {
                "text": "Privacy Policy",
                "type": "h1"
            },
            {
                "text": "EU User Rights",
                "type": "h2"
            }
        ],
        "passage": "For all requests and questions surrounding your personal data and rights as per this Privacy Policy, please contact us at contact@fitnytech.in, and we will respond promptly.",
        "annotations": [
            {
                "requirement": "Controller Contact",
                "value": "contact@fitnytech.in",
                "performed": true
            }
        ]
    },
    {
        "type": "text",
        "context": [
            {
                "text": "Privacy Policy",
                "type": "h1"
            },
            {
                "text": "EU User Rights",
                "type": "h2"
            }
        ],
        "passage": "Right to Access, Update, or Erasure. You have the right to access, update, correct, or delete your personal data.",
        "annotations": [
            {
                "requirement": "Right to Access",
                "value": "You have the right to access [...] your personal data",
                "performed": true
            },
            {
                "requirement": "Right to Rectification",
                "value": "You have the right to [...] update [...] your personal data",
                "performed": true
            },
            {
                "requirement": "Right to Rectification",
                "value": "You have the right to [...] correct [...] your personal data",
                "performed": true
            },
            {
                "requirement": "Right to Erasure",
                "value": "You have the right to [...] delete your personal data",
                "performed": true
            }
        ]
    },
    {
        "type": "text",
        "context": [
            {
                "text": "Privacy Policy",
                "type": "h1"
            },
            {
                "text": "EU User Rights",
                "type": "h2"
            }
        ],
        "passage": "Right to Restrict Data Processing. You have the right to restrict the processing of your personal data upon request if it is (a) inaccurate or unlawful (b) under contest, or (c) no longer being processed for the original purpose. FitnyTech may continue to process the data if it is necessary to resolve legal claims, for the protection of the rights of another person, or for reasons of important public interest. We will notify you promptly upon receival of your request.",
        "annotations": [
            {
                "requirement": "Right to Restrict",
                "value": "You have the right to restrict the processing of your personal data",
                "performed": true
            }
        ]
    },
    {
        "type": "text",
        "context": [
            {
                "text": "Privacy Policy",
                "type": "h1"
            },
            {
                "text": "EU User Rights",
                "type": "h2"
            }
        ],
        "passage": "Right to Data Portability. You have the right to request and obtain your personal data that you provided or that we collected through your consent. We will provide your information in a commonly used, machine-readable format promptly, but no longer than 90 days from the initial request depending on the complexity. If circumstances arise where we are unable to complete your request, we will promptly provide a relevant reason, as well as inform you of additional steps that you may take.",
        "annotations": [
            {
                "requirement": "Right to Portability",
                "value": "You have the right to request and obtain your personal data that you provided or that we collected through your consent",
                "performed": true
            }
        ]
    },
    {
        "type": "text",
        "context": [
            {
                "text": "Privacy Policy",
                "type": "h1"
            },
            {
                "text": "EU User Rights",
                "type": "h2"
            }
        ],
        "passage": "Retaining Your Personal Information and Data. We will retain your personal data to comply with our legal obligations, resolve disputes, and enforce our agreements. We will retain your personal information for as long as your account is active or as needed to provide you with the service.",
        "annotations": [
            {
                "requirement": "Data Retention Period",
                "value": "for as long as your account is active",
                "performed": true
            },
            {
                "requirement": "Data Retention Period",
                "value": "as needed to provide you with the service",
                "performed": true
            }
        ]
    },
    {
        "type": "text",
        "context": [
            {
                "text": "Privacy Policy",
                "type": "h1"
            },
            {
                "text": "EU User Rights",
                "type": "h2"
            }
        ],
        "passage": "Receiving Promotional and Other Communications. By subscribing to the FitnyTech service, you provide your consent about receiving promotional newsletter or product information emails. You may opt out by following the opt-out instructions provided in our emails to you, or by emailing us with your specific request. If you opt out, we may still send you non-promotional communications, such as security alerts.",
        "annotations": [
            {
                "requirement": "Right to Withdraw Consent",
                "value": "You may opt out",
                "performed": true
            }
        ]
    },
    {
        "type": "text",
        "context": [
            {
                "text": "Privacy Policy",
                "type": "h1"
            },
            {
                "text": "EU User Rights",
                "type": "h2"
            }
        ],
        "passage": "Withdrawing Your Consent. You may withdraw any consent you previously provided to us for the processing of your personal data. As required by applicable law, we will apply your preferences going forward, within a reasonable amount of time. Even where you withdraw your consent, we may still process your personal data for limited purposes as necessarily required. In some circumstances, withdrawing your consent to our use or disclosure of your personal information will mean that you cannot use our product/service.",
        "annotations": [
            {
                "requirement": "Right to Withdraw Consent",
                "value": "withdraw any consent you previously provided to us for the processing of your personal data",
                "performed": true
            }
        ]
    },
    {
        "type": "text",
        "context": [
            {
                "text": "Privacy Policy",
                "type": "h1"
            },
            {
                "text": "EU User Rights",
                "type": "h2"
            }
        ],
        "passage": "Lodging a Complaint with a Supervisory Authority. You have the right to submit a complaint to an EU supervisory authority if you believe that your personal data has been processed in a manner that is not compliant with the GDPR. You also have the right to submit a complaint to an EU supervisory authority if FitnyTech is unable to comply with your right of data portability or does not respond to your request within a timely manner.",
        "annotations": [
            {
                "requirement": "Right to Lodge Complaint",
                "value": "You have the right to submit a complaint to an EU supervisory authority",
                "performed": true
            },
            {
                "requirement": "Right to Portability",
                "value": "your right of data portability",
                "performed": true
            }
        ]
    },
    {
        "type": "headline",
        "context": [
            {
                "text": "Privacy Policy",
                "type": "h1"
            },
            {
                "text": "EU User Rights",
                "type": "h2"
            }
        ],
        "passage": "California Residents",
        "annotations": []
    },
    {
        "type": "text",
        "context": [
            {
                "text": "Privacy Policy",
                "type": "h1"
            },
            {
                "text": "California Residents",
                "type": "h2"
            }
        ],
        "passage": "If you are a California resident and use our product/service, you can request a notice disclosing the categories of personal information we have shared with third parties, for the third parties\u2019 direct marketing purposes if any, during the preceding calendar year. To request a notice, please submit your request to contact@fitnytech.in with an appropriate subject line.",
        "annotations": [
            {
                "requirement": "Right to Access",
                "value": "you can request a notice disclosing the categories of personal information we have shared with third parties",
                "performed": true
            },
            {
                "requirement": "Controller Contact",
                "value": "contact@fitnytech.in",
                "performed": true
            }
        ]
    },
    {
        "type": "headline",
        "context": [
            {
                "text": "Privacy Policy",
                "type": "h1"
            },
            {
                "text": "California Residents",
                "type": "h2"
            }
        ],
        "passage": "Our Policy Toward Children",
        "annotations": []
    },
    {
        "type": "text",
        "context": [
            {
                "text": "Privacy Policy",
                "type": "h1"
            },
            {
                "text": "Our Policy Toward Children",
                "type": "h2"
            }
        ],
        "passage": "In compliance with the Children\u2019s Online Privacy Protection Act(COPPA), and the Federal Trade Commission\u2019s Children\u2019s Online Privacy Protection Act Final Rule, FitnyTech service is not primarily directed to children under the age of 13. If we are made aware by anyone that a child under 13 has provided us with personal information, we will take steps to delete such information. If you are a California resident under the age of 18 and a registered user of FitnyTech, you may request that we remove content and information that you post on our service. To obtain removal of such content or information, please send an email with a detailed description of the specific content or information you would like removed to contact@fitnytech.in. Please be aware that such a request does not ensure complete or comprehensive removal of the content and may remain visible in a manner that does not identify you. There may be other circumstances in which applicable laws do not require removal of such data even if requested.",
        "annotations": [
            {
                "requirement": "Right to Erasure",
                "value": "request that we remove content and information that you post on our service",
                "performed": true
            },
            {
                "requirement": "Controller Contact",
                "value": "contact@fitnytech.in",
                "performed": true
            }
        ]
    },
    {
        "type": "headline",
        "context": [
            {
                "text": "Privacy Policy",
                "type": "h1"
            },
            {
                "text": "Our Policy Toward Children",
                "type": "h2"
            }
        ],
        "passage": "Contact Us",
        "annotations": []
    },
    {
        "type": "text",
        "context": [
            {
                "text": "Privacy Policy",
                "type": "h1"
            },
            {
                "text": "Contact Us",
                "type": "h2"
            }
        ],
        "passage": "To understand more about our Privacy Policy, access your information, or ask questions about our privacy practices, please contact us at contact@fitnytech.in",
        "annotations": [
            {
                "requirement": "Controller Contact",
                "value": "contact@fitnytech.in",
                "performed": true
            }
        ]
    },
    {
        "type": "text",
        "context": [
            {
                "text": "Privacy Policy",
                "type": "h1"
            },
            {
                "text": "Contact Us",
                "type": "h2"
            }
        ],
        "passage": "Last updated: 31st May, 2023",
        "annotations": []
    }
]