[
    {
        "type": "headline",
        "context": [],
        "passage": "Privacy Policy",
        "annotations": []
    },
    {
        "type": "headline",
        "context": [
            {
                "text": "Privacy Policy",
                "type": "h1"
            }
        ],
        "passage": "Privacy Policy",
        "annotations": []
    },
    {
        "type": "text",
        "context": [
            {
                "text": "Privacy Policy",
                "type": "h1"
            },
            {
                "text": "Privacy Policy",
                "type": "h2"
            }
        ],
        "passage": "24 Byte built the Sarkari Network(Previously Sarkari Jankari) app as an Ad Supported app. This SERVICE is provided by 24 Byte at no cost and is intended for use as is.",
        "annotations": [
            {
                "requirement": "Controller Name",
                "value": "24 Byte",
                "performed": true
            }
        ]
    },
    {
        "type": "text",
        "context": [
            {
                "text": "Privacy Policy",
                "type": "h1"
            },
            {
                "text": "Privacy Policy",
                "type": "h2"
            }
        ],
        "passage": "This page is used to inform visitors regarding my policies with the collection, use, and disclosure of Personal Information if anyone decided to use my Service.",
        "annotations": []
    },
    {
        "type": "text",
        "context": [
            {
                "text": "Privacy Policy",
                "type": "h1"
            },
            {
                "text": "Privacy Policy",
                "type": "h2"
            }
        ],
        "passage": "If you choose to use my Service, then you agree to the collection and use of information in relation to this policy. The Personal Information that I collect is used for providing and improving the Service. I will not use or share your information with anyone except as described in this Privacy Policy.",
        "annotations": [
            {
                "requirement": "Processing Purpose",
                "value": "providing and improving the Service",
                "performed": true
            },
            {
                "requirement": "Data Recipients",
                "value": "anyone except as described in this Privacy Policy",
                "performed": true
            }
        ]
    },
    {
        "type": "text",
        "context": [
            {
                "text": "Privacy Policy",
                "type": "h1"
            },
            {
                "text": "Privacy Policy",
                "type": "h2"
            }
        ],
        "passage": "The terms used in this Privacy Policy have the same meanings as in our Terms and Conditions, which are accessible at Sarkari Network(Previously Sarkari Jankari) unless otherwise defined in this Privacy Policy.",
        "annotations": []
    },
    {
        "type": "headline",
        "context": [
            {
                "text": "Privacy Policy",
                "type": "h1"
            },
            {
                "text": "Privacy Policy",
                "type": "h2"
            }
        ],
        "passage": "Information Collection and Use",
        "annotations": []
    },
    {
        "type": "text",
        "context": [
            {
                "text": "Privacy Policy",
                "type": "h1"
            },
            {
                "text": "Information Collection and Use",
                "type": "h2"
            }
        ],
        "passage": "We do not Collect any personal data from our users. However, please be aware that we utilize Google Ad Manager to display ads and One Signal for Push Notification in our app. Google Ad Manager, One Signal and third- party services associated with it may collect user data for Ad Personalization and Analytics. For more information on how this data is handled, please refer their privacy policy",
        "annotations": [
            {
                "requirement": "Data Recipients",
                "value": "Google Ad Manager",
                "performed": true
            },
            {
                "requirement": "Data Recipients",
                "value": "One Signal",
                "performed": true
            },
            {
                "requirement": "Processing Purpose",
                "value": "Ad Personalization",
                "performed": true
            },
            {
                "requirement": "Processing Purpose",
                "value": "Analytics",
                "performed": true
            }
        ]
    },
    {
        "type": "text",
        "context": [
            {
                "text": "Privacy Policy",
                "type": "h1"
            },
            {
                "text": "Information Collection and Use",
                "type": "h2"
            }
        ],
        "passage": "The app does use third-party services that may collect information used to identify you.",
        "annotations": [
            {
                "requirement": "Data Recipients",
                "value": "third-party services",
                "performed": true
            },
            {
                "requirement": "Data Categories",
                "value": "information used to identify you",
                "performed": true
            }
        ]
    },
    {
        "type": "text",
        "context": [
            {
                "text": "Privacy Policy",
                "type": "h1"
            },
            {
                "text": "Information Collection and Use",
                "type": "h2"
            }
        ],
        "passage": "Link to the privacy policy of third-party service providers used by the app",
        "annotations": []
    },
    {
        "type": "list_item",
        "context": [
            {
                "text": "Privacy Policy",
                "type": "h1"
            },
            {
                "text": "Information Collection and Use",
                "type": "h2"
            },
            {
                "text": "Link to the privacy policy of third-party service providers used by the app",
                "type": "list_intro"
            }
        ],
        "passage": "AdMob",
        "annotations": [
            {
                "requirement": "Data Recipients",
                "value": "AdMob",
                "performed": true
            }
        ]
    },
    {
        "type": "list_item",
        "context": [
            {
                "text": "Privacy Policy",
                "type": "h1"
            },
            {
                "text": "Information Collection and Use",
                "type": "h2"
            },
            {
                "text": "Link to the privacy policy of third-party service providers used by the app",
                "type": "list_intro"
            }
        ],
        "passage": "One Signal",
        "annotations": [
            {
                "requirement": "Data Recipients",
                "value": "One Signal",
                "performed": true
            }
        ]
    },
    {
        "type": "headline",
        "context": [
            {
                "text": "Privacy Policy",
                "type": "h1"
            },
            {
                "text": "Information Collection and Use",
                "type": "h2"
            }
        ],
        "passage": "Links to Other Sites",
        "annotations": []
    },
    {
        "type": "text",
        "context": [
            {
                "text": "Privacy Policy",
                "type": "h1"
            },
            {
                "text": "Links to Other Sites",
                "type": "h2"
            }
        ],
        "passage": "This Service may contain links to other sites. If you click on a third-party link, you will be directed to that site. Note that these external sites are not operated by me. Therefore, I strongly advise you to review the Privacy Policy of these websites. I have no control over and assume no responsibility for the content, privacy policies, or practices of any third-party sites or services.",
        "annotations": []
    },
    {
        "type": "headline",
        "context": [
            {
                "text": "Privacy Policy",
                "type": "h1"
            },
            {
                "text": "Links to Other Sites",
                "type": "h2"
            }
        ],
        "passage": "Children\u2019s Privacy",
        "annotations": []
    },
    {
        "type": "text",
        "context": [
            {
                "text": "Privacy Policy",
                "type": "h1"
            },
            {
                "text": "Children\u2019s Privacy",
                "type": "h2"
            }
        ],
        "passage": "These Services do not address anyone under the age of 13. I do not knowingly collect personally identifiable information from children under 13 years of age. In the case I discover that a child under 13 has provided me with personal information, I immediately delete this from our servers. If you are a parent or guardian and you are aware that your child has provided us with personal information, please contact me so that I will be able to do the necessary actions.",
        "annotations": [
            {
                "requirement": "Data Categories",
                "value": "personally identifiable information",
                "performed": true
            },
            {
                "requirement": "Data Retention Period",
                "value": "immediately delete this from our servers",
                "performed": true
            }
        ]
    },
    {
        "type": "headline",
        "context": [
            {
                "text": "Privacy Policy",
                "type": "h1"
            },
            {
                "text": "Children\u2019s Privacy",
                "type": "h2"
            }
        ],
        "passage": "Changes to This Privacy Policy",
        "annotations": []
    },
    {
        "type": "text",
        "context": [
            {
                "text": "Privacy Policy",
                "type": "h1"
            },
            {
                "text": "Changes to This Privacy Policy",
                "type": "h2"
            }
        ],
        "passage": "I may update our Privacy Policy from time to time. Thus, you are advised to review this page periodically for any changes. I will notify you of any changes by posting the new Privacy Policy on this page.",
        "annotations": []
    },
    {
        "type": "text",
        "context": [
            {
                "text": "Privacy Policy",
                "type": "h1"
            },
            {
                "text": "Changes to This Privacy Policy",
                "type": "h2"
            }
        ],
        "passage": "This policy is effective as of 2024-01-28",
        "annotations": []
    },
    {
        "type": "headline",
        "context": [
            {
                "text": "Privacy Policy",
                "type": "h1"
            },
            {
                "text": "Changes to This Privacy Policy",
                "type": "h2"
            }
        ],
        "passage": "Contact Us",
        "annotations": []
    },
    {
        "type": "text",
        "context": [
            {
                "text": "Privacy Policy",
                "type": "h1"
            },
            {
                "text": "Contact Us",
                "type": "h2"
            }
        ],
        "passage": "If you have any questions or suggestions about my Privacy Policy, do not hesitate to contact me at infotechics1@gmail.com.",
        "annotations": [
            {
                "requirement": "Controller Contact",
                "value": "infotechics1@gmail.com",
                "performed": true
            }
        ]
    }
]