[
    {
        "type": "headline",
        "context": [],
        "passage": "Privacy Policy",
        "annotations": []
    },
    {
        "type": "text",
        "context": [
            {
                "text": "Privacy Policy",
                "type": "h1"
            }
        ],
        "passage": "Effective date: July 12, 2024",
        "annotations": []
    },
    {
        "type": "text",
        "context": [
            {
                "text": "Privacy Policy",
                "type": "h1"
            }
        ],
        "passage": "Fulton Sheen TV (\"us\", \"we\", or \"our\") operates the https://fultonsheen.tv website (the \"Service\").",
        "annotations": [
            {
                "requirement": "Controller Name",
                "value": "Fulton Sheen TV",
                "performed": true
            }
        ]
    },
    {
        "type": "text",
        "context": [
            {
                "text": "Privacy Policy",
                "type": "h1"
            }
        ],
        "passage": "This page informs you of our policies regarding the collection, use, and disclosure of personal data when you use our Service and the choices you have associated with that data.",
        "annotations": []
    },
    {
        "type": "headline",
        "context": [
            {
                "text": "Privacy Policy",
                "type": "h1"
            }
        ],
        "passage": "Collection of Data",
        "annotations": []
    },
    {
        "type": "text",
        "context": [
            {
                "text": "Privacy Policy",
                "type": "h1"
            },
            {
                "text": "Collection of Data",
                "type": "h2"
            }
        ],
        "passage": "We ask for personal information, like your name, email address, telephone number, company or title to store with your account. When you use our services or view content provided by Fulton Sheen TV or Katapy, we automatically collect and store certain information such as your IP location to be able to learn about usage patterns that help us optimize our website. Information we collect when you are signed in to Fulton Sheen TV My Channel, may be associated with your Fulton Sheen TV or Katapy Account. When information is associated with either of those Accounts, we treat it as personal information. We also collect data for our newsletters and will not disclose your contact information to third parties.",
        "annotations": [
            {
                "requirement": "Data Categories",
                "value": "personal information",
                "performed": true
            },
            {
                "requirement": "Data Categories",
                "value": "your name",
                "performed": true
            },
            {
                "requirement": "Data Categories",
                "value": "email address",
                "performed": true
            },
            {
                "requirement": "Data Categories",
                "value": "telephone number",
                "performed": true
            },
            {
                "requirement": "Data Categories",
                "value": "company",
                "performed": true
            },
            {
                "requirement": "Data Categories",
                "value": "title",
                "performed": true
            },
            {
                "requirement": "Data Categories",
                "value": "your IP location",
                "performed": true
            },
            {
                "requirement": "Processing Purpose",
                "value": "to be able to learn about usage patterns that help us optimize our website",
                "performed": true
            },
            {
                "requirement": "Processing Purpose",
                "value": "store with your account",
                "performed": true
            },
            {
                "requirement": "Processing Purpose",
                "value": "collect data for our newsletters",
                "performed": true
            },
            {
                "requirement": "Data Categories",
                "value": "contact information",
                "performed": true
            },
            {
                "requirement": "Data Recipients",
                "value": "will not disclose your contact information to third parties",
                "performed": true
            }
        ]
    },
    {
        "type": "text",
        "context": [
            {
                "text": "Privacy Policy",
                "type": "h1"
            },
            {
                "text": "Collection of Data",
                "type": "h2"
            }
        ],
        "passage": "We use cookies and similar tracking technologies to track the activity on our Service and hold certain information.",
        "annotations": [
            {
                "requirement": "Processing Purpose",
                "value": "track the activity on our Service",
                "performed": true
            },
            {
                "requirement": "Processing Purpose",
                "value": "hold certain information",
                "performed": true
            }
        ]
    },
    {
        "type": "text",
        "context": [
            {
                "text": "Privacy Policy",
                "type": "h1"
            },
            {
                "text": "Collection of Data",
                "type": "h2"
            }
        ],
        "passage": "Cookies are files with small amount of data which may include an anonymous unique identifier. Cookies are sent to your browser from a website and stored on your device. Tracking technologies also used are beacons, tags, and scripts to collect and track information and to improve and analyze our Service.",
        "annotations": []
    },
    {
        "type": "text",
        "context": [
            {
                "text": "Privacy Policy",
                "type": "h1"
            },
            {
                "text": "Collection of Data",
                "type": "h2"
            }
        ],
        "passage": "You can instruct your browser to refuse all cookies or to indicate when a cookie is being sent. However, if you do not accept cookies, you may not be able to use some portions of our Service.",
        "annotations": []
    },
    {
        "type": "text",
        "context": [
            {
                "text": "Privacy Policy",
                "type": "h1"
            },
            {
                "text": "Collection of Data",
                "type": "h2"
            }
        ],
        "passage": "Examples of Cookies we use:",
        "annotations": []
    },
    {
        "type": "list_item",
        "context": [
            {
                "text": "Privacy Policy",
                "type": "h1"
            },
            {
                "text": "Collection of Data",
                "type": "h2"
            },
            {
                "text": "Examples of Cookies we use:",
                "type": "list_intro"
            }
        ],
        "passage": "Session Cookies. We use Session Cookies to operate our Service.",
        "annotations": [
            {
                "requirement": "Processing Purpose",
                "value": "operate our Service",
                "performed": true
            }
        ]
    },
    {
        "type": "list_item",
        "context": [
            {
                "text": "Privacy Policy",
                "type": "h1"
            },
            {
                "text": "Collection of Data",
                "type": "h2"
            },
            {
                "text": "Examples of Cookies we use:",
                "type": "list_intro"
            }
        ],
        "passage": "Preference Cookies. We use Preference Cookies to remember your preferences and various settings.",
        "annotations": [
            {
                "requirement": "Processing Purpose",
                "value": "remember your preferences and various settings",
                "performed": true
            },
            {
                "requirement": "Data Categories",
                "value": "Preference Cookies",
                "performed": true
            }
        ]
    },
    {
        "type": "list_item",
        "context": [
            {
                "text": "Privacy Policy",
                "type": "h1"
            },
            {
                "text": "Collection of Data",
                "type": "h2"
            },
            {
                "text": "Examples of Cookies we use:",
                "type": "list_intro"
            }
        ],
        "passage": "Security Cookies. We use Security Cookies for security purposes.",
        "annotations": [
            {
                "requirement": "Processing Purpose",
                "value": "security purposes",
                "performed": true
            }
        ]
    },
    {
        "type": "list_item",
        "context": [
            {
                "text": "Privacy Policy",
                "type": "h1"
            },
            {
                "text": "Collection of Data",
                "type": "h2"
            },
            {
                "text": "Examples of Cookies we use:",
                "type": "list_intro"
            }
        ],
        "passage": "Analytics Cookies. We use Analytics Cookies for usage analysis to improve your browsing experience.",
        "annotations": [
            {
                "requirement": "Processing Purpose",
                "value": "usage analysis",
                "performed": true
            },
            {
                "requirement": "Processing Purpose",
                "value": "improve your browsing experience",
                "performed": true
            }
        ]
    },
    {
        "type": "headline",
        "context": [
            {
                "text": "Privacy Policy",
                "type": "h1"
            },
            {
                "text": "Collection of Data",
                "type": "h2"
            }
        ],
        "passage": "Use of Data",
        "annotations": []
    },
    {
        "type": "text",
        "context": [
            {
                "text": "Privacy Policy",
                "type": "h1"
            },
            {
                "text": "Use of Data",
                "type": "h2"
            }
        ],
        "passage": "We use the information we collect from all of our services to provide, maintain, protect and improve them, and to protect our organization and our users. We also use this information to offer you tailored content \u2013 like giving you more relevant video search results.",
        "annotations": [
            {
                "requirement": "Processing Purpose",
                "value": "provide PLACEHOLDER them",
                "performed": true
            },
            {
                "requirement": "Processing Purpose",
                "value": "maintain PLACEHOLDER them",
                "performed": true
            },
            {
                "requirement": "Processing Purpose",
                "value": "protect PLACEHOLDER them",
                "performed": true
            },
            {
                "requirement": "Processing Purpose",
                "value": "improve them",
                "performed": true
            },
            {
                "requirement": "Legitimate Interests for Processing",
                "value": "protect our organization",
                "performed": true
            },
            {
                "requirement": "Legitimate Interests for Processing",
                "value": "protect PLACEHOLDER our users",
                "performed": true
            },
            {
                "requirement": "Processing Purpose",
                "value": "offer you tailored content",
                "performed": true
            },
            {
                "requirement": "Processing Purpose",
                "value": "giving you more relevant video search results",
                "performed": true
            }
        ]
    },
    {
        "type": "headline",
        "context": [
            {
                "text": "Privacy Policy",
                "type": "h1"
            },
            {
                "text": "Use of Data",
                "type": "h2"
            }
        ],
        "passage": "Data Currency",
        "annotations": []
    },
    {
        "type": "text",
        "context": [
            {
                "text": "Privacy Policy",
                "type": "h1"
            },
            {
                "text": "Data Currency",
                "type": "h2"
            }
        ],
        "passage": "Please keep your personal information updated, as we are not responsible to keep your information current for you. Whenever you use our services, we aim to provide you with access to your personal information. If that information is wrong, we strive to give you ways to update it quickly or to delete it \u2013 unless we have to keep that information for legitimate business or legal purposes. When updating your personal information, we may ask you to verify your identity before we can act on your request.",
        "annotations": [
            {
                "requirement": "Right to Access",
                "value": "access to your personal information",
                "performed": true
            },
            {
                "requirement": "Right to Rectification",
                "value": "update it quickly",
                "performed": true
            },
            {
                "requirement": "Right to Erasure",
                "value": "delete it",
                "performed": true
            }
        ]
    },
    {
        "type": "headline",
        "context": [
            {
                "text": "Privacy Policy",
                "type": "h1"
            },
            {
                "text": "Data Currency",
                "type": "h2"
            }
        ],
        "passage": "Data Sharing",
        "annotations": []
    },
    {
        "type": "text",
        "context": [
            {
                "text": "Privacy Policy",
                "type": "h1"
            },
            {
                "text": "Data Sharing",
                "type": "h2"
            }
        ],
        "passage": "We do not share personal information with companies, organizations and individuals outside of Katapy and Fulton Sheen TV unless we ask you for prior consent or it is for technical reasons such as domain administration, affiliated businesses or persons that cooperate with us in compliance with our Privacy Policy and any other appropriate confidentiality and security measures or legal reasons if access, use, preservation or disclosure of the information is reasonable.",
        "annotations": [
            {
                "requirement": "Data Recipients",
                "value": "companies, organizations and individuals outside of Katapy and Fulton Sheen TV",
                "performed": true
            },
            {
                "requirement": "Data Recipients",
                "value": "affiliated businesses or persons that cooperate with us",
                "performed": true
            }
        ]
    },
    {
        "type": "headline",
        "context": [
            {
                "text": "Privacy Policy",
                "type": "h1"
            },
            {
                "text": "Data Sharing",
                "type": "h2"
            }
        ],
        "passage": "Transfer of Data",
        "annotations": []
    },
    {
        "type": "text",
        "context": [
            {
                "text": "Privacy Policy",
                "type": "h1"
            },
            {
                "text": "Transfer of Data",
                "type": "h2"
            }
        ],
        "passage": "Your information, including Personal Data, may be transferred to \u2014 and maintained on \u2014 computers located outside of your state, province, country or other governmental jurisdiction where the data protection laws may differ than those from your jurisdiction.",
        "annotations": [
            {
                "requirement": "Third-country Transfers",
                "value": "computers located outside of your state, province, country or other governmental jurisdiction",
                "performed": true
            }
        ]
    },
    {
        "type": "text",
        "context": [
            {
                "text": "Privacy Policy",
                "type": "h1"
            },
            {
                "text": "Transfer of Data",
                "type": "h2"
            }
        ],
        "passage": "If you are located outside United States and choose to provide information to us, please note that we transfer the data, including Personal Data, to United States and process it there.",
        "annotations": [
            {
                "requirement": "Third-country Transfers",
                "value": "United States",
                "performed": true
            }
        ]
    },
    {
        "type": "text",
        "context": [
            {
                "text": "Privacy Policy",
                "type": "h1"
            },
            {
                "text": "Transfer of Data",
                "type": "h2"
            }
        ],
        "passage": "Your consent to this Privacy Policy followed by your submission of such information represents your agreement to that transfer.",
        "annotations": [
            {
                "requirement": "Third-country Transfers",
                "value": "that transfer",
                "performed": true
            }
        ]
    },
    {
        "type": "text",
        "context": [
            {
                "text": "Privacy Policy",
                "type": "h1"
            },
            {
                "text": "Transfer of Data",
                "type": "h2"
            }
        ],
        "passage": "Katapy and Fulton Sheen TV will take all steps reasonably necessary to ensure that your data is treated securely and in accordance with this Privacy Policy and no transfer of your Personal Data will take place to an organization or a country unless there are adequate controls in place including the security of your data and other personal information.",
        "annotations": [
            {
                "requirement": "Third-country Transfers",
                "value": "no transfer of your Personal Data will take place to an organization or a country unless there are adequate controls in place",
                "performed": true
            }
        ]
    },
    {
        "type": "text",
        "context": [
            {
                "text": "Privacy Policy",
                "type": "h1"
            },
            {
                "text": "Transfer of Data",
                "type": "h2"
            }
        ],
        "passage": "We do not share personal information with companies, organizations and individuals outside of Katapy and Fulton Sheen TV unless we ask you for prior consent or it is for technical reasons such as domain administration, affiliated businesses or persons that cooperate with us in compliance with our Privacy Policy and any other appropriate confidentiality and security measures or legal reasons if access, use, preservation or disclosure of the information is reasonable.",
        "annotations": [
            {
                "requirement": "Data Recipients",
                "value": "companies, organizations and individuals outside of Katapy and Fulton Sheen TV",
                "performed": false
            },
            {
                "requirement": "Data Recipients",
                "value": "domain administration",
                "performed": true
            },
            {
                "requirement": "Data Recipients",
                "value": "affiliated businesses or persons that cooperate with us",
                "performed": true
            }
        ]
    },
    {
        "type": "headline",
        "context": [
            {
                "text": "Privacy Policy",
                "type": "h1"
            },
            {
                "text": "Transfer of Data",
                "type": "h2"
            }
        ],
        "passage": "Disclosure of Data",
        "annotations": []
    },
    {
        "type": "text",
        "context": [
            {
                "text": "Privacy Policy",
                "type": "h1"
            },
            {
                "text": "Disclosure of Data",
                "type": "h2"
            }
        ],
        "passage": "Fulton Sheen TV may disclose your Personal Data in the good faith belief that such action is necessary to:",
        "annotations": [
            {
                "requirement": "Data Recipients",
                "value": "Fulton Sheen TV",
                "performed": true
            },
            {
                "requirement": "Legitimate Interests for Processing",
                "value": "good faith belief that such action is necessary",
                "performed": true
            }
        ]
    },
    {
        "type": "list_item",
        "context": [
            {
                "text": "Privacy Policy",
                "type": "h1"
            },
            {
                "text": "Disclosure of Data",
                "type": "h2"
            },
            {
                "text": "Fulton Sheen TV may disclose your Personal Data in the good faith belief that such action is necessary to:",
                "type": "list_intro"
            }
        ],
        "passage": "To comply with a legal obligation",
        "annotations": [
            {
                "requirement": "Mandatory Data Disclosure",
                "value": "comply with a legal obligation",
                "performed": true
            }
        ]
    },
    {
        "type": "list_item",
        "context": [
            {
                "text": "Privacy Policy",
                "type": "h1"
            },
            {
                "text": "Disclosure of Data",
                "type": "h2"
            },
            {
                "text": "Fulton Sheen TV may disclose your Personal Data in the good faith belief that such action is necessary to:",
                "type": "list_intro"
            }
        ],
        "passage": "To protect and defend the rights or property of Quantum Business Consulting Inc.",
        "annotations": [
            {
                "requirement": "Controller Name",
                "value": "Quantum Business Consulting Inc.",
                "performed": true
            },
            {
                "requirement": "Legitimate Interests for Processing",
                "value": "protect and defend the rights or property of PLACEHOLDER Quantum Business Consulting Inc.",
                "performed": true
            }
        ]
    },
    {
        "type": "list_item",
        "context": [
            {
                "text": "Privacy Policy",
                "type": "h1"
            },
            {
                "text": "Disclosure of Data",
                "type": "h2"
            },
            {
                "text": "Fulton Sheen TV may disclose your Personal Data in the good faith belief that such action is necessary to:",
                "type": "list_intro"
            }
        ],
        "passage": "To prevent or investigate possible wrongdoing in connection with the Service",
        "annotations": [
            {
                "requirement": "Processing Purpose",
                "value": "To prevent or investigate possible wrongdoing in connection with the Service",
                "performed": true
            }
        ]
    },
    {
        "type": "list_item",
        "context": [
            {
                "text": "Privacy Policy",
                "type": "h1"
            },
            {
                "text": "Disclosure of Data",
                "type": "h2"
            },
            {
                "text": "Fulton Sheen TV may disclose your Personal Data in the good faith belief that such action is necessary to:",
                "type": "list_intro"
            }
        ],
        "passage": "To protect the personal safety of users of the Service or the public",
        "annotations": [
            {
                "requirement": "Legitimate Interests for Processing",
                "value": "protect the personal safety of users of the Service or the public",
                "performed": true
            }
        ]
    },
    {
        "type": "list_item",
        "context": [
            {
                "text": "Privacy Policy",
                "type": "h1"
            },
            {
                "text": "Disclosure of Data",
                "type": "h2"
            },
            {
                "text": "Fulton Sheen TV may disclose your Personal Data in the good faith belief that such action is necessary to:",
                "type": "list_intro"
            }
        ],
        "passage": "To protect against legal liability",
        "annotations": [
            {
                "requirement": "Processing Purpose",
                "value": "To protect against legal liability",
                "performed": true
            }
        ]
    },
    {
        "type": "headline",
        "context": [
            {
                "text": "Privacy Policy",
                "type": "h1"
            },
            {
                "text": "Disclosure of Data",
                "type": "h2"
            }
        ],
        "passage": "Data Security",
        "annotations": []
    },
    {
        "type": "text",
        "context": [
            {
                "text": "Privacy Policy",
                "type": "h1"
            },
            {
                "text": "Data Security",
                "type": "h2"
            }
        ],
        "passage": "The security of your data is important to us, but remember that no method of transmission over the Internet, or method of electronic storage is 100% secure. While we strive to use commercially acceptable means to protect your Personal Data, we cannot guarantee its absolute security.",
        "annotations": []
    },
    {
        "type": "text",
        "context": [
            {
                "text": "Privacy Policy",
                "type": "h1"
            },
            {
                "text": "Data Security",
                "type": "h2"
            }
        ],
        "passage": "We restrict access to personal information to Fulton Sheen TV and Katapy employees, contractors and agents who need to know that information in order to process it for us, and who are subject to strict contractual confidentiality obligations and may be disciplined or terminated if they fail to meet these obligations.",
        "annotations": [
            {
                "requirement": "Data Recipients",
                "value": "Fulton Sheen TV and Katapy employees, contractors and agents",
                "performed": true
            },
            {
                "requirement": "Data Recipients",
                "value": "contractors and agents",
                "performed": true
            }
        ]
    },
    {
        "type": "headline",
        "context": [
            {
                "text": "Privacy Policy",
                "type": "h1"
            },
            {
                "text": "Data Security",
                "type": "h2"
            }
        ],
        "passage": "Service Providers",
        "annotations": []
    },
    {
        "type": "text",
        "context": [
            {
                "text": "Privacy Policy",
                "type": "h1"
            },
            {
                "text": "Service Providers",
                "type": "h2"
            }
        ],
        "passage": "We may employ third party companies and individuals to facilitate our Service (\"Service Providers\"), to provide the Service on our behalf, to perform Service-related services or to assist us in analyzing how our Service is used.",
        "annotations": [
            {
                "requirement": "Data Recipients",
                "value": "third party companies and individuals",
                "performed": true
            }
        ]
    },
    {
        "type": "text",
        "context": [
            {
                "text": "Privacy Policy",
                "type": "h1"
            },
            {
                "text": "Service Providers",
                "type": "h2"
            }
        ],
        "passage": "These third parties have access to your Personal Data only to perform these tasks on our behalf and are obligated not to disclose or use it for any other purpose.",
        "annotations": [
            {
                "requirement": "Data Recipients",
                "value": "third parties",
                "performed": true
            }
        ]
    },
    {
        "type": "text",
        "context": [
            {
                "text": "Privacy Policy",
                "type": "h1"
            },
            {
                "text": "Service Providers",
                "type": "h2"
            }
        ],
        "passage": "We may use third-party Service Providers to monitor and analyze the use of our Service.",
        "annotations": [
            {
                "requirement": "Data Recipients",
                "value": "third-party Service Providers",
                "performed": true
            },
            {
                "requirement": "Processing Purpose",
                "value": "monitor and analyze the use of our Service",
                "performed": true
            }
        ]
    },
    {
        "type": "text",
        "context": [
            {
                "text": "Privacy Policy",
                "type": "h1"
            },
            {
                "text": "Service Providers",
                "type": "h2"
            },
            {
                "text": "We may use third-party Service Providers to monitor and analyze the use of our Service.",
                "type": "list_intro"
            }
        ],
        "passage": "Google Analytics",
        "annotations": [
            {
                "requirement": "Data Recipients",
                "value": "Google Analytics",
                "performed": true
            }
        ]
    },
    {
        "type": "text",
        "context": [
            {
                "text": "Privacy Policy",
                "type": "h1"
            },
            {
                "text": "Service Providers",
                "type": "h2"
            },
            {
                "text": "We may use third-party Service Providers to monitor and analyze the use of our Service.",
                "type": "list_intro"
            }
        ],
        "passage": "Google Analytics is a web analytics service offered by Google that tracks and reports website traffic. Google uses the data collected to track and monitor the use of our Service. This data is shared with other Google services. Google may use the collected data to contextualize and personalize the ads of its own advertising network.",
        "annotations": [
            {
                "requirement": "Data Recipients",
                "value": "Google Analytics",
                "performed": true
            },
            {
                "requirement": "Data Recipients",
                "value": "other Google services",
                "performed": true
            },
            {
                "requirement": "Processing Purpose",
                "value": "track and monitor the use of our Service",
                "performed": true
            },
            {
                "requirement": "Processing Purpose",
                "value": "contextualize and personalize the ads of its own advertising network",
                "performed": true
            }
        ]
    },
    {
        "type": "text",
        "context": [
            {
                "text": "Privacy Policy",
                "type": "h1"
            },
            {
                "text": "Service Providers",
                "type": "h2"
            },
            {
                "text": "We may use third-party Service Providers to monitor and analyze the use of our Service.",
                "type": "list_intro"
            }
        ],
        "passage": "You can opt-out of having made your activity on the Service available to Google Analytics by installing the Google Analytics opt-out browser add-on. The add-on prevents the Google Analytics JavaScript (ga.js, analytics.js, and dc.js) from sharing information with Google Analytics about visits activity.",
        "annotations": [
            {
                "requirement": "Data Recipients",
                "value": "Google Analytics",
                "performed": true
            }
        ]
    },
    {
        "type": "text",
        "context": [
            {
                "text": "Privacy Policy",
                "type": "h1"
            },
            {
                "text": "Service Providers",
                "type": "h2"
            },
            {
                "text": "We may use third-party Service Providers to monitor and analyze the use of our Service.",
                "type": "list_intro"
            }
        ],
        "passage": "For more information on the privacy practices of Google, please visit the Google Privacy & Terms web page: https://policies.google.com/privacy?hl=en",
        "annotations": []
    },
    {
        "type": "headline",
        "context": [
            {
                "text": "Privacy Policy",
                "type": "h1"
            },
            {
                "text": "Service Providers",
                "type": "h2"
            }
        ],
        "passage": "Applicability",
        "annotations": []
    },
    {
        "type": "text",
        "context": [
            {
                "text": "Privacy Policy",
                "type": "h1"
            },
            {
                "text": "Applicability",
                "type": "h2"
            }
        ],
        "passage": "Our Privacy Policy applies to all of the services offered by Fulton Sheen TV and its affiliates, including Katapy. Our Privacy Policy does not apply to services offered by other companies or individuals, including products or sites that may be displayed to you in search results, or sites linked from our services. Our Privacy Policy does not cover the information practices of other companies and organizations who advertise our services, and who may use cookies, pixel tags and other technologies to serve and offer relevant ads.",
        "annotations": []
    },
    {
        "type": "headline",
        "context": [
            {
                "text": "Privacy Policy",
                "type": "h1"
            },
            {
                "text": "Applicability",
                "type": "h2"
            }
        ],
        "passage": "Links to Other Sites",
        "annotations": []
    },
    {
        "type": "text",
        "context": [
            {
                "text": "Privacy Policy",
                "type": "h1"
            },
            {
                "text": "Links to Other Sites",
                "type": "h2"
            }
        ],
        "passage": "Our Service may contain links to other sites that are not operated by us. If you click on a third party link, you will be directed to that third party's site. We strongly advise you to review the Privacy Policy of every site you visit.",
        "annotations": []
    },
    {
        "type": "text",
        "context": [
            {
                "text": "Privacy Policy",
                "type": "h1"
            },
            {
                "text": "Links to Other Sites",
                "type": "h2"
            }
        ],
        "passage": "We have no control over and assume no responsibility for the content, privacy policies or practices of any third party sites or services.",
        "annotations": []
    },
    {
        "type": "text",
        "context": [
            {
                "text": "Privacy Policy",
                "type": "h1"
            },
            {
                "text": "Links to Other Sites",
                "type": "h2"
            }
        ],
        "passage": "Data Sharing",
        "annotations": []
    },
    {
        "type": "text",
        "context": [
            {
                "text": "Privacy Policy",
                "type": "h1"
            },
            {
                "text": "Links to Other Sites",
                "type": "h2"
            }
        ],
        "passage": "We do not share personal information with companies, organizations and individuals outside of Katapy and Fulton Sheen TV unless we ask you for prior consent or it is for technical reasons such as domain administration, affiliated businesses or persons that cooperate with us in compliance with our Privacy Policy and any other appropriate confidentiality and security measures or legal reasons if access, use, preservation or disclosure of the information is reasonable.",
        "annotations": [
            {
                "requirement": "Data Recipients",
                "value": "Katapy and Fulton Sheen TV",
                "performed": true
            },
            {
                "requirement": "Data Recipients",
                "value": "affiliated businesses or persons that cooperate with us in compliance with our Privacy Policy and any other appropriate confidentiality and security measures",
                "performed": true
            },
            {
                "requirement": "Processing Purpose",
                "value": "technical reasons such as domain administration",
                "performed": true
            },
            {
                "requirement": "Legal Basis for Processing",
                "value": "if access, use, preservation or disclosure of the information is reasonable",
                "performed": true
            }
        ]
    },
    {
        "type": "headline",
        "context": [
            {
                "text": "Privacy Policy",
                "type": "h1"
            },
            {
                "text": "Links to Other Sites",
                "type": "h2"
            }
        ],
        "passage": "Children's Privacy",
        "annotations": []
    },
    {
        "type": "text",
        "context": [
            {
                "text": "Privacy Policy",
                "type": "h1"
            },
            {
                "text": "Children's Privacy",
                "type": "h2"
            }
        ],
        "passage": "Our Service does not address anyone under the age of 18 (\"Children\").",
        "annotations": []
    },
    {
        "type": "text",
        "context": [
            {
                "text": "Privacy Policy",
                "type": "h1"
            },
            {
                "text": "Children's Privacy",
                "type": "h2"
            }
        ],
        "passage": "We do not knowingly collect personally identifiable information from anyone under the age of 18. If you are a parent or guardian and you are aware that your Children has provided us with Personal Data, please contact us. If we become aware that we have collected Personal Data from children without verification of parental consent, we take steps to remove that information from our servers.",
        "annotations": [
            {
                "requirement": "Processing Purpose",
                "value": "to remove that information from our servers",
                "performed": true
            }
        ]
    },
    {
        "type": "headline",
        "context": [
            {
                "text": "Privacy Policy",
                "type": "h1"
            },
            {
                "text": "Children's Privacy",
                "type": "h2"
            }
        ],
        "passage": "Changes to this Privacy Policy",
        "annotations": []
    },
    {
        "type": "text",
        "context": [
            {
                "text": "Privacy Policy",
                "type": "h1"
            },
            {
                "text": "Changes to this Privacy Policy",
                "type": "h2"
            }
        ],
        "passage": "We may update our Privacy Policy from time to time. We will notify you of any changes by posting the new Privacy Policy on this page.",
        "annotations": []
    },
    {
        "type": "text",
        "context": [
            {
                "text": "Privacy Policy",
                "type": "h1"
            },
            {
                "text": "Changes to this Privacy Policy",
                "type": "h2"
            }
        ],
        "passage": "You are advised to review this Privacy Policy periodically for any changes. Changes to this Privacy Policy are effective when they are posted on this page.",
        "annotations": []
    },
    {
        "type": "headline",
        "context": [
            {
                "text": "Privacy Policy",
                "type": "h1"
            },
            {
                "text": "Changes to this Privacy Policy",
                "type": "h2"
            }
        ],
        "passage": "Contact Us",
        "annotations": []
    },
    {
        "type": "text",
        "context": [
            {
                "text": "Privacy Policy",
                "type": "h1"
            },
            {
                "text": "Contact Us",
                "type": "h2"
            }
        ],
        "passage": "If you have any questions about this Privacy Policy, please contact us:",
        "annotations": [
            {
                "requirement": "Controller Contact",
                "value": "contact us",
                "performed": true
            }
        ]
    },
    {
        "type": "list_item",
        "context": [
            {
                "text": "Privacy Policy",
                "type": "h1"
            },
            {
                "text": "Contact Us",
                "type": "h2"
            },
            {
                "text": "If you have any questions about this Privacy Policy, please contact us:",
                "type": "list_intro"
            }
        ],
        "passage": "By email: support@fultonsheen.tv",
        "annotations": [
            {
                "requirement": "Controller Contact",
                "value": "support@fultonsheen.tv",
                "performed": true
            }
        ]
    }
]