[
    {
        "type": "headline",
        "context": [],
        "passage": "Privacy Policy",
        "annotations": []
    },
    {
        "type": "headline",
        "context": [
            {
                "text": "Privacy Policy",
                "type": "h1"
            }
        ],
        "passage": "The Quick Details",
        "annotations": []
    },
    {
        "type": "headline",
        "context": [
            {
                "text": "Privacy Policy",
                "type": "h1"
            },
            {
                "text": "The Quick Details",
                "type": "h2"
            }
        ],
        "passage": "What We Collect",
        "annotations": []
    },
    {
        "type": "text",
        "context": [
            {
                "text": "Privacy Policy",
                "type": "h1"
            },
            {
                "text": "The Quick Details",
                "type": "h2"
            },
            {
                "text": "What We Collect",
                "type": "h3"
            }
        ],
        "passage": "The only data we collect is which decks our users play. Additionally, we reference 3rd party libraries that could collect additional information.",
        "annotations": [
            {
                "requirement": "Data Categories",
                "value": "which decks our users play",
                "performed": true
            }
        ]
    },
    {
        "type": "headline",
        "context": [
            {
                "text": "Privacy Policy",
                "type": "h1"
            },
            {
                "text": "The Quick Details",
                "type": "h2"
            },
            {
                "text": "What We Collect",
                "type": "h3"
            }
        ],
        "passage": "What We Share",
        "annotations": []
    },
    {
        "type": "text",
        "context": [
            {
                "text": "Privacy Policy",
                "type": "h1"
            },
            {
                "text": "The Quick Details",
                "type": "h2"
            },
            {
                "text": "What We Share",
                "type": "h3"
            }
        ],
        "passage": "We don't share any of the data with advertisers; no one likes that. We do use 3rd party services such as, Google Firebase, and Google Adsense who do share your data with advertisers.",
        "annotations": [
            {
                "requirement": "Data Recipients",
                "value": "Google Firebase",
                "performed": true
            },
            {
                "requirement": "Data Recipients",
                "value": "Google Adsense",
                "performed": true
            },
            {
                "requirement": "Data Recipients",
                "value": "advertisers",
                "performed": false
            }
        ]
    },
    {
        "type": "headline",
        "context": [
            {
                "text": "Privacy Policy",
                "type": "h1"
            },
            {
                "text": "The Quick Details",
                "type": "h2"
            },
            {
                "text": "What We Share",
                "type": "h3"
            }
        ],
        "passage": "The Fine Print",
        "annotations": []
    },
    {
        "type": "text",
        "context": [
            {
                "text": "Privacy Policy",
                "type": "h1"
            },
            {
                "text": "The Fine Print",
                "type": "h2"
            }
        ],
        "passage": "Plexum, LLC built the PhraseCatch app as a Freemium app. This SERVICE is provided by Plexum, LLC at no cost and is intended for use as is.",
        "annotations": [
            {
                "requirement": "Controller Name",
                "value": "Plexum, LLC",
                "performed": true
            }
        ]
    },
    {
        "type": "text",
        "context": [
            {
                "text": "Privacy Policy",
                "type": "h1"
            },
            {
                "text": "The Fine Print",
                "type": "h2"
            }
        ],
        "passage": "This page is used to inform visitors regarding our policies with the collection, use, and disclosure of Personal Information if anyone decided to use our Service.",
        "annotations": []
    },
    {
        "type": "text",
        "context": [
            {
                "text": "Privacy Policy",
                "type": "h1"
            },
            {
                "text": "The Fine Print",
                "type": "h2"
            }
        ],
        "passage": "If you choose to use our Service, then you agree to the collection and use of information in relation to this policy. The Personal Information that we collect is used for providing and improving the Service. We will not use or share your information with anyone except as described in this Privacy Policy.",
        "annotations": [
            {
                "requirement": "Processing Purpose",
                "value": "providing [...] the Service",
                "performed": true
            },
            {
                "requirement": "Processing Purpose",
                "value": "improving the Service",
                "performed": true
            }
        ]
    },
    {
        "type": "text",
        "context": [
            {
                "text": "Privacy Policy",
                "type": "h1"
            },
            {
                "text": "The Fine Print",
                "type": "h2"
            }
        ],
        "passage": "The terms used in this Privacy Policy have the same meanings as in our Terms and Conditions, which is accessible at PhraseCatch unless otherwise defined in this Privacy Policy.",
        "annotations": []
    },
    {
        "type": "headline",
        "context": [
            {
                "text": "Privacy Policy",
                "type": "h1"
            },
            {
                "text": "The Fine Print",
                "type": "h2"
            }
        ],
        "passage": "Information Collection and Use",
        "annotations": []
    },
    {
        "type": "text",
        "context": [
            {
                "text": "Privacy Policy",
                "type": "h1"
            },
            {
                "text": "The Fine Print",
                "type": "h2"
            },
            {
                "text": "Information Collection and Use",
                "type": "h3"
            }
        ],
        "passage": "For a better experience, while using our Service, we may require you to provide us with certain personally identifiable information. The information that we request will be retained by us and used as described in this privacy policy.",
        "annotations": [
            {
                "requirement": "Processing Purpose",
                "value": "For a better experience",
                "performed": true
            },
            {
                "requirement": "Data Categories",
                "value": "certain personally identifiable information",
                "performed": true
            },
            {
                "requirement": "Data Retention Period",
                "value": "The information that we request will be retained by us",
                "performed": true
            }
        ]
    },
    {
        "type": "text",
        "context": [
            {
                "text": "Privacy Policy",
                "type": "h1"
            },
            {
                "text": "The Fine Print",
                "type": "h2"
            },
            {
                "text": "Information Collection and Use",
                "type": "h3"
            }
        ],
        "passage": "The app does use third party services that may collect information used to identify you.",
        "annotations": [
            {
                "requirement": "Data Recipients",
                "value": "third party services",
                "performed": true
            }
        ]
    },
    {
        "type": "text",
        "context": [
            {
                "text": "Privacy Policy",
                "type": "h1"
            },
            {
                "text": "The Fine Print",
                "type": "h2"
            },
            {
                "text": "Information Collection and Use",
                "type": "h3"
            }
        ],
        "passage": "Link to privacy policy of third party service providers used by the app",
        "annotations": [
            {
                "requirement": "Data Recipients",
                "value": "third party service providers",
                "performed": true
            }
        ]
    },
    {
        "type": "list_item",
        "context": [
            {
                "text": "Privacy Policy",
                "type": "h1"
            },
            {
                "text": "The Fine Print",
                "type": "h2"
            },
            {
                "text": "Information Collection and Use",
                "type": "h3"
            },
            {
                "text": "Link to privacy policy of third party service providers used by the app",
                "type": "list_intro"
            }
        ],
        "passage": "Google Play Services",
        "annotations": [
            {
                "requirement": "Data Recipients",
                "value": "Google Play Services",
                "performed": true
            }
        ]
    },
    {
        "type": "list_item",
        "context": [
            {
                "text": "Privacy Policy",
                "type": "h1"
            },
            {
                "text": "The Fine Print",
                "type": "h2"
            },
            {
                "text": "Information Collection and Use",
                "type": "h3"
            },
            {
                "text": "Link to privacy policy of third party service providers used by the app",
                "type": "list_intro"
            }
        ],
        "passage": "AdMob",
        "annotations": [
            {
                "requirement": "Data Recipients",
                "value": "AdMob",
                "performed": true
            }
        ]
    },
    {
        "type": "list_item",
        "context": [
            {
                "text": "Privacy Policy",
                "type": "h1"
            },
            {
                "text": "The Fine Print",
                "type": "h2"
            },
            {
                "text": "Information Collection and Use",
                "type": "h3"
            },
            {
                "text": "Link to privacy policy of third party service providers used by the app",
                "type": "list_intro"
            }
        ],
        "passage": "Firebase Analytics",
        "annotations": [
            {
                "requirement": "Data Recipients",
                "value": "Firebase Analytics",
                "performed": true
            }
        ]
    },
    {
        "type": "list_item",
        "context": [
            {
                "text": "Privacy Policy",
                "type": "h1"
            },
            {
                "text": "The Fine Print",
                "type": "h2"
            },
            {
                "text": "Information Collection and Use",
                "type": "h3"
            },
            {
                "text": "Link to privacy policy of third party service providers used by the app",
                "type": "list_intro"
            }
        ],
        "passage": "Firebase Crashlytics",
        "annotations": [
            {
                "requirement": "Data Recipients",
                "value": "Firebase Crashlytics",
                "performed": true
            }
        ]
    },
    {
        "type": "headline",
        "context": [
            {
                "text": "Privacy Policy",
                "type": "h1"
            },
            {
                "text": "The Fine Print",
                "type": "h2"
            },
            {
                "text": "Information Collection and Use",
                "type": "h3"
            }
        ],
        "passage": "Log Data",
        "annotations": [
            {
                "requirement": "Data Categories",
                "value": "Log Data",
                "performed": true
            }
        ]
    },
    {
        "type": "text",
        "context": [
            {
                "text": "Privacy Policy",
                "type": "h1"
            },
            {
                "text": "The Fine Print",
                "type": "h2"
            },
            {
                "text": "Log Data",
                "type": "h3"
            }
        ],
        "passage": "We want to inform you that whenever you use our Service, in a case of an error in the app we collect data and information (through third party products) on your phone called Log Data. This Log Data may include information such as your device Internet Protocol (\u201cIP\u201d) address, device name, operating system version, the configuration of the app when utilizing our Service, the time and date of your use of the Service, and other statistics.",
        "annotations": [
            {
                "requirement": "Data Categories",
                "value": "Log Data",
                "performed": true
            },
            {
                "requirement": "Data Categories",
                "value": "your device Internet Protocol (\\",
                "performed": true
            },
            {
                "requirement": "Data Categories",
                "value": "device name",
                "performed": true
            },
            {
                "requirement": "Data Categories",
                "value": "operating system version",
                "performed": true
            },
            {
                "requirement": "Data Categories",
                "value": "the configuration of the app when utilizing our Service",
                "performed": true
            },
            {
                "requirement": "Data Categories",
                "value": "the time and date of your use of the Service",
                "performed": true
            },
            {
                "requirement": "Data Categories",
                "value": "other statistics",
                "performed": true
            },
            {
                "requirement": "Source of Data",
                "value": "through third party products",
                "performed": true
            }
        ]
    },
    {
        "type": "headline",
        "context": [
            {
                "text": "Privacy Policy",
                "type": "h1"
            },
            {
                "text": "The Fine Print",
                "type": "h2"
            },
            {
                "text": "Log Data",
                "type": "h3"
            }
        ],
        "passage": "Cookies",
        "annotations": []
    },
    {
        "type": "text",
        "context": [
            {
                "text": "Privacy Policy",
                "type": "h1"
            },
            {
                "text": "The Fine Print",
                "type": "h2"
            },
            {
                "text": "Cookies",
                "type": "h3"
            }
        ],
        "passage": "Cookies are files with a small amount of data that are commonly used as anonymous unique identifiers. These are sent to your browser from the websites that you visit and are stored on your device's internal memory.",
        "annotations": []
    },
    {
        "type": "text",
        "context": [
            {
                "text": "Privacy Policy",
                "type": "h1"
            },
            {
                "text": "The Fine Print",
                "type": "h2"
            },
            {
                "text": "Cookies",
                "type": "h3"
            }
        ],
        "passage": "This Service does not use these \u201ccookies\u201d explicitly. However, the app may use third party code and libraries that use \u201ccookies\u201d to collect information and improve their services. You have the option to either accept or refuse these cookies and know when a cookie is being sent to your device. If you choose to refuse our cookies, you may not be able to use some portions of this Service.",
        "annotations": [
            {
                "requirement": "Processing Purpose",
                "value": "improve their services",
                "performed": true
            },
            {
                "requirement": "Data Recipients",
                "value": "third party code and libraries",
                "performed": true
            }
        ]
    },
    {
        "type": "headline",
        "context": [
            {
                "text": "Privacy Policy",
                "type": "h1"
            },
            {
                "text": "The Fine Print",
                "type": "h2"
            },
            {
                "text": "Cookies",
                "type": "h3"
            }
        ],
        "passage": "Service Providers",
        "annotations": []
    },
    {
        "type": "text",
        "context": [
            {
                "text": "Privacy Policy",
                "type": "h1"
            },
            {
                "text": "The Fine Print",
                "type": "h2"
            },
            {
                "text": "Service Providers",
                "type": "h3"
            }
        ],
        "passage": "We may employ third-party companies and individuals due to the following reasons:",
        "annotations": []
    },
    {
        "type": "list_item",
        "context": [
            {
                "text": "Privacy Policy",
                "type": "h1"
            },
            {
                "text": "The Fine Print",
                "type": "h2"
            },
            {
                "text": "Service Providers",
                "type": "h3"
            },
            {
                "text": "We may employ third-party companies and individuals due to the following reasons:",
                "type": "list_intro"
            }
        ],
        "passage": "To facilitate our Service;",
        "annotations": [
            {
                "requirement": "Processing Purpose",
                "value": "facilitate our Service",
                "performed": true
            }
        ]
    },
    {
        "type": "list_item",
        "context": [
            {
                "text": "Privacy Policy",
                "type": "h1"
            },
            {
                "text": "The Fine Print",
                "type": "h2"
            },
            {
                "text": "Service Providers",
                "type": "h3"
            },
            {
                "text": "We may employ third-party companies and individuals due to the following reasons:",
                "type": "list_intro"
            }
        ],
        "passage": "To provide the Service on our behalf;",
        "annotations": [
            {
                "requirement": "Processing Purpose",
                "value": "provide the Service",
                "performed": true
            }
        ]
    },
    {
        "type": "list_item",
        "context": [
            {
                "text": "Privacy Policy",
                "type": "h1"
            },
            {
                "text": "The Fine Print",
                "type": "h2"
            },
            {
                "text": "Service Providers",
                "type": "h3"
            },
            {
                "text": "We may employ third-party companies and individuals due to the following reasons:",
                "type": "list_intro"
            }
        ],
        "passage": "To perform Service-related services; or",
        "annotations": [
            {
                "requirement": "Processing Purpose",
                "value": "perform Service-related services",
                "performed": true
            }
        ]
    },
    {
        "type": "list_item",
        "context": [
            {
                "text": "Privacy Policy",
                "type": "h1"
            },
            {
                "text": "The Fine Print",
                "type": "h2"
            },
            {
                "text": "Service Providers",
                "type": "h3"
            },
            {
                "text": "We may employ third-party companies and individuals due to the following reasons:",
                "type": "list_intro"
            }
        ],
        "passage": "To assist us in analyzing how our Service is used.",
        "annotations": [
            {
                "requirement": "Processing Purpose",
                "value": "analyzing how our Service is used",
                "performed": true
            }
        ]
    },
    {
        "type": "text",
        "context": [
            {
                "text": "Privacy Policy",
                "type": "h1"
            },
            {
                "text": "The Fine Print",
                "type": "h2"
            },
            {
                "text": "Service Providers",
                "type": "h3"
            }
        ],
        "passage": "We want to inform users of this Service that these third parties have access to your Personal Information. The reason is to perform the tasks assigned to them on our behalf. However, they are obligated not to disclose or use the information for any other purpose.",
        "annotations": [
            {
                "requirement": "Data Recipients",
                "value": "these third parties",
                "performed": true
            },
            {
                "requirement": "Processing Purpose",
                "value": "perform the tasks assigned to them on our behalf",
                "performed": true
            }
        ]
    },
    {
        "type": "headline",
        "context": [
            {
                "text": "Privacy Policy",
                "type": "h1"
            },
            {
                "text": "The Fine Print",
                "type": "h2"
            },
            {
                "text": "Service Providers",
                "type": "h3"
            }
        ],
        "passage": "Security",
        "annotations": []
    },
    {
        "type": "text",
        "context": [
            {
                "text": "Privacy Policy",
                "type": "h1"
            },
            {
                "text": "The Fine Print",
                "type": "h2"
            },
            {
                "text": "Security",
                "type": "h3"
            }
        ],
        "passage": "We value your trust in providing us your Personal Information, thus we are striving to use commercially acceptable means of protecting it. But remember that no method of transmission over the internet, or method of electronic storage is 100% secure and reliable, and we cannot guarantee its absolute security.",
        "annotations": []
    },
    {
        "type": "headline",
        "context": [
            {
                "text": "Privacy Policy",
                "type": "h1"
            },
            {
                "text": "The Fine Print",
                "type": "h2"
            },
            {
                "text": "Security",
                "type": "h3"
            }
        ],
        "passage": "Links to Other Sites",
        "annotations": []
    },
    {
        "type": "text",
        "context": [
            {
                "text": "Privacy Policy",
                "type": "h1"
            },
            {
                "text": "The Fine Print",
                "type": "h2"
            },
            {
                "text": "Links to Other Sites",
                "type": "h3"
            }
        ],
        "passage": "This Service may contain links to other sites. If you click on a third-party link, you will be directed to that site. Note that these external sites are not operated by us. Therefore, we strongly advise you to review the Privacy Policy of these websites. We have no control over and assume no responsibility for the content, privacy policies, or practices of any third-party sites or services.",
        "annotations": []
    },
    {
        "type": "headline",
        "context": [
            {
                "text": "Privacy Policy",
                "type": "h1"
            },
            {
                "text": "The Fine Print",
                "type": "h2"
            },
            {
                "text": "Links to Other Sites",
                "type": "h3"
            }
        ],
        "passage": "Children\u2019s Privacy",
        "annotations": []
    },
    {
        "type": "text",
        "context": [
            {
                "text": "Privacy Policy",
                "type": "h1"
            },
            {
                "text": "The Fine Print",
                "type": "h2"
            },
            {
                "text": "Children\u2019s Privacy",
                "type": "h3"
            }
        ],
        "passage": "These Services do not address anyone under the age of 13. We do not knowingly collect personally identifiable information from children under 13. In the case we discover that a child under 13 has provided us with personal information, we immediately delete this from our servers. If you are a parent or guardian and you are aware that your child has provided us with personal information, please contact us so that we will be able to do necessary actions.",
        "annotations": [
            {
                "requirement": "Data Categories",
                "value": "personally identifiable information from children under 13",
                "performed": false
            }
        ]
    },
    {
        "type": "headline",
        "context": [
            {
                "text": "Privacy Policy",
                "type": "h1"
            },
            {
                "text": "The Fine Print",
                "type": "h2"
            },
            {
                "text": "Children\u2019s Privacy",
                "type": "h3"
            }
        ],
        "passage": "Changes to This Privacy Policy",
        "annotations": []
    },
    {
        "type": "text",
        "context": [
            {
                "text": "Privacy Policy",
                "type": "h1"
            },
            {
                "text": "The Fine Print",
                "type": "h2"
            },
            {
                "text": "Changes to This Privacy Policy",
                "type": "h3"
            }
        ],
        "passage": "We may update our Privacy Policy from time to time. Thus, you are advised to review this page periodically for any changes. We will notify you of any changes by posting the new Privacy Policy on this page. These changes are effective immediately after they are posted on this page.",
        "annotations": []
    },
    {
        "type": "headline",
        "context": [
            {
                "text": "Privacy Policy",
                "type": "h1"
            },
            {
                "text": "The Fine Print",
                "type": "h2"
            },
            {
                "text": "Changes to This Privacy Policy",
                "type": "h3"
            }
        ],
        "passage": "Contact Us",
        "annotations": []
    },
    {
        "type": "text",
        "context": [
            {
                "text": "Privacy Policy",
                "type": "h1"
            },
            {
                "text": "The Fine Print",
                "type": "h2"
            },
            {
                "text": "Contact Us",
                "type": "h3"
            }
        ],
        "passage": "If you have any questions or suggestions about our Privacy Policy, do not hesitate to contact us at jackson@plexum.co.",
        "annotations": [
            {
                "requirement": "Controller Contact",
                "value": "jackson@plexum.co",
                "performed": true
            }
        ]
    },
    {
        "type": "text",
        "context": [
            {
                "text": "Privacy Policy",
                "type": "h1"
            },
            {
                "text": "The Fine Print",
                "type": "h2"
            },
            {
                "text": "Contact Us",
                "type": "h3"
            }
        ],
        "passage": "Built on Unicorn Platform",
        "annotations": []
    }
]