[
    {
        "type": "headline",
        "context": [],
        "passage": "Privacy Policy for Mtaabizz Pos",
        "annotations": []
    },
    {
        "type": "headline",
        "context": [
            {
                "text": "Privacy Policy for Mtaabizz Pos",
                "type": "h1"
            }
        ],
        "passage": "Introduction",
        "annotations": []
    },
    {
        "type": "text",
        "context": [
            {
                "text": "Privacy Policy for Mtaabizz Pos",
                "type": "h1"
            },
            {
                "text": "Introduction",
                "type": "h2"
            }
        ],
        "passage": "Pwejar Hub Limited is committed to protecting your privacy under the Data Protection Act, 2018.",
        "annotations": [
            {
                "requirement": "Controller Name",
                "value": "Pwejar Hub Limited",
                "performed": true
            }
        ]
    },
    {
        "type": "text",
        "context": [
            {
                "text": "Privacy Policy for Mtaabizz Pos",
                "type": "h1"
            },
            {
                "text": "Introduction",
                "type": "h2"
            }
        ],
        "passage": "This Privacy Policy explains how we collect, use, and disclose information about your use of our",
        "annotations": []
    },
    {
        "type": "text",
        "context": [
            {
                "text": "Privacy Policy for Mtaabizz Pos",
                "type": "h1"
            },
            {
                "text": "Introduction",
                "type": "h2"
            }
        ],
        "passage": "Point of Sale (POS) software.",
        "annotations": []
    },
    {
        "type": "headline",
        "context": [
            {
                "text": "Privacy Policy for Mtaabizz Pos",
                "type": "h1"
            },
            {
                "text": "Introduction",
                "type": "h2"
            }
        ],
        "passage": "Information We Collect",
        "annotations": []
    },
    {
        "type": "text",
        "context": [
            {
                "text": "Privacy Policy for Mtaabizz Pos",
                "type": "h1"
            },
            {
                "text": "Information We Collect",
                "type": "h2"
            }
        ],
        "passage": "When you use our POS software, we may collect the following types of information:",
        "annotations": [
            {
                "requirement": "Data Categories",
                "value": "the following types of information",
                "performed": true
            }
        ]
    },
    {
        "type": "list_item",
        "context": [
            {
                "text": "Privacy Policy for Mtaabizz Pos",
                "type": "h1"
            },
            {
                "text": "Information We Collect",
                "type": "h2"
            },
            {
                "text": "When you use our POS software, we may collect the following types of information:",
                "type": "list_intro"
            }
        ],
        "passage": "\u25cf Personal Information: This includes your name, contact information, and any other information you voluntarily provide.",
        "annotations": [
            {
                "requirement": "Data Categories",
                "value": "your name",
                "performed": true
            },
            {
                "requirement": "Data Categories",
                "value": "contact information",
                "performed": true
            },
            {
                "requirement": "Data Categories",
                "value": "any other information you voluntarily provide",
                "performed": true
            }
        ]
    },
    {
        "type": "list_item",
        "context": [
            {
                "text": "Privacy Policy for Mtaabizz Pos",
                "type": "h1"
            },
            {
                "text": "Information We Collect",
                "type": "h2"
            },
            {
                "text": "When you use our POS software, we may collect the following types of information:",
                "type": "list_intro"
            }
        ],
        "passage": "\u25cf Transaction Information: We may collect information about your transactions, including product purchases, payment methods, and transaction amounts.",
        "annotations": [
            {
                "requirement": "Data Categories",
                "value": "Transaction Information",
                "performed": true
            },
            {
                "requirement": "Data Categories",
                "value": "transactions",
                "performed": true
            },
            {
                "requirement": "Data Categories",
                "value": "product purchases",
                "performed": true
            },
            {
                "requirement": "Data Categories",
                "value": "payment methods",
                "performed": true
            },
            {
                "requirement": "Data Categories",
                "value": "transaction amounts",
                "performed": true
            }
        ]
    },
    {
        "type": "list_item",
        "context": [
            {
                "text": "Privacy Policy for Mtaabizz Pos",
                "type": "h1"
            },
            {
                "text": "Information We Collect",
                "type": "h2"
            },
            {
                "text": "When you use our POS software, we may collect the following types of information:",
                "type": "list_intro"
            }
        ],
        "passage": "\u25cf Device Information: We may collect information about your device to access our software, such as your IP address, browser type, and operating system.",
        "annotations": [
            {
                "requirement": "Data Categories",
                "value": "information about your device",
                "performed": true
            },
            {
                "requirement": "Data Categories",
                "value": "your IP address",
                "performed": true
            },
            {
                "requirement": "Data Categories",
                "value": "browser type",
                "performed": true
            },
            {
                "requirement": "Data Categories",
                "value": "operating system",
                "performed": true
            }
        ]
    },
    {
        "type": "list_item",
        "context": [
            {
                "text": "Privacy Policy for Mtaabizz Pos",
                "type": "h1"
            },
            {
                "text": "Information We Collect",
                "type": "h2"
            },
            {
                "text": "When you use our POS software, we may collect the following types of information:",
                "type": "list_intro"
            }
        ],
        "passage": "\u25cf Usage Data: We may collect information about how you use our software, such as the pages you visit and the features you use.",
        "annotations": [
            {
                "requirement": "Data Categories",
                "value": "Usage Data",
                "performed": true
            },
            {
                "requirement": "Data Categories",
                "value": "pages you visit",
                "performed": true
            },
            {
                "requirement": "Data Categories",
                "value": "features you use",
                "performed": true
            }
        ]
    },
    {
        "type": "headline",
        "context": [
            {
                "text": "Privacy Policy for Mtaabizz Pos",
                "type": "h1"
            },
            {
                "text": "Information We Collect",
                "type": "h2"
            }
        ],
        "passage": "How We Use Your Information",
        "annotations": []
    },
    {
        "type": "text",
        "context": [
            {
                "text": "Privacy Policy for Mtaabizz Pos",
                "type": "h1"
            },
            {
                "text": "How We Use Your Information",
                "type": "h2"
            }
        ],
        "passage": "We may use your information for the following purposes:",
        "annotations": []
    },
    {
        "type": "list_item",
        "context": [
            {
                "text": "Privacy Policy for Mtaabizz Pos",
                "type": "h1"
            },
            {
                "text": "How We Use Your Information",
                "type": "h2"
            },
            {
                "text": "We may use your information for the following purposes:",
                "type": "list_intro"
            }
        ],
        "passage": "\u25cf To provide and maintain our POS software.",
        "annotations": [
            {
                "requirement": "Processing Purpose",
                "value": "provide and maintain our POS software",
                "performed": true
            }
        ]
    },
    {
        "type": "list_item",
        "context": [
            {
                "text": "Privacy Policy for Mtaabizz Pos",
                "type": "h1"
            },
            {
                "text": "How We Use Your Information",
                "type": "h2"
            },
            {
                "text": "We may use your information for the following purposes:",
                "type": "list_intro"
            }
        ],
        "passage": "\u25cf To process your transactions and payments.",
        "annotations": [
            {
                "requirement": "Processing Purpose",
                "value": "process your transactions and payments",
                "performed": true
            }
        ]
    },
    {
        "type": "list_item",
        "context": [
            {
                "text": "Privacy Policy for Mtaabizz Pos",
                "type": "h1"
            },
            {
                "text": "How We Use Your Information",
                "type": "h2"
            },
            {
                "text": "We may use your information for the following purposes:",
                "type": "list_intro"
            }
        ],
        "passage": "\u25cf To communicate with you about your account, products, or services.",
        "annotations": [
            {
                "requirement": "Processing Purpose",
                "value": "To communicate with you about your account, products, or services",
                "performed": true
            }
        ]
    },
    {
        "type": "list_item",
        "context": [
            {
                "text": "Privacy Policy for Mtaabizz Pos",
                "type": "h1"
            },
            {
                "text": "How We Use Your Information",
                "type": "h2"
            },
            {
                "text": "We may use your information for the following purposes:",
                "type": "list_intro"
            }
        ],
        "passage": "\u25cf To personalize your experience with our software.",
        "annotations": [
            {
                "requirement": "Processing Purpose",
                "value": "personalize your experience with our software",
                "performed": true
            }
        ]
    },
    {
        "type": "list_item",
        "context": [
            {
                "text": "Privacy Policy for Mtaabizz Pos",
                "type": "h1"
            },
            {
                "text": "How We Use Your Information",
                "type": "h2"
            },
            {
                "text": "We may use your information for the following purposes:",
                "type": "list_intro"
            }
        ],
        "passage": "\u25cf To improve our software and services.",
        "annotations": [
            {
                "requirement": "Processing Purpose",
                "value": "improve our software and services",
                "performed": true
            }
        ]
    },
    {
        "type": "list_item",
        "context": [
            {
                "text": "Privacy Policy for Mtaabizz Pos",
                "type": "h1"
            },
            {
                "text": "How We Use Your Information",
                "type": "h2"
            },
            {
                "text": "We may use your information for the following purposes:",
                "type": "list_intro"
            }
        ],
        "passage": "\u25cf To comply with legal requirements, including the Data Protection Act, of 2018.",
        "annotations": [
            {
                "requirement": "Processing Purpose",
                "value": "To comply with legal requirements",
                "performed": true
            }
        ]
    },
    {
        "type": "headline",
        "context": [
            {
                "text": "Privacy Policy for Mtaabizz Pos",
                "type": "h1"
            },
            {
                "text": "How We Use Your Information",
                "type": "h2"
            }
        ],
        "passage": "Disclosure of Your Information",
        "annotations": []
    },
    {
        "type": "text",
        "context": [
            {
                "text": "Privacy Policy for Mtaabizz Pos",
                "type": "h1"
            },
            {
                "text": "Disclosure of Your Information",
                "type": "h2"
            }
        ],
        "passage": "We may disclose your information to:",
        "annotations": [
            {
                "requirement": "Data Recipients",
                "value": "your information",
                "performed": true
            }
        ]
    },
    {
        "type": "list_item",
        "context": [
            {
                "text": "Privacy Policy for Mtaabizz Pos",
                "type": "h1"
            },
            {
                "text": "Disclosure of Your Information",
                "type": "h2"
            },
            {
                "text": "We may disclose your information to:",
                "type": "list_intro"
            }
        ],
        "passage": "\u25cf Our service providers help us operate our business.",
        "annotations": [
            {
                "requirement": "Data Recipients",
                "value": "Our service providers",
                "performed": true
            }
        ]
    },
    {
        "type": "list_item",
        "context": [
            {
                "text": "Privacy Policy for Mtaabizz Pos",
                "type": "h1"
            },
            {
                "text": "Disclosure of Your Information",
                "type": "h2"
            },
            {
                "text": "We may disclose your information to:",
                "type": "list_intro"
            }
        ],
        "passage": "\u25cf Law enforcement or regulatory authorities as required by law.",
        "annotations": [
            {
                "requirement": "Mandatory Data Disclosure",
                "value": "as required by law",
                "performed": true
            }
        ]
    },
    {
        "type": "list_item",
        "context": [
            {
                "text": "Privacy Policy for Mtaabizz Pos",
                "type": "h1"
            },
            {
                "text": "Disclosure of Your Information",
                "type": "h2"
            },
            {
                "text": "We may disclose your information to:",
                "type": "list_intro"
            }
        ],
        "passage": "\u25cf A third party in the event of a merger, acquisition, or sale of assets.",
        "annotations": [
            {
                "requirement": "Data Recipients",
                "value": "A third party in the event of a merger, acquisition, or sale of assets",
                "performed": true
            }
        ]
    },
    {
        "type": "headline",
        "context": [
            {
                "text": "Privacy Policy for Mtaabizz Pos",
                "type": "h1"
            },
            {
                "text": "Disclosure of Your Information",
                "type": "h2"
            }
        ],
        "passage": "Data Security",
        "annotations": []
    },
    {
        "type": "text",
        "context": [
            {
                "text": "Privacy Policy for Mtaabizz Pos",
                "type": "h1"
            },
            {
                "text": "Data Security",
                "type": "h2"
            }
        ],
        "passage": "We implement reasonable security measures to protect your information from unauthorized access, disclosure, alteration, or destruction in compliance with the Data Protection Act, of 2018. However, no method of transmission over the Internet or electronic storage is 100% secure.",
        "annotations": []
    },
    {
        "type": "headline",
        "context": [
            {
                "text": "Privacy Policy for Mtaabizz Pos",
                "type": "h1"
            },
            {
                "text": "Data Security",
                "type": "h2"
            }
        ],
        "passage": "Your Rights",
        "annotations": []
    },
    {
        "type": "text",
        "context": [
            {
                "text": "Privacy Policy for Mtaabizz Pos",
                "type": "h1"
            },
            {
                "text": "Your Rights",
                "type": "h2"
            }
        ],
        "passage": "You may have certain rights regarding your personal information, including the right to:",
        "annotations": [
            {
                "requirement": "Right to Access",
                "value": "the right to:",
                "performed": true
            },
            {
                "requirement": "Right to Rectification",
                "value": "the right to:",
                "performed": true
            },
            {
                "requirement": "Right to Erasure",
                "value": "the right to:",
                "performed": true
            },
            {
                "requirement": "Right to Restrict",
                "value": "the right to:",
                "performed": true
            },
            {
                "requirement": "Right to Object",
                "value": "the right to:",
                "performed": true
            },
            {
                "requirement": "Right to Portability",
                "value": "the right to:",
                "performed": true
            }
        ]
    },
    {
        "type": "list_item",
        "context": [
            {
                "text": "Privacy Policy for Mtaabizz Pos",
                "type": "h1"
            },
            {
                "text": "Your Rights",
                "type": "h2"
            },
            {
                "text": "You may have certain rights regarding your personal information, including the right to:",
                "type": "list_intro"
            }
        ],
        "passage": "\u25cf Access and correct your information.",
        "annotations": [
            {
                "requirement": "Right to Access",
                "value": "Access PLACEHOLDER your information",
                "performed": true
            },
            {
                "requirement": "Right to Rectification",
                "value": "correct your information",
                "performed": true
            }
        ]
    },
    {
        "type": "list_item",
        "context": [
            {
                "text": "Privacy Policy for Mtaabizz Pos",
                "type": "h1"
            },
            {
                "text": "Your Rights",
                "type": "h2"
            },
            {
                "text": "You may have certain rights regarding your personal information, including the right to:",
                "type": "list_intro"
            }
        ],
        "passage": "\u25cf Delete your information.",
        "annotations": [
            {
                "requirement": "Right to Erasure",
                "value": "Delete your information",
                "performed": true
            }
        ]
    },
    {
        "type": "list_item",
        "context": [
            {
                "text": "Privacy Policy for Mtaabizz Pos",
                "type": "h1"
            },
            {
                "text": "Your Rights",
                "type": "h2"
            },
            {
                "text": "You may have certain rights regarding your personal information, including the right to:",
                "type": "list_intro"
            }
        ],
        "passage": "\u25cf Object to the processing of your information.",
        "annotations": [
            {
                "requirement": "Right to Object",
                "value": "Object to the processing of your information",
                "performed": true
            }
        ]
    },
    {
        "type": "list_item",
        "context": [
            {
                "text": "Privacy Policy for Mtaabizz Pos",
                "type": "h1"
            },
            {
                "text": "Your Rights",
                "type": "h2"
            },
            {
                "text": "You may have certain rights regarding your personal information, including the right to:",
                "type": "list_intro"
            }
        ],
        "passage": "\u25cf Restrict the processing of your information.",
        "annotations": [
            {
                "requirement": "Right to Restrict",
                "value": "Restrict the processing of your information",
                "performed": true
            }
        ]
    },
    {
        "type": "list_item",
        "context": [
            {
                "text": "Privacy Policy for Mtaabizz Pos",
                "type": "h1"
            },
            {
                "text": "Your Rights",
                "type": "h2"
            },
            {
                "text": "You may have certain rights regarding your personal information, including the right to:",
                "type": "list_intro"
            }
        ],
        "passage": "\u25cf Data portability.",
        "annotations": [
            {
                "requirement": "Right to Portability",
                "value": "Data portability",
                "performed": true
            }
        ]
    },
    {
        "type": "text",
        "context": [
            {
                "text": "Privacy Policy for Mtaabizz Pos",
                "type": "h1"
            },
            {
                "text": "Your Rights",
                "type": "h2"
            }
        ],
        "passage": "To exercise your rights, please contact us using the information provided below.",
        "annotations": [
            {
                "requirement": "Right to Access",
                "value": "To exercise your rights",
                "performed": true
            },
            {
                "requirement": "Right to Rectification",
                "value": "To exercise your rights",
                "performed": true
            },
            {
                "requirement": "Right to Erasure",
                "value": "To exercise your rights",
                "performed": true
            },
            {
                "requirement": "Right to Restrict",
                "value": "To exercise your rights",
                "performed": true
            },
            {
                "requirement": "Right to Object",
                "value": "To exercise your rights",
                "performed": true
            },
            {
                "requirement": "Right to Portability",
                "value": "To exercise your rights",
                "performed": true
            },
            {
                "requirement": "Right to Withdraw Consent",
                "value": "To exercise your rights",
                "performed": true
            },
            {
                "requirement": "Right to Lodge Complaint",
                "value": "To exercise your rights",
                "performed": true
            }
        ]
    },
    {
        "type": "headline",
        "context": [
            {
                "text": "Privacy Policy for Mtaabizz Pos",
                "type": "h1"
            },
            {
                "text": "Your Rights",
                "type": "h2"
            }
        ],
        "passage": "Contact Us",
        "annotations": []
    },
    {
        "type": "text",
        "context": [
            {
                "text": "Privacy Policy for Mtaabizz Pos",
                "type": "h1"
            },
            {
                "text": "Contact Us",
                "type": "h2"
            }
        ],
        "passage": "If you have any questions about this Privacy Policy or our practices, please contact us at:",
        "annotations": [
            {
                "requirement": "Controller Contact",
                "value": "contact us at",
                "performed": true
            }
        ]
    },
    {
        "type": "text",
        "context": [
            {
                "text": "Privacy Policy for Mtaabizz Pos",
                "type": "h1"
            },
            {
                "text": "Contact Us",
                "type": "h2"
            }
        ],
        "passage": "Pwejar Hub Limited",
        "annotations": [
            {
                "requirement": "Controller Name",
                "value": "Pwejar Hub Limited",
                "performed": true
            }
        ]
    },
    {
        "type": "text",
        "context": [
            {
                "text": "Privacy Policy for Mtaabizz Pos",
                "type": "h1"
            },
            {
                "text": "Contact Us",
                "type": "h2"
            }
        ],
        "passage": "P.o Box 10-80108",
        "annotations": [
            {
                "requirement": "Controller Contact",
                "value": "P.o Box 10-80108",
                "performed": true
            }
        ]
    },
    {
        "type": "text",
        "context": [
            {
                "text": "Privacy Policy for Mtaabizz Pos",
                "type": "h1"
            },
            {
                "text": "Contact Us",
                "type": "h2"
            }
        ],
        "passage": "Kilifi, Kenya",
        "annotations": [
            {
                "requirement": "Controller Contact",
                "value": "Kilifi, Kenya",
                "performed": true
            }
        ]
    },
    {
        "type": "text",
        "context": [
            {
                "text": "Privacy Policy for Mtaabizz Pos",
                "type": "h1"
            },
            {
                "text": "Contact Us",
                "type": "h2"
            }
        ],
        "passage": "Email: info@pwejar.com",
        "annotations": [
            {
                "requirement": "Controller Contact",
                "value": "info@pwejar.com",
                "performed": true
            }
        ]
    },
    {
        "type": "text",
        "context": [
            {
                "text": "Privacy Policy for Mtaabizz Pos",
                "type": "h1"
            },
            {
                "text": "Contact Us",
                "type": "h2"
            }
        ],
        "passage": "Phone: +254792644077",
        "annotations": [
            {
                "requirement": "Controller Contact",
                "value": "Phone: +254792644077",
                "performed": true
            }
        ]
    },
    {
        "type": "headline",
        "context": [
            {
                "text": "Privacy Policy for Mtaabizz Pos",
                "type": "h1"
            },
            {
                "text": "Contact Us",
                "type": "h2"
            }
        ],
        "passage": "Changes to This Privacy Policy",
        "annotations": []
    },
    {
        "type": "text",
        "context": [
            {
                "text": "Privacy Policy for Mtaabizz Pos",
                "type": "h1"
            },
            {
                "text": "Changes to This Privacy Policy",
                "type": "h2"
            }
        ],
        "passage": "We may update this Privacy Policy from time to time. We will notify you of any material changes",
        "annotations": []
    },
    {
        "type": "text",
        "context": [
            {
                "text": "Privacy Policy for Mtaabizz Pos",
                "type": "h1"
            },
            {
                "text": "Changes to This Privacy Policy",
                "type": "h2"
            }
        ],
        "passage": "by posting the revised policy on our website.",
        "annotations": []
    },
    {
        "type": "text",
        "context": [
            {
                "text": "Privacy Policy for Mtaabizz Pos",
                "type": "h1"
            },
            {
                "text": "Changes to This Privacy Policy",
                "type": "h2"
            }
        ],
        "passage": "Effective Date",
        "annotations": []
    },
    {
        "type": "text",
        "context": [
            {
                "text": "Privacy Policy for Mtaabizz Pos",
                "type": "h1"
            },
            {
                "text": "Changes to This Privacy Policy",
                "type": "h2"
            }
        ],
        "passage": "This Privacy Policy is effective as of October 17th, 2024.",
        "annotations": []
    }
]