[
    {
        "type": "headline",
        "context": [],
        "passage": "CHuGO Pte Ltd",
        "annotations": []
    },
    {
        "type": "headline",
        "context": [
            {
                "text": "CHuGO Pte Ltd",
                "type": "h1"
            }
        ],
        "passage": "Data Protection Notice for Customers",
        "annotations": []
    },
    {
        "type": "text",
        "context": [
            {
                "text": "CHuGO Pte Ltd",
                "type": "h1"
            },
            {
                "text": "Data Protection Notice for Customers",
                "type": "h2"
            }
        ],
        "passage": "Effective 01 July 2022.",
        "annotations": []
    },
    {
        "type": "text",
        "context": [
            {
                "text": "CHuGO Pte Ltd",
                "type": "h1"
            },
            {
                "text": "Data Protection Notice for Customers",
                "type": "h2"
            }
        ],
        "passage": "This Data Protection Notice (\u201cNotice\u201d) sets out the basis which CHuGO Pte Ltd (\u201cwe\u201d, \u201c us\u201d, or \u201c our\u201d) and its various brands (CHuGO, ChopeShift, ChopeBoss, LeXisCard.Asia, LexisJobs.Asia (hereby known as our \u201cServices\u201d)) within the CHuGO ecosystem (may collect, use, disclose or otherwise process personal data of our customers in accordance with the Personal Data Protection Act (\" PDPA\"). This Notice applies to personal data in our possession or under our control, including personal data in the possession of organisations which we have engaged to collect, use, disclose or process personal data for our purposes.",
        "annotations": [
            {
                "requirement": "Controller Name",
                "value": "CHuGO Pte Ltd",
                "performed": true
            },
            {
                "requirement": "Data Categories",
                "value": "personal data",
                "performed": true
            },
            {
                "requirement": "Source of Data",
                "value": "our possession",
                "performed": true
            },
            {
                "requirement": "Source of Data",
                "value": "our control",
                "performed": true
            },
            {
                "requirement": "Source of Data",
                "value": "organisations which we have engaged to collect, use, disclose or process personal data for our purposes",
                "performed": true
            }
        ]
    },
    {
        "type": "headline",
        "context": [
            {
                "text": "CHuGO Pte Ltd",
                "type": "h1"
            },
            {
                "text": "Data Protection Notice for Customers",
                "type": "h2"
            }
        ],
        "passage": "Personal Data",
        "annotations": []
    },
    {
        "type": "text",
        "context": [
            {
                "text": "CHuGO Pte Ltd",
                "type": "h1"
            },
            {
                "text": "Data Protection Notice for Customers",
                "type": "h2"
            },
            {
                "text": "Personal Data",
                "type": "h3"
            }
        ],
        "passage": "As used in this Notice:",
        "annotations": []
    },
    {
        "type": "list_item",
        "context": [
            {
                "text": "CHuGO Pte Ltd",
                "type": "h1"
            },
            {
                "text": "Data Protection Notice for Customers",
                "type": "h2"
            },
            {
                "text": "Personal Data",
                "type": "h3"
            },
            {
                "text": "As used in this Notice:",
                "type": "list_intro"
            }
        ],
        "passage": "\u201ccustomer\u201d means an individual who (a) has contacted us through any means to find out more about any goods or services we provide, or (b) may, or has, entered into a contract with us for the supply of any goods or services by us; and",
        "annotations": []
    },
    {
        "type": "list_item",
        "context": [
            {
                "text": "CHuGO Pte Ltd",
                "type": "h1"
            },
            {
                "text": "Data Protection Notice for Customers",
                "type": "h2"
            },
            {
                "text": "Personal Data",
                "type": "h3"
            },
            {
                "text": "As used in this Notice:",
                "type": "list_intro"
            }
        ],
        "passage": "\u201cpersonal data\u201d means data, whether true or not, about a customer who can be identified: (a) from that data; or (b) from that data and other information to which we have or are likely to have access.",
        "annotations": []
    },
    {
        "type": "text",
        "context": [
            {
                "text": "CHuGO Pte Ltd",
                "type": "h1"
            },
            {
                "text": "Data Protection Notice for Customers",
                "type": "h2"
            },
            {
                "text": "Personal Data",
                "type": "h3"
            }
        ],
        "passage": "Depending on the nature of your interaction with us, some examples of personal data which we may collect from you include name, residential address, email address, telephone number, gender, date of birth, and marital status.",
        "annotations": [
            {
                "requirement": "Data Categories",
                "value": "name",
                "performed": true
            },
            {
                "requirement": "Data Categories",
                "value": "residential address",
                "performed": true
            },
            {
                "requirement": "Data Categories",
                "value": "email address",
                "performed": true
            },
            {
                "requirement": "Data Categories",
                "value": "telephone number",
                "performed": true
            },
            {
                "requirement": "Data Categories",
                "value": "gender",
                "performed": true
            },
            {
                "requirement": "Data Categories",
                "value": "date of birth",
                "performed": true
            },
            {
                "requirement": "Data Categories",
                "value": "marital status",
                "performed": true
            }
        ]
    },
    {
        "type": "text",
        "context": [
            {
                "text": "CHuGO Pte Ltd",
                "type": "h1"
            },
            {
                "text": "Data Protection Notice for Customers",
                "type": "h2"
            },
            {
                "text": "Personal Data",
                "type": "h3"
            }
        ],
        "passage": "Other terms used in this Notice shall have the meanings given to them in the PDPA (where the context so permits).",
        "annotations": []
    },
    {
        "type": "headline",
        "context": [
            {
                "text": "CHuGO Pte Ltd",
                "type": "h1"
            },
            {
                "text": "Data Protection Notice for Customers",
                "type": "h2"
            },
            {
                "text": "Personal Data",
                "type": "h3"
            }
        ],
        "passage": "Collection, Use And Disclosure of Personal Data",
        "annotations": []
    },
    {
        "type": "text",
        "context": [
            {
                "text": "CHuGO Pte Ltd",
                "type": "h1"
            },
            {
                "text": "Data Protection Notice for Customers",
                "type": "h2"
            },
            {
                "text": "Collection, Use And Disclosure of Personal Data",
                "type": "h3"
            }
        ],
        "passage": "We generally do not collect your personal data unless (a) it is provided to us voluntarily by you directly or via a third party who has been duly authorised by you to disclose your personal data to us (your \u201cauthorised representative\u201d) after (i) you (or your authorised representative) have been notified of the purposes for which the data is collected, and (ii) you (or your authorised representative) have provided written consent to the collection and usage of your personal data for those purposes, or (b) collection and use of personal data without consent is permitted or required by the PDPA or other laws. We shall seek your consent before collecting any additional personal data and before using your personal data for a purpose which has not been notified to you (except where permitted or authorised by law).",
        "annotations": [
            {
                "requirement": "Source of Data",
                "value": "provided to us [...] by you directly",
                "performed": true
            },
            {
                "requirement": "Source of Data",
                "value": "via a third party who has been duly authorised by you to disclose your personal data to us",
                "performed": true
            },
            {
                "requirement": "Legal Basis for Processing",
                "value": "you [...] have provided written consent",
                "performed": true
            },
            {
                "requirement": "Legal Basis for Processing",
                "value": "your authorised representative [...] have\u00a0provided written consent",
                "performed": true
            },
            {
                "requirement": "Data Categories",
                "value": "personal data",
                "performed": true
            },
            {
                "requirement": "Data Categories",
                "value": "personal data",
                "performed": true
            },
            {
                "requirement": "Data Categories",
                "value": "personal data",
                "performed": true
            },
            {
                "requirement": "Legal Basis for Processing",
                "value": "We shall seek your consent before collecting any additional personal data and before using your personal data for a purpose which has not been notified to you",
                "performed": true
            }
        ]
    },
    {
        "type": "text",
        "context": [
            {
                "text": "CHuGO Pte Ltd",
                "type": "h1"
            },
            {
                "text": "Data Protection Notice for Customers",
                "type": "h2"
            },
            {
                "text": "Collection, Use And Disclosure of Personal Data",
                "type": "h3"
            }
        ],
        "passage": "We may collect and use your personal data for any or all of the following purposes:",
        "annotations": [
            {
                "requirement": "Data Categories",
                "value": "personal data",
                "performed": true
            }
        ]
    },
    {
        "type": "list_item",
        "context": [
            {
                "text": "CHuGO Pte Ltd",
                "type": "h1"
            },
            {
                "text": "Data Protection Notice for Customers",
                "type": "h2"
            },
            {
                "text": "Collection, Use And Disclosure of Personal Data",
                "type": "h3"
            },
            {
                "text": "We may collect and use your personal data for any or all of the following purposes:",
                "type": "list_intro"
            }
        ],
        "passage": "performing obligations in the course of or in connection with our provision of the goods and/or services requested by you;",
        "annotations": [
            {
                "requirement": "Processing Purpose",
                "value": "performing obligations in the course of [...] our provision of the goods and/or services requested by you",
                "performed": true
            }
        ]
    },
    {
        "type": "list_item",
        "context": [
            {
                "text": "CHuGO Pte Ltd",
                "type": "h1"
            },
            {
                "text": "Data Protection Notice for Customers",
                "type": "h2"
            },
            {
                "text": "Collection, Use And Disclosure of Personal Data",
                "type": "h3"
            },
            {
                "text": "We may collect and use your personal data for any or all of the following purposes:",
                "type": "list_intro"
            }
        ],
        "passage": "verifying your identity;",
        "annotations": [
            {
                "requirement": "Processing Purpose",
                "value": "verifying your identity",
                "performed": true
            }
        ]
    },
    {
        "type": "list_item",
        "context": [
            {
                "text": "CHuGO Pte Ltd",
                "type": "h1"
            },
            {
                "text": "Data Protection Notice for Customers",
                "type": "h2"
            },
            {
                "text": "Collection, Use And Disclosure of Personal Data",
                "type": "h3"
            },
            {
                "text": "We may collect and use your personal data for any or all of the following purposes:",
                "type": "list_intro"
            }
        ],
        "passage": "responding to, handling, and processing queries, requests, applications, complaints, and feedback from you;",
        "annotations": [
            {
                "requirement": "Processing Purpose",
                "value": "responding to [...] queries",
                "performed": true
            },
            {
                "requirement": "Processing Purpose",
                "value": "handling [...] complaints",
                "performed": true
            },
            {
                "requirement": "Processing Purpose",
                "value": "processing [...] feedback",
                "performed": true
            }
        ]
    },
    {
        "type": "list_item",
        "context": [
            {
                "text": "CHuGO Pte Ltd",
                "type": "h1"
            },
            {
                "text": "Data Protection Notice for Customers",
                "type": "h2"
            },
            {
                "text": "Collection, Use And Disclosure of Personal Data",
                "type": "h3"
            },
            {
                "text": "We may collect and use your personal data for any or all of the following purposes:",
                "type": "list_intro"
            }
        ],
        "passage": "managing your relationship with us;",
        "annotations": [
            {
                "requirement": "Processing Purpose",
                "value": "managing your relationship with us",
                "performed": true
            }
        ]
    },
    {
        "type": "list_item",
        "context": [
            {
                "text": "CHuGO Pte Ltd",
                "type": "h1"
            },
            {
                "text": "Data Protection Notice for Customers",
                "type": "h2"
            },
            {
                "text": "Collection, Use And Disclosure of Personal Data",
                "type": "h3"
            },
            {
                "text": "We may collect and use your personal data for any or all of the following purposes:",
                "type": "list_intro"
            }
        ],
        "passage": "processing payment or credit transactions;",
        "annotations": [
            {
                "requirement": "Processing Purpose",
                "value": "processing payment or credit transactions",
                "performed": true
            }
        ]
    },
    {
        "type": "list_item",
        "context": [
            {
                "text": "CHuGO Pte Ltd",
                "type": "h1"
            },
            {
                "text": "Data Protection Notice for Customers",
                "type": "h2"
            },
            {
                "text": "Collection, Use And Disclosure of Personal Data",
                "type": "h3"
            },
            {
                "text": "We may collect and use your personal data for any or all of the following purposes:",
                "type": "list_intro"
            }
        ],
        "passage": "complying with any applicable laws, regulations, codes of practice, guidelines, or rules, or to assist in law enforcement and investigations conducted by any governmental and/or regulatory authority;",
        "annotations": [
            {
                "requirement": "Processing Purpose",
                "value": "complying with any applicable laws, regulations, codes of practice, guidelines, or rules",
                "performed": true
            },
            {
                "requirement": "Processing Purpose",
                "value": "to assist in law enforcement and investigations conducted by any governmental and/or regulatory authority",
                "performed": true
            }
        ]
    },
    {
        "type": "list_item",
        "context": [
            {
                "text": "CHuGO Pte Ltd",
                "type": "h1"
            },
            {
                "text": "Data Protection Notice for Customers",
                "type": "h2"
            },
            {
                "text": "Collection, Use And Disclosure of Personal Data",
                "type": "h3"
            },
            {
                "text": "We may collect and use your personal data for any or all of the following purposes:",
                "type": "list_intro"
            }
        ],
        "passage": "any other purposes for which you have provided the information;",
        "annotations": [
            {
                "requirement": "Processing Purpose",
                "value": "any other purposes for which you have provided the information",
                "performed": true
            }
        ]
    },
    {
        "type": "list_item",
        "context": [
            {
                "text": "CHuGO Pte Ltd",
                "type": "h1"
            },
            {
                "text": "Data Protection Notice for Customers",
                "type": "h2"
            },
            {
                "text": "Collection, Use And Disclosure of Personal Data",
                "type": "h3"
            },
            {
                "text": "We may collect and use your personal data for any or all of the following purposes:",
                "type": "list_intro"
            }
        ],
        "passage": "transmitting to any unaffiliated third parties including our third party service providers and agents, and relevant governmental and/or regulatory authorities, whether in Singapore or abroad, for the aforementioned purposes; and",
        "annotations": [
            {
                "requirement": "Data Recipients",
                "value": "unaffiliated third parties",
                "performed": true
            },
            {
                "requirement": "Data Recipients",
                "value": "our third party service providers and agents",
                "performed": true
            },
            {
                "requirement": "Data Recipients",
                "value": "relevant governmental and/or regulatory authorities",
                "performed": true
            },
            {
                "requirement": "Third-country Transfers",
                "value": "abroad",
                "performed": true
            }
        ]
    },
    {
        "type": "list_item",
        "context": [
            {
                "text": "CHuGO Pte Ltd",
                "type": "h1"
            },
            {
                "text": "Data Protection Notice for Customers",
                "type": "h2"
            },
            {
                "text": "Collection, Use And Disclosure of Personal Data",
                "type": "h3"
            },
            {
                "text": "We may collect and use your personal data for any or all of the following purposes:",
                "type": "list_intro"
            }
        ],
        "passage": "any other incidental business purposes related to or in connection with the above.",
        "annotations": [
            {
                "requirement": "Processing Purpose",
                "value": "incidental business purposes related to [...] the above",
                "performed": true
            }
        ]
    },
    {
        "type": "text",
        "context": [
            {
                "text": "CHuGO Pte Ltd",
                "type": "h1"
            },
            {
                "text": "Data Protection Notice for Customers",
                "type": "h2"
            },
            {
                "text": "Collection, Use And Disclosure of Personal Data",
                "type": "h3"
            }
        ],
        "passage": "We may disclose your personal data:",
        "annotations": []
    },
    {
        "type": "list_item",
        "context": [
            {
                "text": "CHuGO Pte Ltd",
                "type": "h1"
            },
            {
                "text": "Data Protection Notice for Customers",
                "type": "h2"
            },
            {
                "text": "Collection, Use And Disclosure of Personal Data",
                "type": "h3"
            },
            {
                "text": "We may disclose your personal data:",
                "type": "list_intro"
            }
        ],
        "passage": "where such disclosure is required for performing obligations in the course of or in connection with our provision of the goods and services requested by you.",
        "annotations": [
            {
                "requirement": "Processing Purpose",
                "value": "performing obligations in the course of or in connection with our provision of the goods and services requested by you",
                "performed": true
            }
        ]
    },
    {
        "type": "headline",
        "context": [
            {
                "text": "CHuGO Pte Ltd",
                "type": "h1"
            },
            {
                "text": "Data Protection Notice for Customers",
                "type": "h2"
            },
            {
                "text": "Collection, Use And Disclosure of Personal Data",
                "type": "h3"
            }
        ],
        "passage": "Deemed Consent by Notification",
        "annotations": []
    },
    {
        "type": "text",
        "context": [
            {
                "text": "CHuGO Pte Ltd",
                "type": "h1"
            },
            {
                "text": "Data Protection Notice for Customers",
                "type": "h2"
            },
            {
                "text": "Deemed Consent by Notification",
                "type": "h3"
            }
        ],
        "passage": "We may collect or use your personal data, or disclose existing personal data for secondary purposes that differ from the primary purpose which it had originally collected for pursuant to clauses 5 and 6. If CHuGO Pte Ltd intends to rely on deemed consent by notification for such secondary purposes, CHuGO Pte Ltd will notify you of the proposed collection, use or disclosure of his personal data through appropriate mode(s) ofcommunication.",
        "annotations": [
            {
                "requirement": "Controller Name",
                "value": "CHuGO Pte Ltd",
                "performed": true
            },
            {
                "requirement": "Data Categories",
                "value": "personal data",
                "performed": true
            },
            {
                "requirement": "Legal Basis for Processing",
                "value": "deemed consent by notification",
                "performed": true
            },
            {
                "requirement": "Controller Name",
                "value": "CHuGO Pte Ltd",
                "performed": true
            }
        ]
    },
    {
        "type": "text",
        "context": [
            {
                "text": "CHuGO Pte Ltd",
                "type": "h1"
            },
            {
                "text": "Data Protection Notice for Customers",
                "type": "h2"
            },
            {
                "text": "Deemed Consent by Notification",
                "type": "h3"
            }
        ],
        "passage": "In particular, we may rely on deemed consent by notification to collect, use or disclose your personal data for the following purposes:",
        "annotations": [
            {
                "requirement": "Legal Basis for Processing",
                "value": "deemed consent by notification",
                "performed": true
            }
        ]
    },
    {
        "type": "list_item",
        "context": [
            {
                "text": "CHuGO Pte Ltd",
                "type": "h1"
            },
            {
                "text": "Data Protection Notice for Customers",
                "type": "h2"
            },
            {
                "text": "Deemed Consent by Notification",
                "type": "h3"
            },
            {
                "text": "In particular, we may rely on deemed consent by notification to collect, use or disclose your personal data for the following purposes:",
                "type": "list_intro"
            }
        ],
        "passage": "Marketing purposes",
        "annotations": [
            {
                "requirement": "Processing Purpose",
                "value": "Marketing purposes",
                "performed": true
            }
        ]
    },
    {
        "type": "text",
        "context": [
            {
                "text": "CHuGO Pte Ltd",
                "type": "h1"
            },
            {
                "text": "Data Protection Notice for Customers",
                "type": "h2"
            },
            {
                "text": "Deemed Consent by Notification",
                "type": "h3"
            }
        ],
        "passage": "Before relying on deemed consent by notification, CHuGO Pte Ltd will assess and determine that the collection, use and disclosure of the personal data will not likely have an adverse effect on you.",
        "annotations": [
            {
                "requirement": "Controller Name",
                "value": "CHuGO Pte Ltd",
                "performed": true
            },
            {
                "requirement": "Legal Basis for Processing",
                "value": "deemed consent by notification",
                "performed": true
            }
        ]
    },
    {
        "type": "text",
        "context": [
            {
                "text": "CHuGO Pte Ltd",
                "type": "h1"
            },
            {
                "text": "Data Protection Notice for Customers",
                "type": "h2"
            },
            {
                "text": "Deemed Consent by Notification",
                "type": "h3"
            }
        ],
        "passage": "You will be given a reasonable period to inform us if you wish to opt-out of the collection, use and disclosure of your personal data for such purposes.",
        "annotations": [
            {
                "requirement": "Right to Object",
                "value": "you wish to opt-out of the collection, use and disclosure of your personal data",
                "performed": true
            }
        ]
    },
    {
        "type": "text",
        "context": [
            {
                "text": "CHuGO Pte Ltd",
                "type": "h1"
            },
            {
                "text": "Data Protection Notice for Customers",
                "type": "h2"
            },
            {
                "text": "Deemed Consent by Notification",
                "type": "h3"
            }
        ],
        "passage": "After the lapse of the opt-out period, you may notify us that you no longer wish to consent to the purposes for which your consent was deemed by notification by withdrawing your consent for the collection, use or disclosure of your personal data in relation to those purposes.",
        "annotations": [
            {
                "requirement": "Right to Withdraw Consent",
                "value": "you may notify us that you no longer wish to consent to the purposes for which your consent was deemed by notification by withdrawing your consent",
                "performed": true
            }
        ]
    },
    {
        "type": "headline",
        "context": [
            {
                "text": "CHuGO Pte Ltd",
                "type": "h1"
            },
            {
                "text": "Data Protection Notice for Customers",
                "type": "h2"
            },
            {
                "text": "Deemed Consent by Notification",
                "type": "h3"
            }
        ],
        "passage": "Reliance on the legitimate interest exception",
        "annotations": []
    },
    {
        "type": "text",
        "context": [
            {
                "text": "CHuGO Pte Ltd",
                "type": "h1"
            },
            {
                "text": "Data Protection Notice for Customers",
                "type": "h2"
            },
            {
                "text": "Reliance on the legitimate interest exception",
                "type": "h3"
            }
        ],
        "passage": "In compliance with the PDPA, we may collect, use or disclose your personal data without your consent for the legitimate interests of CHuGO Pte Ltd or another person. In relying on the legitimate interests exception of the PDPA, CHuGO Pte Ltd will assess the likely adverse effects on the individual and determine that the legitimate interests outweigh any adverse effect.",
        "annotations": [
            {
                "requirement": "Controller Name",
                "value": "CHuGO Pte Ltd",
                "performed": true
            },
            {
                "requirement": "Legal Basis for Processing",
                "value": "legitimate interests",
                "performed": true
            }
        ]
    },
    {
        "type": "text",
        "context": [
            {
                "text": "CHuGO Pte Ltd",
                "type": "h1"
            },
            {
                "text": "Data Protection Notice for Customers",
                "type": "h2"
            },
            {
                "text": "Reliance on the legitimate interest exception",
                "type": "h3"
            }
        ],
        "passage": "In line with the legitimate interests\u2019 exception, we will collect use or disclose your personal data for the following purposes:",
        "annotations": [
            {
                "requirement": "Legal Basis for Processing",
                "value": "legitimate interests",
                "performed": true
            }
        ]
    },
    {
        "type": "list_item",
        "context": [
            {
                "text": "CHuGO Pte Ltd",
                "type": "h1"
            },
            {
                "text": "Data Protection Notice for Customers",
                "type": "h2"
            },
            {
                "text": "Reliance on the legitimate interest exception",
                "type": "h3"
            },
            {
                "text": "In line with the legitimate interests\u2019 exception, we will collect use or disclose your personal data for the following purposes:",
                "type": "list_intro"
            }
        ],
        "passage": "Fraud detection and prevention;",
        "annotations": [
            {
                "requirement": "Processing Purpose",
                "value": "Fraud detection",
                "performed": true
            },
            {
                "requirement": "Processing Purpose",
                "value": "Fraud [...] prevention",
                "performed": true
            },
            {
                "requirement": "Legitimate Interests for Processing",
                "value": "Fraud detection",
                "performed": true
            },
            {
                "requirement": "Legitimate Interests for Processing",
                "value": "Fraud [...] prevention",
                "performed": true
            }
        ]
    },
    {
        "type": "list_item",
        "context": [
            {
                "text": "CHuGO Pte Ltd",
                "type": "h1"
            },
            {
                "text": "Data Protection Notice for Customers",
                "type": "h2"
            },
            {
                "text": "Reliance on the legitimate interest exception",
                "type": "h3"
            },
            {
                "text": "In line with the legitimate interests\u2019 exception, we will collect use or disclose your personal data for the following purposes:",
                "type": "list_intro"
            }
        ],
        "passage": "Detection and prevention of misuse of services;",
        "annotations": [
            {
                "requirement": "Processing Purpose",
                "value": "Detection [...] of misuse of services",
                "performed": true
            },
            {
                "requirement": "Processing Purpose",
                "value": "prevention of misuse of services",
                "performed": true
            },
            {
                "requirement": "Legitimate Interests for Processing",
                "value": "Detection [...] of misuse of services",
                "performed": true
            },
            {
                "requirement": "Legitimate Interests for Processing",
                "value": "prevention of misuse of services",
                "performed": true
            }
        ]
    },
    {
        "type": "list_item",
        "context": [
            {
                "text": "CHuGO Pte Ltd",
                "type": "h1"
            },
            {
                "text": "Data Protection Notice for Customers",
                "type": "h2"
            },
            {
                "text": "Reliance on the legitimate interest exception",
                "type": "h3"
            },
            {
                "text": "In line with the legitimate interests\u2019 exception, we will collect use or disclose your personal data for the following purposes:",
                "type": "list_intro"
            }
        ],
        "passage": "Network analysis to prevent fraud and financial crime, and perform credit analysis; and",
        "annotations": [
            {
                "requirement": "Processing Purpose",
                "value": "perform credit analysis",
                "performed": true
            },
            {
                "requirement": "Legitimate Interests for Processing",
                "value": "prevent fraud and financial crime",
                "performed": true
            },
            {
                "requirement": "Legitimate Interests for Processing",
                "value": "perform credit analysis",
                "performed": true
            },
            {
                "requirement": "Processing Purpose",
                "value": "prevent\u00a0fraud and financial crime",
                "performed": true
            }
        ]
    },
    {
        "type": "list_item",
        "context": [
            {
                "text": "CHuGO Pte Ltd",
                "type": "h1"
            },
            {
                "text": "Data Protection Notice for Customers",
                "type": "h2"
            },
            {
                "text": "Reliance on the legitimate interest exception",
                "type": "h3"
            },
            {
                "text": "In line with the legitimate interests\u2019 exception, we will collect use or disclose your personal data for the following purposes:",
                "type": "list_intro"
            }
        ],
        "passage": "Collection and use of personal data on company-issued devices to prevent data loss.",
        "annotations": [
            {
                "requirement": "Legitimate Interests for Processing",
                "value": "prevent data loss",
                "performed": true
            },
            {
                "requirement": "Data Categories",
                "value": "personal data on company-issued devices",
                "performed": true
            }
        ]
    },
    {
        "type": "text",
        "context": [
            {
                "text": "CHuGO Pte Ltd",
                "type": "h1"
            },
            {
                "text": "Data Protection Notice for Customers",
                "type": "h2"
            },
            {
                "text": "Reliance on the legitimate interest exception",
                "type": "h3"
            }
        ],
        "passage": "The purposes listed in the above clause may continue to apply even in situations where your relationship with us (for example, pursuant to a contract) has been terminated or altered in any way, for a reasonable period thereafter.",
        "annotations": []
    },
    {
        "type": "headline",
        "context": [
            {
                "text": "CHuGO Pte Ltd",
                "type": "h1"
            },
            {
                "text": "Data Protection Notice for Customers",
                "type": "h2"
            },
            {
                "text": "Reliance on the legitimate interest exception",
                "type": "h3"
            }
        ],
        "passage": "Withdrawing your consent",
        "annotations": []
    },
    {
        "type": "text",
        "context": [
            {
                "text": "CHuGO Pte Ltd",
                "type": "h1"
            },
            {
                "text": "Data Protection Notice for Customers",
                "type": "h2"
            },
            {
                "text": "Withdrawing your consent",
                "type": "h3"
            }
        ],
        "passage": "The consent that you provide for the collection, use and disclosure of your personal data will remain valid until such time it is being withdrawn by you in writing. You may withdraw consent and request us to stop collecting, using and/or disclosing your personal data for any or all of the purposes listed above by submitting your request in writing or via email to our Data Protection Officer at the contact details provided below.",
        "annotations": [
            {
                "requirement": "Right to Withdraw Consent",
                "value": "You may withdraw consent",
                "performed": true
            },
            {
                "requirement": "Right to Object",
                "value": "request us to stop collecting, using and/or disclosing your personal data",
                "performed": true
            }
        ]
    },
    {
        "type": "text",
        "context": [
            {
                "text": "CHuGO Pte Ltd",
                "type": "h1"
            },
            {
                "text": "Data Protection Notice for Customers",
                "type": "h2"
            },
            {
                "text": "Withdrawing your consent",
                "type": "h3"
            }
        ],
        "passage": "Upon receipt of your written request to withdraw your consent, we may require reasonable time (depending on the complexity of the request and its impact on our relationship with you) for your request to be processed and for us to notify you of the consequences of us acceding to the same, including any legal consequences which may affect your rights and liabilities to us. In general, we shall seek to process your request within five (05) business days of receiving it.",
        "annotations": [
            {
                "requirement": "Right to Withdraw Consent",
                "value": "withdraw your consent",
                "performed": true
            }
        ]
    },
    {
        "type": "text",
        "context": [
            {
                "text": "CHuGO Pte Ltd",
                "type": "h1"
            },
            {
                "text": "Data Protection Notice for Customers",
                "type": "h2"
            },
            {
                "text": "Withdrawing your consent",
                "type": "h3"
            }
        ],
        "passage": "Whilst we respect your decision to withdraw your consent, please note that depending on the nature and scope of your request, we may not be in a position to continue providing our goods or services to you and we shall, in such circumstances, notify you before completing the processing of your request. Should you decide to cancel your withdrawal of consent, please inform us in writing in the manner described in clause 7 above.",
        "annotations": [
            {
                "requirement": "Right to Withdraw Consent",
                "value": "withdraw your consent",
                "performed": true
            }
        ]
    },
    {
        "type": "text",
        "context": [
            {
                "text": "CHuGO Pte Ltd",
                "type": "h1"
            },
            {
                "text": "Data Protection Notice for Customers",
                "type": "h2"
            },
            {
                "text": "Withdrawing your consent",
                "type": "h3"
            }
        ],
        "passage": "Please note that withdrawing consent does not affect our right to continue to collect, use and disclose personal data where such collection, use and disclose without consent is permitted or required under applicable laws.",
        "annotations": [
            {
                "requirement": "Right to Withdraw Consent",
                "value": "withdrawing consent",
                "performed": true
            }
        ]
    },
    {
        "type": "headline",
        "context": [
            {
                "text": "CHuGO Pte Ltd",
                "type": "h1"
            },
            {
                "text": "Data Protection Notice for Customers",
                "type": "h2"
            },
            {
                "text": "Withdrawing your consent",
                "type": "h3"
            }
        ],
        "passage": "Access to and correction of personal data",
        "annotations": []
    },
    {
        "type": "text",
        "context": [
            {
                "text": "CHuGO Pte Ltd",
                "type": "h1"
            },
            {
                "text": "Data Protection Notice for Customers",
                "type": "h2"
            },
            {
                "text": "Access to and correction of personal data",
                "type": "h3"
            }
        ],
        "passage": "If you wish to make (a) an access request for access to a copy of the personal data which we hold about you or information about the ways in which we use or disclose your personal data, or (b) a correction request to correct or update any of your personal data which we hold about you, you may submit your request in writing or via email to our Data Protection Officer at the contact details provided below.",
        "annotations": [
            {
                "requirement": "Right to Access",
                "value": "access to a copy of the personal data which we hold about you",
                "performed": true
            },
            {
                "requirement": "Right to Rectification",
                "value": "correct or update any of your personal data which we hold about you",
                "performed": true
            }
        ]
    },
    {
        "type": "text",
        "context": [
            {
                "text": "CHuGO Pte Ltd",
                "type": "h1"
            },
            {
                "text": "Data Protection Notice for Customers",
                "type": "h2"
            },
            {
                "text": "Access to and correction of personal data",
                "type": "h3"
            }
        ],
        "passage": "Please note that a reasonable fee may be charged for an access request. If so, we will inform you of the fee before processing your request.",
        "annotations": []
    },
    {
        "type": "text",
        "context": [
            {
                "text": "CHuGO Pte Ltd",
                "type": "h1"
            },
            {
                "text": "Data Protection Notice for Customers",
                "type": "h2"
            },
            {
                "text": "Access to and correction of personal data",
                "type": "h3"
            }
        ],
        "passage": "We will respond to your request as soon as reasonably possible. In general, our response will be within five (05) business days. Should we not be able to respond to your request within thirty (30) days after receiving your request, we will inform you in writing within thirty (30) days of the time by which we will be able to respond to your request. If we are unable to provide you with any personal data or to make a correction requested by you, we shall generally inform you of the reasons why we are unable to do so (except where we are not required to do so under the PDPA).",
        "annotations": [
            {
                "requirement": "Right to Access",
                "value": "request [...] any personal data",
                "performed": true
            },
            {
                "requirement": "Right to Rectification",
                "value": "request [...] to make a correction",
                "performed": true
            }
        ]
    },
    {
        "type": "headline",
        "context": [
            {
                "text": "CHuGO Pte Ltd",
                "type": "h1"
            },
            {
                "text": "Data Protection Notice for Customers",
                "type": "h2"
            },
            {
                "text": "Access to and correction of personal data",
                "type": "h3"
            }
        ],
        "passage": "Protection of Personal Data",
        "annotations": []
    },
    {
        "type": "text",
        "context": [
            {
                "text": "CHuGO Pte Ltd",
                "type": "h1"
            },
            {
                "text": "Data Protection Notice for Customers",
                "type": "h2"
            },
            {
                "text": "Protection of Personal Data",
                "type": "h3"
            }
        ],
        "passage": "To safeguard your personal data from unauthorised access, collection, use, disclosure, copying, modification, disposal or similar risks, we have introduced appropriate administrative, physical and technical measures such as minimised collection of personal data, authentication and access controls (such as good password practices, need-to-basis for data disclosure, etc.), encryption of data, data anonymisation, up-to-date antivirus protection, regular patching of operating system and other software, securely erase storage media in devices before disposal, web security measures against risks, usage of one time password(otp)/2 factor authentication (2fa)/multi-factor authentication (mfa) to secure access, and security review and testing performed regularly.",
        "annotations": []
    },
    {
        "type": "text",
        "context": [
            {
                "text": "CHuGO Pte Ltd",
                "type": "h1"
            },
            {
                "text": "Data Protection Notice for Customers",
                "type": "h2"
            },
            {
                "text": "Protection of Personal Data",
                "type": "h3"
            }
        ],
        "passage": "You should be aware, however, that no method of transmission over the Internet or method of electronic storage is completely secure. While security cannot be guaranteed, we strive to protect the security of your information and are constantly reviewing and enhancing our information security measures.",
        "annotations": []
    },
    {
        "type": "headline",
        "context": [
            {
                "text": "CHuGO Pte Ltd",
                "type": "h1"
            },
            {
                "text": "Data Protection Notice for Customers",
                "type": "h2"
            },
            {
                "text": "Protection of Personal Data",
                "type": "h3"
            }
        ],
        "passage": "Protection of Personal Data",
        "annotations": []
    },
    {
        "type": "text",
        "context": [
            {
                "text": "CHuGO Pte Ltd",
                "type": "h1"
            },
            {
                "text": "Data Protection Notice for Customers",
                "type": "h2"
            },
            {
                "text": "Protection of Personal Data",
                "type": "h3"
            }
        ],
        "passage": "We generally rely on personal data provided by you (or your authorised representative). In order to ensure that your personal data is current, complete and accurate, please update us if there are changes to your personal data by informing our Data Protection Officer in writing or via email at the contact details provided below.",
        "annotations": []
    },
    {
        "type": "headline",
        "context": [
            {
                "text": "CHuGO Pte Ltd",
                "type": "h1"
            },
            {
                "text": "Data Protection Notice for Customers",
                "type": "h2"
            },
            {
                "text": "Protection of Personal Data",
                "type": "h3"
            }
        ],
        "passage": "Retention of Personal Data",
        "annotations": []
    },
    {
        "type": "text",
        "context": [
            {
                "text": "CHuGO Pte Ltd",
                "type": "h1"
            },
            {
                "text": "Data Protection Notice for Customers",
                "type": "h2"
            },
            {
                "text": "Retention of Personal Data",
                "type": "h3"
            }
        ],
        "passage": "We may retain your personal data for as long as it is necessary to fulfil the purpose for which it was collected, or as required or permitted by applicable laws.",
        "annotations": [
            {
                "requirement": "Data Retention Period",
                "value": "for as long as it is necessary to fulfil the purpose for which it was collected",
                "performed": true
            },
            {
                "requirement": "Data Retention Period",
                "value": "as required or permitted by applicable laws",
                "performed": true
            }
        ]
    },
    {
        "type": "text",
        "context": [
            {
                "text": "CHuGO Pte Ltd",
                "type": "h1"
            },
            {
                "text": "Data Protection Notice for Customers",
                "type": "h2"
            },
            {
                "text": "Retention of Personal Data",
                "type": "h3"
            }
        ],
        "passage": "We will cease to retain your personal data, or remove the means by which the data can be associated with you, as soon as it is reasonable to assume that such retention no longer serves the purpose for which the personal data was collected, and is no longer necessary for legal or business purposes.",
        "annotations": [
            {
                "requirement": "Data Retention Period",
                "value": "as soon as it is reasonable to assume that such retention no longer serves the purpose for which the personal data was collected, and is no longer necessary for legal or business purposes",
                "performed": true
            }
        ]
    },
    {
        "type": "headline",
        "context": [
            {
                "text": "CHuGO Pte Ltd",
                "type": "h1"
            },
            {
                "text": "Data Protection Notice for Customers",
                "type": "h2"
            },
            {
                "text": "Retention of Personal Data",
                "type": "h3"
            }
        ],
        "passage": "Transfers of Personal Data Outside of Singapore",
        "annotations": []
    },
    {
        "type": "text",
        "context": [
            {
                "text": "CHuGO Pte Ltd",
                "type": "h1"
            },
            {
                "text": "Data Protection Notice for Customers",
                "type": "h2"
            },
            {
                "text": "Transfers of Personal Data Outside of Singapore",
                "type": "h3"
            }
        ],
        "passage": "We generally do not transfer your personal data to countries outside of Singapore. However, if we do so, we will obtain your consent for the transfer to be made and we will take steps to ensure that your personal data continues to receive a standard of protection that is at least comparable to that provided under the PDPA.",
        "annotations": [
            {
                "requirement": "Third-country Transfers",
                "value": "countries outside of Singapore",
                "performed": true
            }
        ]
    },
    {
        "type": "headline",
        "context": [
            {
                "text": "CHuGO Pte Ltd",
                "type": "h1"
            },
            {
                "text": "Data Protection Notice for Customers",
                "type": "h2"
            },
            {
                "text": "Transfers of Personal Data Outside of Singapore",
                "type": "h3"
            }
        ],
        "passage": "Data Protection Officer",
        "annotations": []
    },
    {
        "type": "text",
        "context": [
            {
                "text": "CHuGO Pte Ltd",
                "type": "h1"
            },
            {
                "text": "Data Protection Notice for Customers",
                "type": "h2"
            },
            {
                "text": "Data Protection Officer",
                "type": "h3"
            }
        ],
        "passage": "You may contact our Data Protection Officer if you have any enquiries or feedback on our personal data protection policies and procedures, or if you wish to make any request, in the following manner:",
        "annotations": []
    },
    {
        "type": "text",
        "context": [
            {
                "text": "CHuGO Pte Ltd",
                "type": "h1"
            },
            {
                "text": "Data Protection Notice for Customers",
                "type": "h2"
            },
            {
                "text": "Data Protection Officer",
                "type": "h3"
            }
        ],
        "passage": "Name of DPO : Tay Jo Lin",
        "annotations": [
            {
                "requirement": "DPO Contact",
                "value": "Tay Jo Lin",
                "performed": true
            }
        ]
    },
    {
        "type": "text",
        "context": [
            {
                "text": "CHuGO Pte Ltd",
                "type": "h1"
            },
            {
                "text": "Data Protection Notice for Customers",
                "type": "h2"
            },
            {
                "text": "Data Protection Officer",
                "type": "h3"
            }
        ],
        "passage": "Contact No. : 6318 9800",
        "annotations": [
            {
                "requirement": "DPO Contact",
                "value": "Contact No. : 6318 9800",
                "performed": true
            }
        ]
    },
    {
        "type": "text",
        "context": [
            {
                "text": "CHuGO Pte Ltd",
                "type": "h1"
            },
            {
                "text": "Data Protection Notice for Customers",
                "type": "h2"
            },
            {
                "text": "Data Protection Officer",
                "type": "h3"
            }
        ],
        "passage": "Email Address : contact@chugo.sg",
        "annotations": [
            {
                "requirement": "DPO Contact",
                "value": "contact@chugo.sg",
                "performed": true
            }
        ]
    },
    {
        "type": "text",
        "context": [
            {
                "text": "CHuGO Pte Ltd",
                "type": "h1"
            },
            {
                "text": "Data Protection Notice for Customers",
                "type": "h2"
            },
            {
                "text": "Data Protection Officer",
                "type": "h3"
            }
        ],
        "passage": "Address : 1 Ubi Link, Singapore 408553",
        "annotations": [
            {
                "requirement": "DPO Contact",
                "value": "1 Ubi Link, Singapore 408553",
                "performed": true
            }
        ]
    },
    {
        "type": "headline",
        "context": [
            {
                "text": "CHuGO Pte Ltd",
                "type": "h1"
            },
            {
                "text": "Data Protection Notice for Customers",
                "type": "h2"
            },
            {
                "text": "Data Protection Officer",
                "type": "h3"
            }
        ],
        "passage": "Effect of Notice and Changes to Notice",
        "annotations": []
    },
    {
        "type": "text",
        "context": [
            {
                "text": "CHuGO Pte Ltd",
                "type": "h1"
            },
            {
                "text": "Data Protection Notice for Customers",
                "type": "h2"
            },
            {
                "text": "Effect of Notice and Changes to Notice",
                "type": "h3"
            }
        ],
        "passage": "This Notice applies in conjunction with any other notices, contractual clauses and consent clauses that apply in relation to the collection, use and disclosure of your personal data by us.",
        "annotations": []
    },
    {
        "type": "text",
        "context": [
            {
                "text": "CHuGO Pte Ltd",
                "type": "h1"
            },
            {
                "text": "Data Protection Notice for Customers",
                "type": "h2"
            },
            {
                "text": "Effect of Notice and Changes to Notice",
                "type": "h3"
            }
        ],
        "passage": "We may revise this Notice from time to time without any prior notice. You may determine if any such revision has taken place by referring to the date on which this Notice was last updated. Your continued use of our services constitutes your acknowledgement and acceptance of such changes.",
        "annotations": []
    }
]