[
    {
        "type": "headline",
        "context": [],
        "passage": "Privacy Policy Fortune Tiger",
        "annotations": []
    },
    {
        "type": "text",
        "context": [
            {
                "text": "Privacy Policy Fortune Tiger",
                "type": "h1"
            }
        ],
        "passage": "The protection of our users' information is of utmost importance at Fortune Tiger. This comprehensive Privacy Policy outlines the various types of information that our app collects and how it is utilized to enhance the user experience.",
        "annotations": []
    },
    {
        "type": "text",
        "context": [
            {
                "text": "Privacy Policy Fortune Tiger",
                "type": "h1"
            }
        ],
        "passage": "At Fortune Tiger, we are dedicated to ensuring that all users are fully informed of our policies concerning the collection, use, and disclosure of their Personal Information. By using our Service, you consent to the collection and use of your information in accordance with this Privacy Policy.",
        "annotations": [
            {
                "requirement": "Legal Basis for Processing",
                "value": "your consent",
                "performed": true
            }
        ]
    },
    {
        "type": "text",
        "context": [
            {
                "text": "Privacy Policy Fortune Tiger",
                "type": "h1"
            }
        ],
        "passage": "We understand that trust is key, and we assure you that the Personal Information we collect will only be used to provide and improve our Service. Your information will never be shared with third parties, except in cases explicitly stated in this Privacy Policy.",
        "annotations": [
            {
                "requirement": "Processing Purpose",
                "value": "provide and improve our Service",
                "performed": true
            },
            {
                "requirement": "Data Recipients",
                "value": "third parties",
                "performed": true
            }
        ]
    },
    {
        "type": "text",
        "context": [
            {
                "text": "Privacy Policy Fortune Tiger",
                "type": "h1"
            }
        ],
        "passage": "It is important to note that the terms used in this Privacy Policy align with the definitions outlined in our Terms and Conditions, available at Fortune Tiger, unless stated otherwise within this Privacy Policy.",
        "annotations": []
    },
    {
        "type": "headline",
        "context": [
            {
                "text": "Privacy Policy Fortune Tiger",
                "type": "h1"
            }
        ],
        "passage": "Information Collection and Usage",
        "annotations": []
    },
    {
        "type": "text",
        "context": [
            {
                "text": "Privacy Policy Fortune Tiger",
                "type": "h1"
            },
            {
                "text": "Information Collection and Usage",
                "type": "h2"
            }
        ],
        "passage": "At Fortune Tiger, the privacy and security of our users is of utmost importance to us. That's why we're dedicated to ensuring that all personal information shared with us is kept confidential and used only for the purpose of providing the best possible user experience.",
        "annotations": [
            {
                "requirement": "Processing Purpose",
                "value": "providing the best possible user experience",
                "performed": true
            }
        ]
    },
    {
        "type": "text",
        "context": [
            {
                "text": "Privacy Policy Fortune Tiger",
                "type": "h1"
            },
            {
                "text": "Information Collection and Usage",
                "type": "h2"
            }
        ],
        "passage": "While we take great care to protect your information, please be aware that our app utilizes various third-party services to help us improve the user experience. These services may collect information for their own purposes, and we provide links to their privacy policies below so that you can make an informed decision about using our app:",
        "annotations": [
            {
                "requirement": "Data Recipients",
                "value": "third-party services",
                "performed": true
            },
            {
                "requirement": "Processing Purpose",
                "value": "improve the user experience",
                "performed": true
            }
        ]
    },
    {
        "type": "list_item",
        "context": [
            {
                "text": "Privacy Policy Fortune Tiger",
                "type": "h1"
            },
            {
                "text": "Information Collection and Usage",
                "type": "h2"
            },
            {
                "text": "While we take great care to protect your information, please be aware that our app utilizes various third-party services to help us improve the user experience. These services may collect information for their own purposes, and we provide links to their privacy policies below so that you can make an informed decision about using our app:",
                "type": "list_intro"
            }
        ],
        "passage": "\u2022 Google Play Services",
        "annotations": [
            {
                "requirement": "Data Recipients",
                "value": "Google Play Services",
                "performed": true
            }
        ]
    },
    {
        "type": "list_item",
        "context": [
            {
                "text": "Privacy Policy Fortune Tiger",
                "type": "h1"
            },
            {
                "text": "Information Collection and Usage",
                "type": "h2"
            },
            {
                "text": "While we take great care to protect your information, please be aware that our app utilizes various third-party services to help us improve the user experience. These services may collect information for their own purposes, and we provide links to their privacy policies below so that you can make an informed decision about using our app:",
                "type": "list_intro"
            }
        ],
        "passage": "\u2022 Facebook",
        "annotations": [
            {
                "requirement": "Data Recipients",
                "value": "Facebook",
                "performed": true
            }
        ]
    },
    {
        "type": "list_item",
        "context": [
            {
                "text": "Privacy Policy Fortune Tiger",
                "type": "h1"
            },
            {
                "text": "Information Collection and Usage",
                "type": "h2"
            },
            {
                "text": "While we take great care to protect your information, please be aware that our app utilizes various third-party services to help us improve the user experience. These services may collect information for their own purposes, and we provide links to their privacy policies below so that you can make an informed decision about using our app:",
                "type": "list_intro"
            }
        ],
        "passage": "\u2022 One Signal",
        "annotations": [
            {
                "requirement": "Data Recipients",
                "value": "One Signal",
                "performed": true
            }
        ]
    },
    {
        "type": "list_item",
        "context": [
            {
                "text": "Privacy Policy Fortune Tiger",
                "type": "h1"
            },
            {
                "text": "Information Collection and Usage",
                "type": "h2"
            },
            {
                "text": "While we take great care to protect your information, please be aware that our app utilizes various third-party services to help us improve the user experience. These services may collect information for their own purposes, and we provide links to their privacy policies below so that you can make an informed decision about using our app:",
                "type": "list_intro"
            }
        ],
        "passage": "\u2022 Analytics for Firebase",
        "annotations": [
            {
                "requirement": "Data Recipients",
                "value": "Analytics for Firebase",
                "performed": true
            }
        ]
    },
    {
        "type": "list_item",
        "context": [
            {
                "text": "Privacy Policy Fortune Tiger",
                "type": "h1"
            },
            {
                "text": "Information Collection and Usage",
                "type": "h2"
            },
            {
                "text": "While we take great care to protect your information, please be aware that our app utilizes various third-party services to help us improve the user experience. These services may collect information for their own purposes, and we provide links to their privacy policies below so that you can make an informed decision about using our app:",
                "type": "list_intro"
            }
        ],
        "passage": "\u2022 Crashlytics",
        "annotations": [
            {
                "requirement": "Data Recipients",
                "value": "Crashlytics",
                "performed": true
            }
        ]
    },
    {
        "type": "text",
        "context": [
            {
                "text": "Privacy Policy Fortune Tiger",
                "type": "h1"
            },
            {
                "text": "Information Collection and Usage",
                "type": "h2"
            }
        ],
        "passage": "We understand that your privacy is important, and we're committed to protecting it at all times. If you have any questions or concerns about the information you share with us, please don't hesitate to reach out and we'll be happy to help.",
        "annotations": []
    },
    {
        "type": "headline",
        "context": [
            {
                "text": "Privacy Policy Fortune Tiger",
                "type": "h1"
            },
            {
                "text": "Information Collection and Usage",
                "type": "h2"
            }
        ],
        "passage": "Device Information Gathering:",
        "annotations": []
    },
    {
        "type": "text",
        "context": [
            {
                "text": "Privacy Policy Fortune Tiger",
                "type": "h1"
            },
            {
                "text": "Device Information Gathering:",
                "type": "h2"
            }
        ],
        "passage": "At Fortune Tiger, we gather a range of information about the device you use to access our Service. This information includes, but is not limited to:",
        "annotations": [
            {
                "requirement": "Data Categories",
                "value": "information about the device you use to access our Service",
                "performed": true
            }
        ]
    },
    {
        "type": "headline",
        "context": [
            {
                "text": "Privacy Policy Fortune Tiger",
                "type": "h1"
            },
            {
                "text": "Device Information Gathering:",
                "type": "h2"
            }
        ],
        "passage": "\u2022 Operating system and version information",
        "annotations": [
            {
                "requirement": "Data Categories",
                "value": "Operating system and version information",
                "performed": true
            }
        ]
    },
    {
        "type": "text",
        "context": [
            {
                "text": "Privacy Policy Fortune Tiger",
                "type": "h1"
            },
            {
                "text": "Device Information Gathering:",
                "type": "h2"
            },
            {
                "text": "\u2022 Operating system and version information",
                "type": "h3"
            }
        ],
        "passage": "Our mobile application may collect operating system and version information to better understand the technical environment in which the application is being used. This information can help us optimize the application's performance, ensure compatibility with various devices and operating systems, and troubleshoot technical issues. Additionally, knowing the operating system and version information can also help us prioritize which updates and improvements to focus on to ensure the best user experience for our customers.",
        "annotations": [
            {
                "requirement": "Data Categories",
                "value": "operating system and version information",
                "performed": true
            },
            {
                "requirement": "Processing Purpose",
                "value": "better understand the technical environment in which the application is being used",
                "performed": true
            },
            {
                "requirement": "Processing Purpose",
                "value": "optimize the application's performance",
                "performed": true
            },
            {
                "requirement": "Processing Purpose",
                "value": "ensure compatibility with various devices and operating systems",
                "performed": true
            },
            {
                "requirement": "Processing Purpose",
                "value": "troubleshoot technical issues",
                "performed": true
            },
            {
                "requirement": "Processing Purpose",
                "value": "prioritize which updates and improvements to focus on",
                "performed": true
            }
        ]
    },
    {
        "type": "headline",
        "context": [
            {
                "text": "Privacy Policy Fortune Tiger",
                "type": "h1"
            },
            {
                "text": "Device Information Gathering:",
                "type": "h2"
            },
            {
                "text": "\u2022 Operating system and version information",
                "type": "h3"
            }
        ],
        "passage": "\u2022 Model details of your device",
        "annotations": [
            {
                "requirement": "Data Categories",
                "value": "Model details of your device",
                "performed": true
            }
        ]
    },
    {
        "type": "text",
        "context": [
            {
                "text": "Privacy Policy Fortune Tiger",
                "type": "h1"
            },
            {
                "text": "Device Information Gathering:",
                "type": "h2"
            },
            {
                "text": "\u2022 Model details of your device",
                "type": "h3"
            }
        ],
        "passage": "Our mobile application may collect model details of your device to help us understand the specific hardware and capabilities of your device. This information can assist us in optimizing the application's performance for your specific device, ensuring compatibility with different models, and improving the overall user experience. Additionally, knowing the device model can help us prioritize which features and improvements to focus on to ensure that the application is tailored to our customers' needs.",
        "annotations": [
            {
                "requirement": "Data Categories",
                "value": "model details of your device",
                "performed": true
            },
            {
                "requirement": "Processing Purpose",
                "value": "understand the specific hardware and capabilities of your device",
                "performed": true
            },
            {
                "requirement": "Processing Purpose",
                "value": "optimizing the application's performance for your specific device",
                "performed": true
            },
            {
                "requirement": "Processing Purpose",
                "value": "ensuring compatibility with different models",
                "performed": true
            },
            {
                "requirement": "Processing Purpose",
                "value": "improving the overall user experience",
                "performed": true
            },
            {
                "requirement": "Processing Purpose",
                "value": "prioritize which features and improvements to focus on",
                "performed": true
            },
            {
                "requirement": "Processing Purpose",
                "value": "ensure that the application is tailored to our customers' needs",
                "performed": true
            }
        ]
    },
    {
        "type": "headline",
        "context": [
            {
                "text": "Privacy Policy Fortune Tiger",
                "type": "h1"
            },
            {
                "text": "Device Information Gathering:",
                "type": "h2"
            },
            {
                "text": "\u2022 Model details of your device",
                "type": "h3"
            }
        ],
        "passage": "\u2022 Device IDs and other relevant identifiers",
        "annotations": [
            {
                "requirement": "Data Categories",
                "value": "Device IDs",
                "performed": true
            },
            {
                "requirement": "Data Categories",
                "value": "other relevant identifiers",
                "performed": true
            }
        ]
    },
    {
        "type": "text",
        "context": [
            {
                "text": "Privacy Policy Fortune Tiger",
                "type": "h1"
            },
            {
                "text": "Device Information Gathering:",
                "type": "h2"
            },
            {
                "text": "\u2022 Device IDs and other relevant identifiers",
                "type": "h3"
            }
        ],
        "passage": "Our mobile application may collect device IDs and other relevant identifiers to uniquely identify your device and associate it with your account. This information can assist us in providing personalized services, such as targeted advertising and content recommendations, and in securing your account by verifying your identity when you log in. Additionally, knowing the device ID can help us track usage patterns and improve the application's functionality for our customers.",
        "annotations": [
            {
                "requirement": "Data Categories",
                "value": "device IDs",
                "performed": true
            },
            {
                "requirement": "Data Categories",
                "value": "other relevant identifiers",
                "performed": true
            },
            {
                "requirement": "Processing Purpose",
                "value": "uniquely identify your device",
                "performed": true
            },
            {
                "requirement": "Processing Purpose",
                "value": "associate it with your account",
                "performed": true
            },
            {
                "requirement": "Processing Purpose",
                "value": "providing personalized services",
                "performed": true
            },
            {
                "requirement": "Processing Purpose",
                "value": "targeted advertising and content recommendations",
                "performed": true
            },
            {
                "requirement": "Processing Purpose",
                "value": "securing your account by verifying your identity when you log in",
                "performed": true
            },
            {
                "requirement": "Processing Purpose",
                "value": "track usage patterns",
                "performed": true
            },
            {
                "requirement": "Processing Purpose",
                "value": "improve the application's functionality for our customers",
                "performed": true
            }
        ]
    },
    {
        "type": "headline",
        "context": [
            {
                "text": "Privacy Policy Fortune Tiger",
                "type": "h1"
            },
            {
                "text": "Device Information Gathering:",
                "type": "h2"
            },
            {
                "text": "\u2022 Device IDs and other relevant identifiers",
                "type": "h3"
            }
        ],
        "passage": "\u2022 Preferred language, time zone, and geographic location",
        "annotations": [
            {
                "requirement": "Data Categories",
                "value": "Preferred language",
                "performed": true
            },
            {
                "requirement": "Data Categories",
                "value": "time zone",
                "performed": true
            },
            {
                "requirement": "Data Categories",
                "value": "geographic location",
                "performed": true
            }
        ]
    },
    {
        "type": "text",
        "context": [
            {
                "text": "Privacy Policy Fortune Tiger",
                "type": "h1"
            },
            {
                "text": "Device Information Gathering:",
                "type": "h2"
            },
            {
                "text": "\u2022 Preferred language, time zone, and geographic location",
                "type": "h3"
            }
        ],
        "passage": "Our mobile application may collect your preferred language, time zone, and geographic location to provide you with a personalized experience tailored to your location and language preferences. This information can help us deliver location-based services, such as local news and weather information, and offer content and services in your preferred language. Additionally, knowing your time zone can help us schedule notifications and updates at times that are convenient for you. It is important to note that this information is collected only with your explicit consent, and you have the option to opt-out of this data collection at any time.",
        "annotations": [
            {
                "requirement": "Data Categories",
                "value": "your preferred language",
                "performed": true
            },
            {
                "requirement": "Data Categories",
                "value": "time zone",
                "performed": true
            },
            {
                "requirement": "Data Categories",
                "value": "geographic location",
                "performed": true
            },
            {
                "requirement": "Processing Purpose",
                "value": "provide you with a personalized experience tailored to your location and language preferences",
                "performed": true
            },
            {
                "requirement": "Processing Purpose",
                "value": "deliver location-based services, such as local news and weather information",
                "performed": true
            },
            {
                "requirement": "Processing Purpose",
                "value": "offer content and services in your preferred language",
                "performed": true
            },
            {
                "requirement": "Processing Purpose",
                "value": "schedule notifications and updates at times that are convenient for you",
                "performed": true
            },
            {
                "requirement": "Legal Basis for Processing",
                "value": "your explicit consent",
                "performed": true
            },
            {
                "requirement": "Right to Withdraw Consent",
                "value": "you have the option to opt-out of this data collection at any time",
                "performed": true
            }
        ]
    },
    {
        "type": "headline",
        "context": [
            {
                "text": "Privacy Policy Fortune Tiger",
                "type": "h1"
            },
            {
                "text": "Device Information Gathering:",
                "type": "h2"
            },
            {
                "text": "\u2022 Preferred language, time zone, and geographic location",
                "type": "h3"
            }
        ],
        "passage": "\u2022 Display specifications including screen size",
        "annotations": [
            {
                "requirement": "Data Categories",
                "value": "Display specifications including screen size",
                "performed": true
            }
        ]
    },
    {
        "type": "text",
        "context": [
            {
                "text": "Privacy Policy Fortune Tiger",
                "type": "h1"
            },
            {
                "text": "Device Information Gathering:",
                "type": "h2"
            },
            {
                "text": "\u2022 Display specifications including screen size",
                "type": "h3"
            }
        ],
        "passage": "Our mobile application may collect display specifications, including screen size, to help us optimize the application's user interface for different screen sizes and resolutions. This information can assist us in ensuring that the application's layout, design, and text size are appropriate and readable for different devices, thereby improving the overall user experience. Additionally, knowing display specifications can help us optimize the application's performance and reduce the likelihood of crashes or errors on different devices.",
        "annotations": [
            {
                "requirement": "Data Categories",
                "value": "display specifications, including screen size",
                "performed": true
            },
            {
                "requirement": "Processing Purpose",
                "value": "help us optimize the application's user interface for different screen sizes and resolutions",
                "performed": true
            },
            {
                "requirement": "Processing Purpose",
                "value": "ensuring that the application's layout, design, and text size are appropriate and readable for different devices",
                "performed": true
            },
            {
                "requirement": "Processing Purpose",
                "value": "improving the overall user experience",
                "performed": true
            },
            {
                "requirement": "Processing Purpose",
                "value": "optimize the application's performance and reduce the likelihood of crashes or errors on different devices",
                "performed": true
            }
        ]
    },
    {
        "type": "headline",
        "context": [
            {
                "text": "Privacy Policy Fortune Tiger",
                "type": "h1"
            },
            {
                "text": "Device Information Gathering:",
                "type": "h2"
            },
            {
                "text": "\u2022 Display specifications including screen size",
                "type": "h3"
            }
        ],
        "passage": "\u2022 Any linked Google accounts",
        "annotations": [
            {
                "requirement": "Data Categories",
                "value": "linked Google accounts",
                "performed": true
            }
        ]
    },
    {
        "type": "text",
        "context": [
            {
                "text": "Privacy Policy Fortune Tiger",
                "type": "h1"
            },
            {
                "text": "Device Information Gathering:",
                "type": "h2"
            },
            {
                "text": "\u2022 Any linked Google accounts",
                "type": "h3"
            }
        ],
        "passage": "Our mobile application may collect any linked Google accounts to enable users to access and use the application using their existing Google accounts. This can make the login process more seamless and convenient for users, as they don't have to create a new account or remember a separate set of login credentials. Additionally, knowing the linked Google accounts can help us personalize the user experience and offer features and content that are relevant to each user's interests and preferences. It is important to note that we adhere to strict privacy and security standards when collecting and storing any user account information.",
        "annotations": [
            {
                "requirement": "Data Categories",
                "value": "linked Google accounts",
                "performed": true
            },
            {
                "requirement": "Processing Purpose",
                "value": "enable users to access and use the application using their existing Google accounts",
                "performed": true
            },
            {
                "requirement": "Processing Purpose",
                "value": "make the login process more seamless and convenient",
                "performed": true
            },
            {
                "requirement": "Processing Purpose",
                "value": "personalize the user experience",
                "performed": true
            },
            {
                "requirement": "Processing Purpose",
                "value": "offer features and content that are relevant to each user's interests and preferences",
                "performed": true
            }
        ]
    },
    {
        "type": "headline",
        "context": [
            {
                "text": "Privacy Policy Fortune Tiger",
                "type": "h1"
            },
            {
                "text": "Device Information Gathering:",
                "type": "h2"
            },
            {
                "text": "\u2022 Any linked Google accounts",
                "type": "h3"
            }
        ],
        "passage": "\u2022 Camera details (if applicable)",
        "annotations": [
            {
                "requirement": "Data Categories",
                "value": "Camera details",
                "performed": true
            }
        ]
    },
    {
        "type": "text",
        "context": [
            {
                "text": "Privacy Policy Fortune Tiger",
                "type": "h1"
            },
            {
                "text": "Device Information Gathering:",
                "type": "h2"
            },
            {
                "text": "\u2022 Camera details (if applicable)",
                "type": "h3"
            }
        ],
        "passage": "Our mobile application may collect camera details, if applicable, to enable camera functionality within the application. This can include information about the camera's resolution, capabilities, and features. This information can assist us in optimizing the application's camera functionality, ensuring compatibility with different devices and operating systems, and improving the overall user experience. Additionally, knowing camera details can help us optimize the application's performance and provide users with the best possible camera experience within the application. It is important to note that camera functionality is only used with your explicit consent, and you have the option to disable camera access within the application at any time.",
        "annotations": [
            {
                "requirement": "Data Categories",
                "value": "camera details",
                "performed": true
            },
            {
                "requirement": "Processing Purpose",
                "value": "enable camera functionality within the application",
                "performed": true
            },
            {
                "requirement": "Processing Purpose",
                "value": "optimizing the application's camera functionality",
                "performed": true
            },
            {
                "requirement": "Processing Purpose",
                "value": "ensuring compatibility with different devices and operating systems",
                "performed": true
            },
            {
                "requirement": "Processing Purpose",
                "value": "improving the overall user experience",
                "performed": true
            },
            {
                "requirement": "Processing Purpose",
                "value": "optimize the application's performance",
                "performed": true
            },
            {
                "requirement": "Legal Basis for Processing",
                "value": "your explicit consent",
                "performed": true
            }
        ]
    },
    {
        "type": "headline",
        "context": [
            {
                "text": "Privacy Policy Fortune Tiger",
                "type": "h1"
            },
            {
                "text": "Device Information Gathering:",
                "type": "h2"
            },
            {
                "text": "\u2022 Camera details (if applicable)",
                "type": "h3"
            }
        ],
        "passage": "\u2022 Whether developer mode is enabled (if applicable)",
        "annotations": [
            {
                "requirement": "Data Categories",
                "value": "developer mode",
                "performed": true
            }
        ]
    },
    {
        "type": "text",
        "context": [
            {
                "text": "Privacy Policy Fortune Tiger",
                "type": "h1"
            },
            {
                "text": "Device Information Gathering:",
                "type": "h2"
            },
            {
                "text": "\u2022 Whether developer mode is enabled (if applicable)",
                "type": "h3"
            }
        ],
        "passage": "Our mobile application may collect whether developer mode is enabled, if applicable, to better understand the technical environment in which the application is being used. This information can help us troubleshoot technical issues, optimize the application's performance, and ensure compatibility with various devices and operating systems. Additionally, knowing whether developer mode is enabled can help us prioritize which updates and improvements to focus on to ensure the best user experience for our customers who may be using the application for development or testing purposes.",
        "annotations": [
            {
                "requirement": "Data Categories",
                "value": "whether developer mode is enabled",
                "performed": true
            },
            {
                "requirement": "Processing Purpose",
                "value": "better understand the technical environment in which the application is being used",
                "performed": true
            },
            {
                "requirement": "Processing Purpose",
                "value": "troubleshoot technical issues",
                "performed": true
            },
            {
                "requirement": "Processing Purpose",
                "value": "optimize the application's performance",
                "performed": true
            },
            {
                "requirement": "Processing Purpose",
                "value": "ensure compatibility with various devices and operating systems",
                "performed": true
            },
            {
                "requirement": "Processing Purpose",
                "value": "prioritize which updates and improvements to focus on",
                "performed": true
            }
        ]
    },
    {
        "type": "headline",
        "context": [
            {
                "text": "Privacy Policy Fortune Tiger",
                "type": "h1"
            },
            {
                "text": "Device Information Gathering:",
                "type": "h2"
            },
            {
                "text": "\u2022 Whether developer mode is enabled (if applicable)",
                "type": "h3"
            }
        ],
        "passage": "\u2022 Firebase Crashlytics",
        "annotations": [
            {
                "requirement": "Data Recipients",
                "value": "Firebase Crashlytics",
                "performed": true
            }
        ]
    },
    {
        "type": "text",
        "context": [
            {
                "text": "Privacy Policy Fortune Tiger",
                "type": "h1"
            },
            {
                "text": "Device Information Gathering:",
                "type": "h2"
            },
            {
                "text": "\u2022 Firebase Crashlytics",
                "type": "h3"
            }
        ],
        "passage": "Our mobile application may collect information through Firebase Crashlytics to help us identify and diagnose technical issues and crashes that occur within the application. Firebase Crashlytics is a tool that allows us to track and analyze crash reports and provide users with a more stable and reliable experience. Collecting this information can help us identify bugs and other issues in the application and optimize its performance, resulting in a better user experience. It is important to note that any information collected through Firebase Crashlytics is anonymized, and we adhere to strict privacy and security standards when collecting and storing any user data.",
        "annotations": [
            {
                "requirement": "Data Categories",
                "value": "information collected through Firebase Crashlytics",
                "performed": true
            },
            {
                "requirement": "Processing Purpose",
                "value": "help us identify and diagnose technical issues and crashes that occur within the application",
                "performed": true
            },
            {
                "requirement": "Processing Purpose",
                "value": "track and analyze crash reports",
                "performed": true
            },
            {
                "requirement": "Processing Purpose",
                "value": "provide users with a more stable and reliable experience",
                "performed": true
            },
            {
                "requirement": "Processing Purpose",
                "value": "identify bugs and other issues in the application",
                "performed": true
            },
            {
                "requirement": "Processing Purpose",
                "value": "optimize its performance, resulting in a better user experience",
                "performed": true
            }
        ]
    },
    {
        "type": "text",
        "context": [
            {
                "text": "Privacy Policy Fortune Tiger",
                "type": "h1"
            },
            {
                "text": "Device Information Gathering:",
                "type": "h2"
            },
            {
                "text": "\u2022 Firebase Crashlytics",
                "type": "h3"
            }
        ],
        "passage": "Additionally, we also collect data about your interaction with push notifications when using our app.",
        "annotations": [
            {
                "requirement": "Data Categories",
                "value": "your interaction with push notifications",
                "performed": true
            }
        ]
    },
    {
        "type": "headline",
        "context": [
            {
                "text": "Privacy Policy Fortune Tiger",
                "type": "h1"
            },
            {
                "text": "Device Information Gathering:",
                "type": "h2"
            },
            {
                "text": "\u2022 Firebase Crashlytics",
                "type": "h3"
            }
        ],
        "passage": "Safety",
        "annotations": []
    },
    {
        "type": "text",
        "context": [
            {
                "text": "Privacy Policy Fortune Tiger",
                "type": "h1"
            },
            {
                "text": "Safety",
                "type": "h2"
            }
        ],
        "passage": "At Fortune Tiger, we understand the importance of safeguarding our users' data and privacy. That's why we collect only the necessary data to provide a seamless and enjoyable user experience, while also ensuring that we can generate revenue through targeted advertising. We are dedicated to being transparent about the data we collect and how it is used, and we give our users control over their data by allowing them to opt-out of certain types of data collection within our application settings. Our top priority is to provide a secure and trustworthy platform for our users to interact with and enjoy, and we take great care to ensure that our data collection practices adhere to the highest standards of privacy and security. These data types serve different purposes in our mobile application:",
        "annotations": [
            {
                "requirement": "Processing Purpose",
                "value": "provide a seamless and enjoyable user experience",
                "performed": true
            },
            {
                "requirement": "Processing Purpose",
                "value": "generate revenue through targeted advertising",
                "performed": true
            }
        ]
    },
    {
        "type": "headline",
        "context": [
            {
                "text": "Privacy Policy Fortune Tiger",
                "type": "h1"
            },
            {
                "text": "Safety",
                "type": "h2"
            }
        ],
        "passage": "\u2022 Google Advertising ID",
        "annotations": [
            {
                "requirement": "Data Categories",
                "value": "Google Advertising ID",
                "performed": true
            }
        ]
    },
    {
        "type": "text",
        "context": [
            {
                "text": "Privacy Policy Fortune Tiger",
                "type": "h1"
            },
            {
                "text": "Safety",
                "type": "h2"
            },
            {
                "text": "\u2022 Google Advertising ID",
                "type": "h3"
            }
        ],
        "passage": "Our mobile application may collect your Advertising ID to personalize your experience with targeted advertising, which can help us generate revenue through advertising, and allows us to offer our application free of charge to our users. Advertisers use the Advertising ID to deliver targeted ads to users who are more likely to be interested in their products or services. We adhere to strict privacy and security standards when collecting and storing any user data, and we provide transparency and control over the use of this information, allowing users to opt-out of targeted advertising within the application settings. It is important to note that collecting the Advertising ID is solely for advertising or marketing purposes, and we do not use it for any other purposes or share it with third parties for any other purposes.",
        "annotations": [
            {
                "requirement": "Data Categories",
                "value": "your Advertising ID",
                "performed": true
            },
            {
                "requirement": "Processing Purpose",
                "value": "personalize your experience with targeted advertising",
                "performed": true
            },
            {
                "requirement": "Processing Purpose",
                "value": "generate revenue through advertising",
                "performed": true
            },
            {
                "requirement": "Processing Purpose",
                "value": "offer our application free of charge to our users",
                "performed": true
            },
            {
                "requirement": "Data Recipients",
                "value": "Advertisers",
                "performed": true
            },
            {
                "requirement": "Processing Purpose",
                "value": "deliver targeted ads to users who are more likely to be interested in their products or services",
                "performed": true
            },
            {
                "requirement": "Data Recipients",
                "value": "third parties",
                "performed": false
            }
        ]
    },
    {
        "type": "headline",
        "context": [
            {
                "text": "Privacy Policy Fortune Tiger",
                "type": "h1"
            },
            {
                "text": "Safety",
                "type": "h2"
            },
            {
                "text": "\u2022 Google Advertising ID",
                "type": "h3"
            }
        ],
        "passage": "\u2022 Location",
        "annotations": [
            {
                "requirement": "Data Categories",
                "value": "Location",
                "performed": true
            }
        ]
    },
    {
        "type": "text",
        "context": [
            {
                "text": "Privacy Policy Fortune Tiger",
                "type": "h1"
            },
            {
                "text": "Safety",
                "type": "h2"
            },
            {
                "text": "\u2022 Location",
                "type": "h3"
            }
        ],
        "passage": "The user data of approximate and precise location may be collected by our mobile application, and it is shared for the purpose of advertising or marketing. This data can help us personalize your experience with targeted advertising, which can help us generate revenue through advertising and offer our application free of charge to our users. However, we are committed to providing transparency and control over the use of this information and allow users to opt-out of sharing their location data within the application settings. It is important to note that we do not share location data with third parties for any other purposes than advertising or marketing.",
        "annotations": [
            {
                "requirement": "Data Categories",
                "value": "approximate and precise location",
                "performed": true
            },
            {
                "requirement": "Processing Purpose",
                "value": "advertising or marketing",
                "performed": true
            },
            {
                "requirement": "Processing Purpose",
                "value": "personalize your experience with targeted advertising",
                "performed": true
            },
            {
                "requirement": "Data Recipients",
                "value": "shared PLACEHOLDER for the purpose of advertising or marketing",
                "performed": true
            },
            {
                "requirement": "Mandatory Data Disclosure",
                "value": "we do not share location data with third parties for any other purposes than advertising or marketing",
                "performed": false
            }
        ]
    },
    {
        "type": "headline",
        "context": [
            {
                "text": "Privacy Policy Fortune Tiger",
                "type": "h1"
            },
            {
                "text": "Safety",
                "type": "h2"
            },
            {
                "text": "\u2022 Location",
                "type": "h3"
            }
        ],
        "passage": "\u2022 App info and performance",
        "annotations": []
    },
    {
        "type": "text",
        "context": [
            {
                "text": "Privacy Policy Fortune Tiger",
                "type": "h1"
            },
            {
                "text": "Safety",
                "type": "h2"
            },
            {
                "text": "\u2022 App info and performance",
                "type": "h3"
            }
        ],
        "passage": "The user data of crash logs may be collected by our mobile application, and it is shared for the purpose of improving the application's performance and user experience. This information can help us identify and diagnose technical issues and crashes that occur within the application and optimize its performance, resulting in a better user experience. We adhere to strict privacy and security standards when collecting and storing any user data and allow users to opt-out of sharing their crash logs within the application settings.",
        "annotations": [
            {
                "requirement": "Data Categories",
                "value": "crash logs",
                "performed": true
            },
            {
                "requirement": "Processing Purpose",
                "value": "improving the application's performance and user experience",
                "performed": true
            },
            {
                "requirement": "Processing Purpose",
                "value": "identify and diagnose technical issues and crashes that occur within the application",
                "performed": true
            },
            {
                "requirement": "Processing Purpose",
                "value": "optimize its performance",
                "performed": true
            }
        ]
    },
    {
        "type": "headline",
        "context": [
            {
                "text": "Privacy Policy Fortune Tiger",
                "type": "h1"
            },
            {
                "text": "Safety",
                "type": "h2"
            },
            {
                "text": "\u2022 App info and performance",
                "type": "h3"
            }
        ],
        "passage": "\u2022 App activity",
        "annotations": [
            {
                "requirement": "Data Categories",
                "value": "App activity",
                "performed": true
            }
        ]
    },
    {
        "type": "text",
        "context": [
            {
                "text": "Privacy Policy Fortune Tiger",
                "type": "h1"
            },
            {
                "text": "Safety",
                "type": "h2"
            },
            {
                "text": "\u2022 App activity",
                "type": "h3"
            }
        ],
        "passage": "The user data for App activity may be collected and shared by our mobile application. This data is shared for the purpose of improving the application's performance and user experience, as well as for advertising or marketing purposes. By analyzing user interactions within the application, we can gain valuable insights into how the application is used and how it can be improved to better meet the needs of our users. However, we adhere to strict privacy and security standards when collecting and storing any user data and allow users to opt-out of sharing their app interaction data within the application settings.",
        "annotations": [
            {
                "requirement": "Data Categories",
                "value": "App activity",
                "performed": true
            },
            {
                "requirement": "Processing Purpose",
                "value": "improving the application's performance and user experience",
                "performed": true
            },
            {
                "requirement": "Processing Purpose",
                "value": "advertising or marketing purposes",
                "performed": true
            },
            {
                "requirement": "Processing Purpose",
                "value": "gain valuable insights into how the application is used",
                "performed": true
            },
            {
                "requirement": "Processing Purpose",
                "value": "how it can be improved to better meet the needs of our users",
                "performed": true
            }
        ]
    },
    {
        "type": "headline",
        "context": [
            {
                "text": "Privacy Policy Fortune Tiger",
                "type": "h1"
            },
            {
                "text": "Safety",
                "type": "h2"
            },
            {
                "text": "\u2022 App activity",
                "type": "h3"
            }
        ],
        "passage": "\u2022 Device or other IDs",
        "annotations": [
            {
                "requirement": "Data Categories",
                "value": "Device or other IDs",
                "performed": true
            }
        ]
    },
    {
        "type": "text",
        "context": [
            {
                "text": "Privacy Policy Fortune Tiger",
                "type": "h1"
            },
            {
                "text": "Safety",
                "type": "h2"
            },
            {
                "text": "\u2022 Device or other IDs",
                "type": "h3"
            }
        ],
        "passage": "The user data for Device or other IDs may be collected and shared by our mobile application. This data is shared for advertising or marketing purposes to help us better understand our user base and target relevant advertisements to them. However, we adhere to strict privacy and security standards when collecting and storing any user data and allow users to opt-out of sharing their device or other ID data within the application settings.",
        "annotations": [
            {
                "requirement": "Data Categories",
                "value": "Device or other IDs",
                "performed": true
            },
            {
                "requirement": "Processing Purpose",
                "value": "advertising or marketing",
                "performed": true
            },
            {
                "requirement": "Processing Purpose",
                "value": "better understand our user base and target relevant advertisements to them",
                "performed": true
            },
            {
                "requirement": "Right to Withdraw Consent",
                "value": "allow users to opt-out of sharing their device or other ID data within the application settings",
                "performed": true
            }
        ]
    },
    {
        "type": "headline",
        "context": [
            {
                "text": "Privacy Policy Fortune Tiger",
                "type": "h1"
            },
            {
                "text": "Safety",
                "type": "h2"
            },
            {
                "text": "\u2022 Device or other IDs",
                "type": "h3"
            }
        ],
        "passage": "Logging Information",
        "annotations": []
    },
    {
        "type": "text",
        "context": [
            {
                "text": "Privacy Policy Fortune Tiger",
                "type": "h1"
            },
            {
                "text": "Logging Information",
                "type": "h2"
            }
        ],
        "passage": "At Fortune Tiger, we understand the importance of maintaining the privacy of our users and visitors. That's why, as part of our standard operating procedures, we use log files to track activity on our website. This helps us gain valuable insights into how our visitors use our Service, including their browsing behavior and site usage patterns.",
        "annotations": [
            {
                "requirement": "Processing Purpose",
                "value": "gain valuable insights into how our visitors use our Service",
                "performed": true
            },
            {
                "requirement": "Data Categories",
                "value": "browsing behavior",
                "performed": true
            },
            {
                "requirement": "Data Categories",
                "value": "site usage patterns",
                "performed": true
            }
        ]
    },
    {
        "type": "text",
        "context": [
            {
                "text": "Privacy Policy Fortune Tiger",
                "type": "h1"
            },
            {
                "text": "Logging Information",
                "type": "h2"
            }
        ],
        "passage": "The information we collect from log files is extensive and includes details such as IP addresses, browser types, Internet Service Providers, date and time stamps, pages visited, and clicks made. This information is not linked to any personal identification data and is used solely for the purpose of improving our Service, analyzing trends, and monitoring user movements.",
        "annotations": [
            {
                "requirement": "Data Categories",
                "value": "IP addresses",
                "performed": true
            },
            {
                "requirement": "Data Categories",
                "value": "browser types",
                "performed": true
            },
            {
                "requirement": "Data Categories",
                "value": "Internet Service Providers",
                "performed": true
            },
            {
                "requirement": "Data Categories",
                "value": "date and time stamps",
                "performed": true
            },
            {
                "requirement": "Data Categories",
                "value": "pages visited",
                "performed": true
            },
            {
                "requirement": "Data Categories",
                "value": "clicks made",
                "performed": true
            },
            {
                "requirement": "Processing Purpose",
                "value": "improving our Service",
                "performed": true
            },
            {
                "requirement": "Processing Purpose",
                "value": "analyzing trends",
                "performed": true
            },
            {
                "requirement": "Processing Purpose",
                "value": "monitoring user movements",
                "performed": true
            },
            {
                "requirement": "Mandatory Data Disclosure",
                "value": "not linked to any personal identification data",
                "performed": true
            }
        ]
    },
    {
        "type": "text",
        "context": [
            {
                "text": "Privacy Policy Fortune Tiger",
                "type": "h1"
            },
            {
                "text": "Logging Information",
                "type": "h2"
            }
        ],
        "passage": "By tracking this information, we can better understand the needs and preferences of our users and make data-driven decisions to enhance their experience with our Service. Furthermore, we use this information to gather demographic information, which helps us better target our offerings and improve the overall quality of our Service.",
        "annotations": [
            {
                "requirement": "Processing Purpose",
                "value": "better understand the needs and preferences of our users",
                "performed": true
            },
            {
                "requirement": "Processing Purpose",
                "value": "make data-driven decisions to enhance their experience with our Service",
                "performed": true
            },
            {
                "requirement": "Processing Purpose",
                "value": "gather demographic information",
                "performed": true
            },
            {
                "requirement": "Processing Purpose",
                "value": "better target our offerings",
                "performed": true
            },
            {
                "requirement": "Processing Purpose",
                "value": "improve the overall quality of our Service",
                "performed": true
            }
        ]
    },
    {
        "type": "text",
        "context": [
            {
                "text": "Privacy Policy Fortune Tiger",
                "type": "h1"
            },
            {
                "text": "Logging Information",
                "type": "h2"
            }
        ],
        "passage": "At Fortune Tiger, your privacy is our top priority, and we will always make sure that your personal information is kept confidential and secure.",
        "annotations": []
    },
    {
        "type": "headline",
        "context": [
            {
                "text": "Privacy Policy Fortune Tiger",
                "type": "h1"
            },
            {
                "text": "Logging Information",
                "type": "h2"
            }
        ],
        "passage": "Tracking Technologies",
        "annotations": []
    },
    {
        "type": "text",
        "context": [
            {
                "text": "Privacy Policy Fortune Tiger",
                "type": "h1"
            },
            {
                "text": "Tracking Technologies",
                "type": "h2"
            }
        ],
        "passage": "At Fortune Tiger, we understand the importance of protecting the privacy of our users. That's why we have put in place measures to ensure that the information you provide to us remains secure and confidential. To that end, we utilize tracking technologies such as cookies and similar tools to collect data about your browsing habits and preferences.",
        "annotations": [
            {
                "requirement": "Data Categories",
                "value": "tracking technologies such as cookies and similar tools",
                "performed": true
            },
            {
                "requirement": "Processing Purpose",
                "value": "collect data about your browsing habits and preferences",
                "performed": true
            }
        ]
    },
    {
        "type": "text",
        "context": [
            {
                "text": "Privacy Policy Fortune Tiger",
                "type": "h1"
            },
            {
                "text": "Tracking Technologies",
                "type": "h2"
            }
        ],
        "passage": "While our Service itself does not directly make use of these technologies, certain third-party components used in our Service may utilize them to enhance their services and gather data. Rest assured that the information collected through these technologies will not be linked to any personal identification data and will only be used to improve the overall user experience.",
        "annotations": [
            {
                "requirement": "Automated Decision-Making",
                "value": "the information collected through these technologies will not be linked to any personal identification data",
                "performed": false
            },
            {
                "requirement": "Processing Purpose",
                "value": "improve the overall user experience",
                "performed": true
            }
        ]
    },
    {
        "type": "text",
        "context": [
            {
                "text": "Privacy Policy Fortune Tiger",
                "type": "h1"
            },
            {
                "text": "Tracking Technologies",
                "type": "h2"
            }
        ],
        "passage": "You have the control to decide whether or not to accept the use of these cookies. Our Service will inform you when cookies are being sent to your device and you have the option to decline them. Please note that declining cookies may limit your ability to fully access and use certain features of our Service.",
        "annotations": [
            {
                "requirement": "Right to Object",
                "value": "you have the option to decline them",
                "performed": true
            }
        ]
    },
    {
        "type": "headline",
        "context": [
            {
                "text": "Privacy Policy Fortune Tiger",
                "type": "h1"
            },
            {
                "text": "Tracking Technologies",
                "type": "h2"
            }
        ],
        "passage": "Service Facilitators",
        "annotations": []
    },
    {
        "type": "text",
        "context": [
            {
                "text": "Privacy Policy Fortune Tiger",
                "type": "h1"
            },
            {
                "text": "Service Facilitators",
                "type": "h2"
            }
        ],
        "passage": "Third-party companies and individuals may be utilized for the following purposes:",
        "annotations": [
            {
                "requirement": "Data Recipients",
                "value": "Third-party companies and individuals",
                "performed": true
            }
        ]
    },
    {
        "type": "list_item",
        "context": [
            {
                "text": "Privacy Policy Fortune Tiger",
                "type": "h1"
            },
            {
                "text": "Service Facilitators",
                "type": "h2"
            },
            {
                "text": "Third-party companies and individuals may be utilized for the following purposes:",
                "type": "list_intro"
            }
        ],
        "passage": "\u2022 To streamline our Service offerings;",
        "annotations": [
            {
                "requirement": "Processing Purpose",
                "value": "streamline our Service offerings",
                "performed": true
            }
        ]
    },
    {
        "type": "list_item",
        "context": [
            {
                "text": "Privacy Policy Fortune Tiger",
                "type": "h1"
            },
            {
                "text": "Service Facilitators",
                "type": "h2"
            },
            {
                "text": "Third-party companies and individuals may be utilized for the following purposes:",
                "type": "list_intro"
            }
        ],
        "passage": "\u2022 To represent our Service to users;",
        "annotations": [
            {
                "requirement": "Processing Purpose",
                "value": "represent our Service to users",
                "performed": true
            }
        ]
    },
    {
        "type": "list_item",
        "context": [
            {
                "text": "Privacy Policy Fortune Tiger",
                "type": "h1"
            },
            {
                "text": "Service Facilitators",
                "type": "h2"
            },
            {
                "text": "Third-party companies and individuals may be utilized for the following purposes:",
                "type": "list_intro"
            }
        ],
        "passage": "\u2022 To conduct service-related tasks;",
        "annotations": [
            {
                "requirement": "Processing Purpose",
                "value": "conduct service-related tasks",
                "performed": true
            }
        ]
    },
    {
        "type": "list_item",
        "context": [
            {
                "text": "Privacy Policy Fortune Tiger",
                "type": "h1"
            },
            {
                "text": "Service Facilitators",
                "type": "h2"
            },
            {
                "text": "Third-party companies and individuals may be utilized for the following purposes:",
                "type": "list_intro"
            }
        ],
        "passage": "\u2022 To support our analysis of Service usage.",
        "annotations": [
            {
                "requirement": "Processing Purpose",
                "value": "support our analysis of Service usage",
                "performed": true
            }
        ]
    },
    {
        "type": "text",
        "context": [
            {
                "text": "Privacy Policy Fortune Tiger",
                "type": "h1"
            },
            {
                "text": "Service Facilitators",
                "type": "h2"
            }
        ],
        "passage": "It's important for users of this Service to be aware that these third-party entities will have access to their personal information. This is solely for the purpose of executing the duties assigned to them on our behalf. They are strictly bound not to use or reveal this information for any other purposes.",
        "annotations": [
            {
                "requirement": "Data Recipients",
                "value": "third-party entities",
                "performed": true
            },
            {
                "requirement": "Processing Purpose",
                "value": "executing the duties assigned to them on our behalf",
                "performed": true
            }
        ]
    },
    {
        "type": "headline",
        "context": [
            {
                "text": "Privacy Policy Fortune Tiger",
                "type": "h1"
            },
            {
                "text": "Service Facilitators",
                "type": "h2"
            }
        ],
        "passage": "Security",
        "annotations": []
    },
    {
        "type": "text",
        "context": [
            {
                "text": "Privacy Policy Fortune Tiger",
                "type": "h1"
            },
            {
                "text": "Security",
                "type": "h2"
            }
        ],
        "passage": "Security is a top priority for us at Fortune Tiger, and we are dedicated to protecting the Personal Information you entrust to us. We use commercially reasonable measures to secure your information, but please be aware that no data transmission or storage method can be 100% foolproof. While we strive to maintain the highest level of security, we cannot guarantee the absolute security of your information.",
        "annotations": []
    },
    {
        "type": "headline",
        "context": [
            {
                "text": "Privacy Policy Fortune Tiger",
                "type": "h1"
            },
            {
                "text": "Security",
                "type": "h2"
            }
        ],
        "passage": "Links to Third-Party Websites",
        "annotations": []
    },
    {
        "type": "text",
        "context": [
            {
                "text": "Privacy Policy Fortune Tiger",
                "type": "h1"
            },
            {
                "text": "Links to Third-Party Websites",
                "type": "h2"
            }
        ],
        "passage": "Our Service may contain links to other websites and online resources that are not owned or controlled by us. When you access a third-party website through our Service, you are doing so at your own risk. These external websites have their own terms of use and privacy policies, and we do not accept any responsibility or liability for their contents, activities, or information practices. Therefore, it is important to always review the privacy policy of any third-party website before using it or sharing any personal information.",
        "annotations": []
    },
    {
        "type": "headline",
        "context": [
            {
                "text": "Privacy Policy Fortune Tiger",
                "type": "h1"
            },
            {
                "text": "Links to Third-Party Websites",
                "type": "h2"
            }
        ],
        "passage": "Children's Safety and Privacy",
        "annotations": []
    },
    {
        "type": "text",
        "context": [
            {
                "text": "Privacy Policy Fortune Tiger",
                "type": "h1"
            },
            {
                "text": "Children's Safety and Privacy",
                "type": "h2"
            }
        ],
        "passage": "At Fortune Tiger, the protection of children and their privacy is of utmost importance to us. We strongly recommend parents and guardians to actively monitor and guide their children's online activity.",
        "annotations": []
    },
    {
        "type": "text",
        "context": [
            {
                "text": "Privacy Policy Fortune Tiger",
                "type": "h1"
            },
            {
                "text": "Children's Safety and Privacy",
                "type": "h2"
            }
        ],
        "passage": "We do not knowingly collect any personal identifiable information from children below the age of 3+. If you believe that your child has inadvertently provided such information on our platform, please do not hesitate to contact us. We will make every effort to promptly remove the information from our records.",
        "annotations": [
            {
                "requirement": "Data Categories",
                "value": "personal identifiable information",
                "performed": false
            }
        ]
    },
    {
        "type": "headline",
        "context": [
            {
                "text": "Privacy Policy Fortune Tiger",
                "type": "h1"
            },
            {
                "text": "Children's Safety and Privacy",
                "type": "h2"
            }
        ],
        "passage": "Ad Partner Privacy Policies",
        "annotations": []
    },
    {
        "type": "text",
        "context": [
            {
                "text": "Privacy Policy Fortune Tiger",
                "type": "h1"
            },
            {
                "text": "Ad Partner Privacy Policies",
                "type": "h2"
            }
        ],
        "passage": "You can access this list to review the privacy policies of each of Fortune Tiger's advertising partners.",
        "annotations": []
    },
    {
        "type": "text",
        "context": [
            {
                "text": "Privacy Policy Fortune Tiger",
                "type": "h1"
            },
            {
                "text": "Ad Partner Privacy Policies",
                "type": "h2"
            }
        ],
        "passage": "Fortune Tiger displays ads from third-party ad servers or networks that utilize technologies such as cookies, JavaScript, or Web Beacons in their ads and links on Fortune Tiger. These technologies send information directly to your browser. As a result, the third-party advertisers receive your IP address. They use these technologies to assess the success of their advertising campaigns and to personalize the ads you see on websites you visit.",
        "annotations": [
            {
                "requirement": "Processing Purpose",
                "value": "assess the success of their advertising campaigns",
                "performed": true
            },
            {
                "requirement": "Processing Purpose",
                "value": "personalize the ads you see on websites you visit",
                "performed": true
            },
            {
                "requirement": "Data Categories",
                "value": "your IP address",
                "performed": true
            },
            {
                "requirement": "Data Recipients",
                "value": "third-party advertisers",
                "performed": true
            }
        ]
    },
    {
        "type": "text",
        "context": [
            {
                "text": "Privacy Policy Fortune Tiger",
                "type": "h1"
            },
            {
                "text": "Ad Partner Privacy Policies",
                "type": "h2"
            }
        ],
        "passage": "It's important to note that Fortune Tiger has no control over or access to the cookies used by third-party advertisers.",
        "annotations": []
    },
    {
        "type": "headline",
        "context": [
            {
                "text": "Privacy Policy Fortune Tiger",
                "type": "h1"
            },
            {
                "text": "Ad Partner Privacy Policies",
                "type": "h2"
            }
        ],
        "passage": "Advertising Partners and Their Privacy Policies",
        "annotations": []
    },
    {
        "type": "text",
        "context": [
            {
                "text": "Privacy Policy Fortune Tiger",
                "type": "h1"
            },
            {
                "text": "Advertising Partners and Their Privacy Policies",
                "type": "h2"
            }
        ],
        "passage": "Fortune Tiger partners with various advertising companies to display advertisements and links on our site. These companies may utilize cookies and web beacons to collect information about your visits and activities on our website and other websites you visit.",
        "annotations": [
            {
                "requirement": "Data Categories",
                "value": "cookies",
                "performed": true
            },
            {
                "requirement": "Data Categories",
                "value": "web beacons",
                "performed": true
            },
            {
                "requirement": "Processing Purpose",
                "value": "display advertisements and links on our site",
                "performed": true
            }
        ]
    },
    {
        "type": "text",
        "context": [
            {
                "text": "Privacy Policy Fortune Tiger",
                "type": "h1"
            },
            {
                "text": "Advertising Partners and Their Privacy Policies",
                "type": "h2"
            }
        ],
        "passage": "We have provided a list of our advertising partners below, along with a link to their respective Privacy Policies for your convenience.",
        "annotations": [
            {
                "requirement": "Data Recipients",
                "value": "our advertising partners",
                "performed": true
            }
        ]
    },
    {
        "type": "headline",
        "context": [
            {
                "text": "Privacy Policy Fortune Tiger",
                "type": "h1"
            },
            {
                "text": "Advertising Partners and Their Privacy Policies",
                "type": "h2"
            }
        ],
        "passage": "Advertising Partner: Google",
        "annotations": []
    },
    {
        "type": "text",
        "context": [
            {
                "text": "Privacy Policy Fortune Tiger",
                "type": "h1"
            },
            {
                "text": "Advertising Partners and Their Privacy Policies",
                "type": "h2"
            },
            {
                "text": "Advertising Partner: Google",
                "type": "h3"
            }
        ],
        "passage": "Privacy Policy: https://policies.google.com/technologies/ads",
        "annotations": []
    },
    {
        "type": "headline",
        "context": [
            {
                "text": "Privacy Policy Fortune Tiger",
                "type": "h1"
            },
            {
                "text": "Advertising Partners and Their Privacy Policies",
                "type": "h2"
            },
            {
                "text": "Advertising Partner: Google",
                "type": "h3"
            }
        ],
        "passage": "Changes to This Privacy Policy",
        "annotations": []
    },
    {
        "type": "text",
        "context": [
            {
                "text": "Privacy Policy Fortune Tiger",
                "type": "h1"
            },
            {
                "text": "Changes to This Privacy Policy",
                "type": "h2"
            }
        ],
        "passage": "Our Privacy Policy may be updated periodically and as a result, we advise you to regularly check this page for any changes. If there are any modifications to the Privacy Policy, we will post the updated version on this page to keep you informed.",
        "annotations": []
    }
]