[
    {
        "type": "headline",
        "context": [],
        "passage": "Privacy Policy...",
        "annotations": []
    },
    {
        "type": "headline",
        "context": [
            {
                "text": "Privacy Policy...",
                "type": "h1"
            }
        ],
        "passage": "\u2022 Information We Collect",
        "annotations": []
    },
    {
        "type": "headline",
        "context": [
            {
                "text": "Privacy Policy...",
                "type": "h1"
            },
            {
                "text": "\u2022 Information We Collect",
                "type": "h2"
            }
        ],
        "passage": "Personal Information",
        "annotations": []
    },
    {
        "type": "text",
        "context": [
            {
                "text": "Privacy Policy...",
                "type": "h1"
            },
            {
                "text": "\u2022 Information We Collect",
                "type": "h2"
            },
            {
                "text": "Personal Information",
                "type": "h4"
            }
        ],
        "passage": "When you register or engage with Miwa Bora, we may collect personal information, including your name, location, email address, and phone number.",
        "annotations": [
            {
                "requirement": "Data Categories",
                "value": "your name",
                "performed": true
            },
            {
                "requirement": "Data Categories",
                "value": "your [...] location",
                "performed": true
            },
            {
                "requirement": "Data Categories",
                "value": "your [...] email address",
                "performed": true
            },
            {
                "requirement": "Data Categories",
                "value": "your [...] phone number",
                "performed": true
            },
            {
                "requirement": "Data Categories",
                "value": "personal information",
                "performed": true
            },
            {
                "requirement": "Controller Name",
                "value": "Miwa Bora",
                "performed": true
            }
        ]
    },
    {
        "type": "headline",
        "context": [
            {
                "text": "Privacy Policy...",
                "type": "h1"
            },
            {
                "text": "\u2022 Information We Collect",
                "type": "h2"
            },
            {
                "text": "Personal Information",
                "type": "h4"
            }
        ],
        "passage": "Usage Data",
        "annotations": []
    },
    {
        "type": "text",
        "context": [
            {
                "text": "Privacy Policy...",
                "type": "h1"
            },
            {
                "text": "\u2022 Information We Collect",
                "type": "h2"
            },
            {
                "text": "Usage Data",
                "type": "h4"
            }
        ],
        "passage": "We collect data on how you use the app, such as pages visited, features utilized, and interactions with community posts.",
        "annotations": [
            {
                "requirement": "Data Categories",
                "value": "how you use the app",
                "performed": true
            },
            {
                "requirement": "Data Categories",
                "value": "pages visited",
                "performed": true
            },
            {
                "requirement": "Data Categories",
                "value": "features utilized",
                "performed": true
            },
            {
                "requirement": "Data Categories",
                "value": "interactions with community posts",
                "performed": true
            }
        ]
    },
    {
        "type": "headline",
        "context": [
            {
                "text": "Privacy Policy...",
                "type": "h1"
            },
            {
                "text": "\u2022 Information We Collect",
                "type": "h2"
            },
            {
                "text": "Usage Data",
                "type": "h4"
            }
        ],
        "passage": "Device Information",
        "annotations": []
    },
    {
        "type": "text",
        "context": [
            {
                "text": "Privacy Policy...",
                "type": "h1"
            },
            {
                "text": "\u2022 Information We Collect",
                "type": "h2"
            },
            {
                "text": "Device Information",
                "type": "h4"
            }
        ],
        "passage": "Information about your device, such as device type, operating system, and unique identifiers, helps us optimize your user experience.",
        "annotations": [
            {
                "requirement": "Data Categories",
                "value": "device type",
                "performed": true
            },
            {
                "requirement": "Data Categories",
                "value": "operating system",
                "performed": true
            },
            {
                "requirement": "Data Categories",
                "value": "unique identifiers",
                "performed": true
            },
            {
                "requirement": "Processing Purpose",
                "value": "optimize your user experience",
                "performed": true
            }
        ]
    },
    {
        "type": "headline",
        "context": [
            {
                "text": "Privacy Policy...",
                "type": "h1"
            },
            {
                "text": "\u2022 Information We Collect",
                "type": "h2"
            },
            {
                "text": "Device Information",
                "type": "h4"
            }
        ],
        "passage": "\u2022 How We Use Your Information",
        "annotations": []
    },
    {
        "type": "headline",
        "context": [
            {
                "text": "Privacy Policy...",
                "type": "h1"
            },
            {
                "text": "\u2022 How We Use Your Information",
                "type": "h2"
            }
        ],
        "passage": "Personalization",
        "annotations": []
    },
    {
        "type": "text",
        "context": [
            {
                "text": "Privacy Policy...",
                "type": "h1"
            },
            {
                "text": "\u2022 How We Use Your Information",
                "type": "h2"
            },
            {
                "text": "Personalization",
                "type": "h4"
            }
        ],
        "passage": "We use your information to personalize your experience, providing content, news, and features relevant to your interests.",
        "annotations": [
            {
                "requirement": "Processing Purpose",
                "value": "personalize your experience",
                "performed": true
            },
            {
                "requirement": "Processing Purpose",
                "value": "providing content, news, and features relevant to your interests",
                "performed": true
            }
        ]
    },
    {
        "type": "headline",
        "context": [
            {
                "text": "Privacy Policy...",
                "type": "h1"
            },
            {
                "text": "\u2022 How We Use Your Information",
                "type": "h2"
            },
            {
                "text": "Personalization",
                "type": "h4"
            }
        ],
        "passage": "Community Engagement",
        "annotations": []
    },
    {
        "type": "text",
        "context": [
            {
                "text": "Privacy Policy...",
                "type": "h1"
            },
            {
                "text": "\u2022 How We Use Your Information",
                "type": "h2"
            },
            {
                "text": "Community Engagement",
                "type": "h4"
            }
        ],
        "passage": "Your details may be used to facilitate community interactions, including discussions and engagement with other users.",
        "annotations": [
            {
                "requirement": "Processing Purpose",
                "value": "facilitate community interactions",
                "performed": true
            },
            {
                "requirement": "Processing Purpose",
                "value": "engagement with other users",
                "performed": true
            }
        ]
    },
    {
        "type": "headline",
        "context": [
            {
                "text": "Privacy Policy...",
                "type": "h1"
            },
            {
                "text": "\u2022 How We Use Your Information",
                "type": "h2"
            },
            {
                "text": "Community Engagement",
                "type": "h4"
            }
        ],
        "passage": "Communication",
        "annotations": []
    },
    {
        "type": "text",
        "context": [
            {
                "text": "Privacy Policy...",
                "type": "h1"
            },
            {
                "text": "\u2022 How We Use Your Information",
                "type": "h2"
            },
            {
                "text": "Communication",
                "type": "h4"
            }
        ],
        "passage": "We may use your contact information to send important updates, news alerts, and respond to inquiries.",
        "annotations": [
            {
                "requirement": "Data Categories",
                "value": "your contact information",
                "performed": true
            },
            {
                "requirement": "Processing Purpose",
                "value": "send important updates",
                "performed": true
            },
            {
                "requirement": "Processing Purpose",
                "value": "news alerts",
                "performed": true
            },
            {
                "requirement": "Processing Purpose",
                "value": "respond to inquiries",
                "performed": true
            }
        ]
    },
    {
        "type": "headline",
        "context": [
            {
                "text": "Privacy Policy...",
                "type": "h1"
            },
            {
                "text": "\u2022 How We Use Your Information",
                "type": "h2"
            },
            {
                "text": "Communication",
                "type": "h4"
            }
        ],
        "passage": "\u2022 Information Sharing",
        "annotations": []
    },
    {
        "type": "headline",
        "context": [
            {
                "text": "Privacy Policy...",
                "type": "h1"
            },
            {
                "text": "\u2022 Information Sharing",
                "type": "h2"
            }
        ],
        "passage": "Community Interaction",
        "annotations": []
    },
    {
        "type": "text",
        "context": [
            {
                "text": "Privacy Policy...",
                "type": "h1"
            },
            {
                "text": "\u2022 Information Sharing",
                "type": "h2"
            },
            {
                "text": "Community Interaction",
                "type": "h4"
            }
        ],
        "passage": "Your profile name and certain interactions within the community may be visible to other users.",
        "annotations": [
            {
                "requirement": "Data Categories",
                "value": "Your profile name",
                "performed": true
            },
            {
                "requirement": "Data Categories",
                "value": "certain interactions within the community",
                "performed": true
            },
            {
                "requirement": "Data Recipients",
                "value": "other users",
                "performed": true
            }
        ]
    },
    {
        "type": "headline",
        "context": [
            {
                "text": "Privacy Policy...",
                "type": "h1"
            },
            {
                "text": "\u2022 Information Sharing",
                "type": "h2"
            },
            {
                "text": "Community Interaction",
                "type": "h4"
            }
        ],
        "passage": "Service Providers",
        "annotations": []
    },
    {
        "type": "text",
        "context": [
            {
                "text": "Privacy Policy...",
                "type": "h1"
            },
            {
                "text": "\u2022 Information Sharing",
                "type": "h2"
            },
            {
                "text": "Service Providers",
                "type": "h4"
            }
        ],
        "passage": "We may share data with trusted service providers to enhance app functionality and user experience.",
        "annotations": [
            {
                "requirement": "Data Recipients",
                "value": "trusted service providers",
                "performed": true
            },
            {
                "requirement": "Processing Purpose",
                "value": "enhance app functionality",
                "performed": true
            },
            {
                "requirement": "Processing Purpose",
                "value": "enhance [...] user experience",
                "performed": true
            }
        ]
    },
    {
        "type": "headline",
        "context": [
            {
                "text": "Privacy Policy...",
                "type": "h1"
            },
            {
                "text": "\u2022 Information Sharing",
                "type": "h2"
            },
            {
                "text": "Service Providers",
                "type": "h4"
            }
        ],
        "passage": "\u2022 Security Measures",
        "annotations": []
    },
    {
        "type": "headline",
        "context": [
            {
                "text": "Privacy Policy...",
                "type": "h1"
            },
            {
                "text": "\u2022 Security Measures",
                "type": "h2"
            }
        ],
        "passage": "Data Security",
        "annotations": []
    },
    {
        "type": "text",
        "context": [
            {
                "text": "Privacy Policy...",
                "type": "h1"
            },
            {
                "text": "\u2022 Security Measures",
                "type": "h2"
            },
            {
                "text": "Data Security",
                "type": "h4"
            }
        ],
        "passage": "We employ industry-standard measures to safeguard your data from unauthorized access, disclosure, alteration, and destruction.",
        "annotations": []
    },
    {
        "type": "headline",
        "context": [
            {
                "text": "Privacy Policy...",
                "type": "h1"
            },
            {
                "text": "\u2022 Security Measures",
                "type": "h2"
            },
            {
                "text": "Data Security",
                "type": "h4"
            }
        ],
        "passage": "Account Protection",
        "annotations": []
    },
    {
        "type": "text",
        "context": [
            {
                "text": "Privacy Policy...",
                "type": "h1"
            },
            {
                "text": "\u2022 Security Measures",
                "type": "h2"
            },
            {
                "text": "Account Protection",
                "type": "h4"
            }
        ],
        "passage": "Your account is protected by login credentials, and we recommend using strong, unique passwords.",
        "annotations": []
    },
    {
        "type": "headline",
        "context": [
            {
                "text": "Privacy Policy...",
                "type": "h1"
            },
            {
                "text": "\u2022 Security Measures",
                "type": "h2"
            },
            {
                "text": "Account Protection",
                "type": "h4"
            }
        ],
        "passage": "\u2022 Your Choices",
        "annotations": []
    },
    {
        "type": "headline",
        "context": [
            {
                "text": "Privacy Policy...",
                "type": "h1"
            },
            {
                "text": "\u2022 Your Choices",
                "type": "h2"
            }
        ],
        "passage": "Opt-Out",
        "annotations": []
    },
    {
        "type": "text",
        "context": [
            {
                "text": "Privacy Policy...",
                "type": "h1"
            },
            {
                "text": "\u2022 Your Choices",
                "type": "h2"
            },
            {
                "text": "Opt-Out",
                "type": "h4"
            }
        ],
        "passage": "You can opt-out of promotional communications by following the instructions in our messages or contacting us directly.",
        "annotations": [
            {
                "requirement": "Right to Object",
                "value": "opt-out of promotional communications",
                "performed": true
            }
        ]
    },
    {
        "type": "headline",
        "context": [
            {
                "text": "Privacy Policy...",
                "type": "h1"
            },
            {
                "text": "\u2022 Your Choices",
                "type": "h2"
            },
            {
                "text": "Opt-Out",
                "type": "h4"
            }
        ],
        "passage": "Account Deactivation",
        "annotations": []
    },
    {
        "type": "text",
        "context": [
            {
                "text": "Privacy Policy...",
                "type": "h1"
            },
            {
                "text": "\u2022 Your Choices",
                "type": "h2"
            },
            {
                "text": "Account Deactivation",
                "type": "h4"
            }
        ],
        "passage": "If you wish to deactivate your account, please contact our support team.",
        "annotations": [
            {
                "requirement": "Right to Erasure",
                "value": "deactivate your account",
                "performed": true
            }
        ]
    },
    {
        "type": "headline",
        "context": [
            {
                "text": "Privacy Policy...",
                "type": "h1"
            },
            {
                "text": "\u2022 Your Choices",
                "type": "h2"
            },
            {
                "text": "Account Deactivation",
                "type": "h4"
            }
        ],
        "passage": "\u2022 Updates to Privacy Policy",
        "annotations": []
    },
    {
        "type": "headline",
        "context": [
            {
                "text": "Privacy Policy...",
                "type": "h1"
            },
            {
                "text": "\u2022 Updates to Privacy Policy",
                "type": "h2"
            }
        ],
        "passage": "Notification",
        "annotations": []
    },
    {
        "type": "text",
        "context": [
            {
                "text": "Privacy Policy...",
                "type": "h1"
            },
            {
                "text": "\u2022 Updates to Privacy Policy",
                "type": "h2"
            },
            {
                "text": "Notification",
                "type": "h4"
            }
        ],
        "passage": "We'll notify you of any significant changes to this Privacy Policy, and the latest version will always be available within the app.",
        "annotations": []
    },
    {
        "type": "headline",
        "context": [
            {
                "text": "Privacy Policy...",
                "type": "h1"
            },
            {
                "text": "\u2022 Updates to Privacy Policy",
                "type": "h2"
            },
            {
                "text": "Notification",
                "type": "h4"
            }
        ],
        "passage": "\u2022 Community Section",
        "annotations": []
    },
    {
        "type": "headline",
        "context": [
            {
                "text": "Privacy Policy...",
                "type": "h1"
            },
            {
                "text": "\u2022 Community Section",
                "type": "h2"
            }
        ],
        "passage": "Community Discussions",
        "annotations": []
    },
    {
        "type": "text",
        "context": [
            {
                "text": "Privacy Policy...",
                "type": "h1"
            },
            {
                "text": "\u2022 Community Section",
                "type": "h2"
            },
            {
                "text": "Community Discussions",
                "type": "h4"
            }
        ],
        "passage": "In the Community Section, your engagement and shared information are part of positive and constructive discussions. Moderation ensures a respectful environment.",
        "annotations": []
    },
    {
        "type": "headline",
        "context": [
            {
                "text": "Privacy Policy...",
                "type": "h1"
            },
            {
                "text": "\u2022 Community Section",
                "type": "h2"
            },
            {
                "text": "Community Discussions",
                "type": "h4"
            }
        ],
        "passage": "\u2022 Contact Us",
        "annotations": []
    },
    {
        "type": "headline",
        "context": [
            {
                "text": "Privacy Policy...",
                "type": "h1"
            },
            {
                "text": "\u2022 Contact Us",
                "type": "h2"
            }
        ],
        "passage": "Reach Out",
        "annotations": []
    },
    {
        "type": "text",
        "context": [
            {
                "text": "Privacy Policy...",
                "type": "h1"
            },
            {
                "text": "\u2022 Contact Us",
                "type": "h2"
            },
            {
                "text": "Reach Out",
                "type": "h4"
            }
        ],
        "passage": "If you have questions or concerns about this Privacy Policy, please contact us at info@miwabora.go.ke.",
        "annotations": [
            {
                "requirement": "Controller Contact",
                "value": "info@miwabora.go.ke",
                "performed": true
            }
        ]
    }
]