[
    {
        "type": "text",
        "context": [],
        "passage": "Hdhshshsksks has adopted this privacy policy (\u201cPrivacy Policy\u201d) to explain how Hdhshshsksks collects, stores, and uses the information collected in connection with Hdhshshsksks\u2019s Services.",
        "annotations": []
    },
    {
        "type": "text",
        "context": [],
        "passage": "BY INSTALLING, USING, REGISTERING TO OR OTHERWISE ACCESSING THE SERVICES, YOU AGREE TO THIS PRIVACY POLICY AND GIVE AN EXPLICIT AND INFORMED CONSENT TO THE PROCESSING OF YOUR PERSONAL DATA IN ACCORDANCE WITH THIS PRIVACY POLICY. IF YOU DO NOT AGREE TO THIS PRIVACY POLICY, PLEASE DO NOT INSTALL, USE, REGISTER TO OR OTHERWISE ACCESS THE SERVICES. Hdhshshsksks reserves the right to modify this Privacy Policy at reasonable times, so please review it frequently. If Hdhshshsksks makes material or significant changes to this Privacy Policy, Hdhshshsksks may post a notice on Hdhshshsksks website along with the updated Privacy Policy. Your continued use of Services will signify your acceptance of the changes to this Privacy Policy.",
        "annotations": []
    },
    {
        "type": "headline",
        "context": [],
        "passage": "Non-personal data",
        "annotations": []
    },
    {
        "type": "text",
        "context": [
            {
                "text": "Non-personal data",
                "type": "h2"
            }
        ],
        "passage": "For purposes of this Privacy Policy, \u201cnon-personal data\u201d means information that does not directly identify you. The types of non-personal data Hdhshshsksks may collect and use include, but are not limited to: application properties, including, but not limited to application name, package name and icon installed on your device. Your checkin (include like, recommendation) of a game will be disclosed to all Hdhshshsksks users.",
        "annotations": [
            {
                "requirement": "Data Categories",
                "value": "application properties",
                "performed": true
            },
            {
                "requirement": "Data Categories",
                "value": "application name",
                "performed": true
            },
            {
                "requirement": "Data Categories",
                "value": "package name",
                "performed": true
            },
            {
                "requirement": "Data Categories",
                "value": "icon installed on your device",
                "performed": true
            }
        ]
    },
    {
        "type": "text",
        "context": [
            {
                "text": "Non-personal data",
                "type": "h2"
            }
        ],
        "passage": "Hdhshshsksks may use and disclose to Hdhshshsksks\u2019s partners and contractors the collected non-personal data for purposes of analyzing usage of the Services, advertisement serving, managing and providing the Services and to further develop the Services and other Hdhshshsksks services and products.",
        "annotations": [
            {
                "requirement": "Processing Purpose",
                "value": "analyzing usage of the Services",
                "performed": true
            },
            {
                "requirement": "Processing Purpose",
                "value": "advertisement serving",
                "performed": true
            },
            {
                "requirement": "Processing Purpose",
                "value": "managing [...] the Services",
                "performed": true
            },
            {
                "requirement": "Processing Purpose",
                "value": "providing the Services",
                "performed": true
            },
            {
                "requirement": "Processing Purpose",
                "value": "further develop the Services",
                "performed": true
            },
            {
                "requirement": "Processing Purpose",
                "value": "develop [...] other Hdhshshsksks services and products",
                "performed": true
            },
            {
                "requirement": "Data Recipients",
                "value": "Hdhshshsksks\u2019s partners",
                "performed": true
            },
            {
                "requirement": "Data Recipients",
                "value": "Hdhshshsksks\u2019s [...] contractors",
                "performed": true
            }
        ]
    },
    {
        "type": "text",
        "context": [
            {
                "text": "Non-personal data",
                "type": "h2"
            }
        ],
        "passage": "You recognize and agree that the analytics companies utilized by Hdhshshsksks may combine the information collected with other information they have independently collected from other services or products relating to your activities. These companies collect and use information under their own privacy policies.",
        "annotations": []
    },
    {
        "type": "headline",
        "context": [
            {
                "text": "Non-personal data",
                "type": "h2"
            }
        ],
        "passage": "Personal Data",
        "annotations": []
    },
    {
        "type": "text",
        "context": [
            {
                "text": "Personal Data",
                "type": "h2"
            }
        ],
        "passage": "For purposes of this Privacy Policy, \u201cpersonal data\u201d means personally identifiable information that specifically identifies you as an individual.",
        "annotations": []
    },
    {
        "type": "text",
        "context": [
            {
                "text": "Personal Data",
                "type": "h2"
            }
        ],
        "passage": "Personal information collected by Hdhshshsksks is information voluntarily provided to us by you when you create your account or change your account information. The information includes your facebook id, name, gender, location and your friends\u2019id on facebook. Hdhshshsksks also stores your game checkins, likes, dislikes, recommendations and messages.",
        "annotations": [
            {
                "requirement": "Data Categories",
                "value": "your facebook id",
                "performed": true
            },
            {
                "requirement": "Data Categories",
                "value": "name",
                "performed": true
            },
            {
                "requirement": "Data Categories",
                "value": "gender",
                "performed": true
            },
            {
                "requirement": "Data Categories",
                "value": "location",
                "performed": true
            },
            {
                "requirement": "Data Categories",
                "value": "your friends\u2019 id on facebook",
                "performed": true
            },
            {
                "requirement": "Data Categories",
                "value": "your game checkins",
                "performed": true
            },
            {
                "requirement": "Data Categories",
                "value": "likes",
                "performed": true
            },
            {
                "requirement": "Data Categories",
                "value": "dislikes",
                "performed": true
            },
            {
                "requirement": "Data Categories",
                "value": "recommendations",
                "performed": true
            },
            {
                "requirement": "Data Categories",
                "value": "messages",
                "performed": true
            }
        ]
    },
    {
        "type": "text",
        "context": [
            {
                "text": "Personal Data",
                "type": "h2"
            }
        ],
        "passage": "Hdhshshsksks may use collected personal data for purposes of analyzing usage of the Services, providing customer and technical support, managing and providing Services (including managing advertisement serving) and to further develop the Services and other Hdhshshsksks services and products. Hdhshshsksks may combine non-personal data with personal data.",
        "annotations": [
            {
                "requirement": "Controller Name",
                "value": "Hdhshshsksks",
                "performed": true
            },
            {
                "requirement": "Processing Purpose",
                "value": "analyzing usage of the Services",
                "performed": true
            },
            {
                "requirement": "Processing Purpose",
                "value": "providing customer [...] support",
                "performed": true
            },
            {
                "requirement": "Processing Purpose",
                "value": "providing [...] technical support",
                "performed": true
            },
            {
                "requirement": "Processing Purpose",
                "value": "managing [...] Services",
                "performed": true
            },
            {
                "requirement": "Processing Purpose",
                "value": "providing Services (including managing advertisement serving)",
                "performed": true
            },
            {
                "requirement": "Processing Purpose",
                "value": "to further develop the Services and other Hdhshshsksks services and products",
                "performed": true
            },
            {
                "requirement": "Processing Purpose",
                "value": "combine non-personal data with personal data",
                "performed": true
            }
        ]
    },
    {
        "type": "text",
        "context": [
            {
                "text": "Personal Data",
                "type": "h2"
            }
        ],
        "passage": "Please note that certain features of the Services may be able to connect to your social networking sites to obtain additional information about you. In such cases, Hdhshshsksks may be able to collect certain information from your social networking profile when your social networking site permits it, and when you consent to allow your social networking site to make that information available to Hdhshshsksks. This information may include, but is not limited to, your name, profile picture, gender, user ID, email address, your country, your language, your time zone, the organizations and links on your profile page, the names and profile pictures of your social networking site \u201cfriends\u201d and other information you have included in your social networking site profile. Hdhshshsksks may associate and/or combine as well as use information collected by Hdhshshsksks and/or obtained through such social networking sites in accordance with this Privacy Policy.",
        "annotations": [
            {
                "requirement": "Data Categories",
                "value": "your name",
                "performed": true
            },
            {
                "requirement": "Data Categories",
                "value": "your profile picture",
                "performed": true
            },
            {
                "requirement": "Data Categories",
                "value": "your gender",
                "performed": true
            },
            {
                "requirement": "Data Categories",
                "value": "your user ID",
                "performed": true
            },
            {
                "requirement": "Data Categories",
                "value": "your email address",
                "performed": true
            },
            {
                "requirement": "Data Categories",
                "value": "your country",
                "performed": true
            },
            {
                "requirement": "Data Categories",
                "value": "your language",
                "performed": true
            },
            {
                "requirement": "Data Categories",
                "value": "your time zone",
                "performed": true
            },
            {
                "requirement": "Data Categories",
                "value": "the organizations [...] on your profile page",
                "performed": true
            },
            {
                "requirement": "Data Categories",
                "value": "the links on your profile page",
                "performed": true
            },
            {
                "requirement": "Data Categories",
                "value": "the names [...] of your social networking site \n\u201cfriends\u201d",
                "performed": true
            },
            {
                "requirement": "Data Categories",
                "value": "the profile pictures of your social networking site \n\u201cfriends\u201d",
                "performed": true
            },
            {
                "requirement": "Data Categories",
                "value": "other information you have included in your social networking site profile",
                "performed": true
            },
            {
                "requirement": "Source of Data",
                "value": "your social networking sites",
                "performed": true
            },
            {
                "requirement": "Legal Basis for Processing",
                "value": "your consent",
                "performed": true
            }
        ]
    },
    {
        "type": "headline",
        "context": [
            {
                "text": "Personal Data",
                "type": "h2"
            }
        ],
        "passage": "Disclosure and Transfer of Personal Data",
        "annotations": []
    },
    {
        "type": "text",
        "context": [
            {
                "text": "Disclosure and Transfer of Personal Data",
                "type": "h2"
            }
        ],
        "passage": "Hdhshshsksks collects and processes personal data on a voluntary basis and it is not in the business of selling your personal data to third parties. Personal data may, however, occasionally be disclosed in accordance with applicable legislation and this Privacy Policy. Additionally, Hdhshshsksks may disclose personal data to its parent companies and its subsidiaries in accordance with this Privacy Policy.",
        "annotations": [
            {
                "requirement": "Data Recipients",
                "value": "third parties",
                "performed": true
            },
            {
                "requirement": "Data Recipients",
                "value": "its parent companies",
                "performed": true
            },
            {
                "requirement": "Data Recipients",
                "value": "its subsidiaries",
                "performed": true
            }
        ]
    },
    {
        "type": "text",
        "context": [
            {
                "text": "Disclosure and Transfer of Personal Data",
                "type": "h2"
            }
        ],
        "passage": "Hdhshshsksks may hire agents and contractors to collect and process personal data on Hdhshshsksks\u2019s behalf and in such cases such agents and contractors will be instructed to comply with our Privacy Policy and to use personal data only for the purposes for which the third party has been engaged by Hdhshshsksks. These agents and contractors may not use your personal data for their own marketing purposes. Hdhshshsksks may use third party service providers such as credit card processors, e-mail service providers, shipping agents, data analyzers and business intelligence providers. Hdhshshsksks has the right to share your personal data as necessary for the aforementioned third parties to provide their services for Hdhshshsksks. Hdhshshsksks is not liable for the acts and omissions of these third parties, except as provided by mandatory law.",
        "annotations": [
            {
                "requirement": "Data Recipients",
                "value": "agents and contractors",
                "performed": true
            },
            {
                "requirement": "Processing Purpose",
                "value": "collect [...] personal data on Hdhshshsksks\u2019s behalf",
                "performed": true
            },
            {
                "requirement": "Processing Purpose",
                "value": "process personal data on Hdhshshsksks\u2019s behalf",
                "performed": true
            },
            {
                "requirement": "Data Recipients",
                "value": "credit card processors",
                "performed": true
            },
            {
                "requirement": "Data Recipients",
                "value": "e-mail service providers",
                "performed": true
            },
            {
                "requirement": "Data Recipients",
                "value": "shipping agents",
                "performed": true
            },
            {
                "requirement": "Data Recipients",
                "value": "data analyzers",
                "performed": true
            },
            {
                "requirement": "Data Recipients",
                "value": "business intelligence providers",
                "performed": true
            }
        ]
    },
    {
        "type": "text",
        "context": [
            {
                "text": "Disclosure and Transfer of Personal Data",
                "type": "h2"
            }
        ],
        "passage": "Hdhshshsksks may disclose your personal data to third parties as required by law enforcement or other government officials in connection with an investigation of fraud, intellectual property infringements, or other activity that is illegal or may expose you or Hdhshshsksks to legal liability. Hdhshshsksks may also disclose your personal data to third parties when Hdhshshsksks has a reason to believe that a disclosure is necessary to address potential or actual injury or interference with Hdhshshsksks\u2019s rights, property, operations, users or others who may be harmed or may suffer loss or damage, or Hdhshshsksks believes that such disclosure is necessary to protect Hdhshshsksks \u2019s rights, combat fraud and/or comply with a judicial proceeding, court order, or legal process served on Hdhshshsksks. To the extent permitted by applicable law, Hdhshshsksks will make reasonable efforts to notify you of such disclosure through Hdhshshsksks\u2019s website or in another reasonable manner.",
        "annotations": [
            {
                "requirement": "Data Recipients",
                "value": "third parties [...] law enforcement or other government officials",
                "performed": true
            },
            {
                "requirement": "Processing Purpose",
                "value": "investigation of fraud",
                "performed": true
            },
            {
                "requirement": "Processing Purpose",
                "value": "intellectual property infringements",
                "performed": true
            },
            {
                "requirement": "Processing Purpose",
                "value": "address potential or actual injury or interference with Hdhshshsksks\u2019s rights, property, operations, users or others",
                "performed": true
            },
            {
                "requirement": "Processing Purpose",
                "value": "protect Hdhshshsksks\u2019s rights",
                "performed": true
            },
            {
                "requirement": "Processing Purpose",
                "value": "combat fraud",
                "performed": true
            },
            {
                "requirement": "Legal Basis for Processing",
                "value": "investigation\u00a0of fraud",
                "performed": true
            },
            {
                "requirement": "Legal Basis for Processing",
                "value": "intellectual\u00a0property infringements",
                "performed": true
            },
            {
                "requirement": "Legal Basis for Processing",
                "value": "protect\u00a0Hdhshshsksks \u2019s rights",
                "performed": true
            },
            {
                "requirement": "Legal Basis for Processing",
                "value": "combat\u00a0fraud",
                "performed": true
            },
            {
                "requirement": "Legal Basis for Processing",
                "value": "comply with a judicial proceeding, court order, or legal process",
                "performed": true
            },
            {
                "requirement": "Legal Basis for Processing",
                "value": "address\u00a0potential or actual injury or interference with Hdhshshsksks\u2019s rights, property, operations, users or others",
                "performed": true
            }
        ]
    },
    {
        "type": "headline",
        "context": [
            {
                "text": "Disclosure and Transfer of Personal Data",
                "type": "h2"
            }
        ],
        "passage": "Safeguards",
        "annotations": []
    },
    {
        "type": "text",
        "context": [
            {
                "text": "Safeguards",
                "type": "h2"
            }
        ],
        "passage": "Hdhshshsksks follows generally accepted industry standards and maintains reasonable safeguards to attempt to ensure the security, integrity and privacy of the information in Hdhshshsksks\u2019s possession. Only those persons with a need to process your personal data in connection with the fulfillment of their tasks in accordance with the purposes of this Privacy Policy and for the purposes of performing technical maintenance, have access to your personal data in Hdhshshsksks\u2019s possession. Personal data collected by Hdhshshsksks is stored in secure operating environments that are not available to the public. To prevent unauthorized on-line access to personal data, Hdhshshsksks maintains personal data behind a firewall-protected server. However, no system can be 100% secure and there is the possibility that despite Hdhshshsksks\u2019s reasonable efforts, there could be unauthorized access to your personal data. By using the Services, you assume this risk.",
        "annotations": [
            {
                "requirement": "Data Recipients",
                "value": "those persons with a need to process your personal data in connection with the fulfillment of their tasks",
                "performed": true
            },
            {
                "requirement": "Processing Purpose",
                "value": "performing technical maintenance",
                "performed": true
            },
            {
                "requirement": "Processing Purpose",
                "value": "fulfillment of their tasks",
                "performed": true
            }
        ]
    },
    {
        "type": "headline",
        "context": [
            {
                "text": "Safeguards",
                "type": "h2"
            }
        ],
        "passage": "Other",
        "annotations": []
    },
    {
        "type": "text",
        "context": [
            {
                "text": "Other",
                "type": "h2"
            }
        ],
        "passage": "Please be aware of the open nature of certain social networking and other open features of the Services Hdhshshsksks may make available to you. You may choose to disclose data about yourself in the course of contributing user generated content to the Services. Any data that you disclose in any of these forums, blogs, chats or the like is public information, and there is no expectation of privacy or confidentiality. Hdhshshsksks is not responsible for any personal data you choose to make public in any of these forums.",
        "annotations": []
    },
    {
        "type": "text",
        "context": [
            {
                "text": "Other",
                "type": "h2"
            }
        ],
        "passage": "If you are under 15 years of age or a minor in your country of residence, please ask your legal guardian\u2019s permission to use or access the Services. Hdhshshsksks takes children\u2019s privacy seriously, and encourages parents and/or guardians to play an active role in their children's online experience at all times. Hdhshshsksks does not knowingly collect any personal information from children below the aforementioned age and if Hdhshshsksks learns that Hdhshshsksks has inadvertently gathered personal data from children under the aforementioned age, Hdhshshsksks will take reasonable measures to promptly erase such personal data from Hdhshshsksks\u2019s records.",
        "annotations": []
    },
    {
        "type": "text",
        "context": [
            {
                "text": "Other",
                "type": "h2"
            }
        ],
        "passage": "Hdhshshsksks may store and/or transfer your personal data to its affiliates and partners in and outside of EU/EEA member states and the United States in accordance with mandatory legislation and this Privacy Policy. Hdhshshsksks may disclose your personal data to third parties in connection with a corporate merger, consolidation, restructuring, the sale of substantially all of Hdhshshsksks\u2019s stock and/or assets or other corporate change, including, without limitation, during the course of any due diligence process provided, however, that this Privacy Policy shall continue to govern such personal data.",
        "annotations": [
            {
                "requirement": "Third-country Transfers",
                "value": "outside of EU/EEA member states and the United States",
                "performed": true
            },
            {
                "requirement": "Third-country Transfers",
                "value": "in and outside of EU/EEA member states and the United States",
                "performed": true
            },
            {
                "requirement": "Data Recipients",
                "value": "its affiliates and partners",
                "performed": true
            },
            {
                "requirement": "Data Recipients",
                "value": "third parties in connection with a corporate merger, consolidation, restructuring, the sale of substantially all of Hdhshshsksks\u2019s stock and/or assets or other corporate change",
                "performed": true
            }
        ]
    },
    {
        "type": "text",
        "context": [
            {
                "text": "Other",
                "type": "h2"
            }
        ],
        "passage": "Hdhshshsksks regularly reviews its compliance with this Privacy Policy. If Hdhshshsksks receives a formal written complaint from you, it is Hdhshshsksks\u2019s policy to attempt to contact you directly to address any of your concerns. Hdhshshsksks will cooperate with the appropriate governmental authorities, including data protection authorities, to resolve any complaints regarding the collection, use, transfer or disclosure of personal data that cannot be amicably resolved between you and Hdhshshsksks.",
        "annotations": []
    },
    {
        "type": "headline",
        "context": [
            {
                "text": "Other",
                "type": "h2"
            }
        ],
        "passage": "3rd party services",
        "annotations": []
    },
    {
        "type": "text",
        "context": [
            {
                "text": "3rd party services",
                "type": "h2"
            }
        ],
        "passage": "We use 3rd party services in our apps. These services collect usage data in compliance with their Privacy Policies. The services are described below.",
        "annotations": [
            {
                "requirement": "Data Categories",
                "value": "usage data",
                "performed": true
            },
            {
                "requirement": "Data Recipients",
                "value": "3rd party services",
                "performed": true
            }
        ]
    },
    {
        "type": "headline",
        "context": [
            {
                "text": "3rd party services",
                "type": "h2"
            }
        ],
        "passage": "Advertising",
        "annotations": [
            {
                "requirement": "Processing Purpose",
                "value": "Advertising",
                "performed": true
            }
        ]
    },
    {
        "type": "text",
        "context": [
            {
                "text": "3rd party services",
                "type": "h2"
            },
            {
                "text": "Advertising",
                "type": "h3"
            }
        ],
        "passage": "3rd party ad serving systems allow user data to be utilized for advertising communication purposes displayed in the form of banners and other advertisements on Hdhshshsksks apps, possibly based on user interests.",
        "annotations": [
            {
                "requirement": "Processing Purpose",
                "value": "advertising communication purposes",
                "performed": true
            },
            {
                "requirement": "Data Recipients",
                "value": "3rd party ad serving systems",
                "performed": true
            }
        ]
    },
    {
        "type": "headline",
        "context": [
            {
                "text": "3rd party services",
                "type": "h2"
            },
            {
                "text": "Advertising",
                "type": "h3"
            }
        ],
        "passage": "Admob",
        "annotations": [
            {
                "requirement": "Data Recipients",
                "value": "Admob",
                "performed": true
            }
        ]
    },
    {
        "type": "text",
        "context": [
            {
                "text": "3rd party services",
                "type": "h2"
            },
            {
                "text": "Advertising",
                "type": "h3"
            },
            {
                "text": "Admob",
                "type": "h4"
            }
        ],
        "passage": "We use Admob by Google as the main ad server. Please see Admob Privacy Policy \u2013 https://www.google.com/intl/en/policies/privacy/",
        "annotations": [
            {
                "requirement": "Data Recipients",
                "value": "Admob by Google",
                "performed": true
            }
        ]
    },
    {
        "type": "headline",
        "context": [
            {
                "text": "3rd party services",
                "type": "h2"
            },
            {
                "text": "Advertising",
                "type": "h3"
            },
            {
                "text": "Admob",
                "type": "h4"
            }
        ],
        "passage": "Analytics",
        "annotations": []
    },
    {
        "type": "text",
        "context": [
            {
                "text": "3rd party services",
                "type": "h2"
            },
            {
                "text": "Analytics",
                "type": "h3"
            }
        ],
        "passage": "3rd party analytics services allow us to monitor and analyze app usage, better understand our audience and user behavior.",
        "annotations": [
            {
                "requirement": "Processing Purpose",
                "value": "monitor [...] app usage",
                "performed": true
            },
            {
                "requirement": "Processing Purpose",
                "value": "analyze app usage",
                "performed": true
            },
            {
                "requirement": "Processing Purpose",
                "value": "better understand our audience",
                "performed": true
            },
            {
                "requirement": "Processing Purpose",
                "value": "user behavior",
                "performed": true
            }
        ]
    },
    {
        "type": "headline",
        "context": [
            {
                "text": "3rd party services",
                "type": "h2"
            },
            {
                "text": "Analytics",
                "type": "h3"
            }
        ],
        "passage": "Flurry",
        "annotations": [
            {
                "requirement": "Data Recipients",
                "value": "Flurry",
                "performed": true
            }
        ]
    },
    {
        "type": "text",
        "context": [
            {
                "text": "3rd party services",
                "type": "h2"
            },
            {
                "text": "Analytics",
                "type": "h3"
            },
            {
                "text": "Flurry",
                "type": "h4"
            }
        ],
        "passage": "We use Flurry Analytics to collect, monitor and analyze log data, including frequency of use, length of time spent in the app, in order to improve functionality and user-friendliness of our apps. Please see Flurry Privacy Policy \u2013 http://www.flurry.com/privacy-policy.html",
        "annotations": [
            {
                "requirement": "Data Recipients",
                "value": "Flurry Analytics",
                "performed": true
            },
            {
                "requirement": "Processing Purpose",
                "value": "collect, monitor and analyze log data",
                "performed": true
            },
            {
                "requirement": "Processing Purpose",
                "value": "improve functionality and user-friendliness of our apps",
                "performed": true
            }
        ]
    },
    {
        "type": "headline",
        "context": [
            {
                "text": "3rd party services",
                "type": "h2"
            },
            {
                "text": "Analytics",
                "type": "h3"
            },
            {
                "text": "Flurry",
                "type": "h4"
            }
        ],
        "passage": "Google Analytics",
        "annotations": [
            {
                "requirement": "Data Recipients",
                "value": "Google Analytics",
                "performed": true
            }
        ]
    },
    {
        "type": "text",
        "context": [
            {
                "text": "3rd party services",
                "type": "h2"
            },
            {
                "text": "Analytics",
                "type": "h3"
            },
            {
                "text": "Google Analytics",
                "type": "h4"
            }
        ],
        "passage": "Google Analytics is an analysis service provided by Google Inc. Google utilizes the collected data to track and examine the use of Hdhshshsksks Apps, to prepare reports on user activities and share them with other Google services. Google may use the data to contextualize and personalize the ads of its own advertising network. (http://www.google.com/intl/en/policies/privacy/)",
        "annotations": [
            {
                "requirement": "Data Recipients",
                "value": "Google Analytics",
                "performed": true
            },
            {
                "requirement": "Data Recipients",
                "value": "Google Inc.",
                "performed": true
            },
            {
                "requirement": "Processing Purpose",
                "value": "track and examine the use of Hdhshshsksks Apps",
                "performed": true
            },
            {
                "requirement": "Processing Purpose",
                "value": "prepare reports on user activities",
                "performed": true
            },
            {
                "requirement": "Processing Purpose",
                "value": "share them with other Google services",
                "performed": true
            },
            {
                "requirement": "Processing Purpose",
                "value": "contextualize and personalize the ads [...] network",
                "performed": true
            }
        ]
    },
    {
        "type": "headline",
        "context": [
            {
                "text": "3rd party services",
                "type": "h2"
            },
            {
                "text": "Analytics",
                "type": "h3"
            },
            {
                "text": "Google Analytics",
                "type": "h4"
            }
        ],
        "passage": "Children\u2019s Online Privacy Protection Act Compliance",
        "annotations": []
    },
    {
        "type": "text",
        "context": [
            {
                "text": "Children\u2019s Online Privacy Protection Act Compliance",
                "type": "h2"
            }
        ],
        "passage": "We are in compliance with the requirements of COPPA, we do not collect any personal information from anyone under 13 years of age. Our products and services are all directed to people who are at least 13 years old or older.",
        "annotations": []
    },
    {
        "type": "headline",
        "context": [
            {
                "text": "Children\u2019s Online Privacy Protection Act Compliance",
                "type": "h2"
            }
        ],
        "passage": "Contact Us",
        "annotations": []
    },
    {
        "type": "text",
        "context": [
            {
                "text": "Contact Us",
                "type": "h2"
            }
        ],
        "passage": "Email: almaarawib@gmail.com",
        "annotations": [
            {
                "requirement": "Controller Contact",
                "value": "almaarawib@gmail.com",
                "performed": true
            }
        ]
    }
]