[
    {
        "type": "headline",
        "context": [],
        "passage": "PunjiPay privacy policy",
        "annotations": []
    },
    {
        "type": "headline",
        "context": [
            {
                "text": "PunjiPay privacy policy",
                "type": "h1"
            }
        ],
        "passage": "Privacy Policy",
        "annotations": []
    },
    {
        "type": "text",
        "context": [
            {
                "text": "PunjiPay privacy policy",
                "type": "h1"
            },
            {
                "text": "Privacy Policy",
                "type": "h2"
            }
        ],
        "passage": "This privacy policy applies to the PunjiPay - Recharge Cashback app (hereby referred to as \"Application\") for mobile devices that was created by DiCodes (hereby referred to as \"Service Provider\") as a Free service. This service is intended for use \"AS IS\".",
        "annotations": [
            {
                "requirement": "Controller Name",
                "value": "DiCodes",
                "performed": true
            }
        ]
    },
    {
        "type": "headline",
        "context": [
            {
                "text": "PunjiPay privacy policy",
                "type": "h1"
            },
            {
                "text": "Privacy Policy",
                "type": "h2"
            }
        ],
        "passage": "Information Collection and Use",
        "annotations": []
    },
    {
        "type": "text",
        "context": [
            {
                "text": "PunjiPay privacy policy",
                "type": "h1"
            },
            {
                "text": "Information Collection and Use",
                "type": "h2"
            }
        ],
        "passage": "The Application collects information when you download and use it. This information may include information such as",
        "annotations": []
    },
    {
        "type": "list_item",
        "context": [
            {
                "text": "PunjiPay privacy policy",
                "type": "h1"
            },
            {
                "text": "Information Collection and Use",
                "type": "h2"
            },
            {
                "text": "The Application collects information when you download and use it. This information may include information such as",
                "type": "list_intro"
            }
        ],
        "passage": "Your device's Internet Protocol address (e.g. IP address)",
        "annotations": [
            {
                "requirement": "Data Categories",
                "value": "Your device's Internet Protocol address",
                "performed": true
            },
            {
                "requirement": "Data Categories",
                "value": "IP address",
                "performed": true
            }
        ]
    },
    {
        "type": "list_item",
        "context": [
            {
                "text": "PunjiPay privacy policy",
                "type": "h1"
            },
            {
                "text": "Information Collection and Use",
                "type": "h2"
            },
            {
                "text": "The Application collects information when you download and use it. This information may include information such as",
                "type": "list_intro"
            }
        ],
        "passage": "The pages of the Application that you visit, the time and date of your visit, the time spent on those pages",
        "annotations": [
            {
                "requirement": "Data Categories",
                "value": "the pages of the Application that you visit",
                "performed": true
            },
            {
                "requirement": "Data Categories",
                "value": "the time and date of your visit",
                "performed": true
            },
            {
                "requirement": "Data Categories",
                "value": "the time spent on those pages",
                "performed": true
            }
        ]
    },
    {
        "type": "list_item",
        "context": [
            {
                "text": "PunjiPay privacy policy",
                "type": "h1"
            },
            {
                "text": "Information Collection and Use",
                "type": "h2"
            },
            {
                "text": "The Application collects information when you download and use it. This information may include information such as",
                "type": "list_intro"
            }
        ],
        "passage": "The time spent on the Application",
        "annotations": [
            {
                "requirement": "Data Categories",
                "value": "The time spent on the Application",
                "performed": true
            }
        ]
    },
    {
        "type": "list_item",
        "context": [
            {
                "text": "PunjiPay privacy policy",
                "type": "h1"
            },
            {
                "text": "Information Collection and Use",
                "type": "h2"
            },
            {
                "text": "The Application collects information when you download and use it. This information may include information such as",
                "type": "list_intro"
            }
        ],
        "passage": "The operating system you use on your mobile device",
        "annotations": [
            {
                "requirement": "Data Categories",
                "value": "The operating system you use on your mobile device",
                "performed": true
            }
        ]
    },
    {
        "type": "text",
        "context": [
            {
                "text": "PunjiPay privacy policy",
                "type": "h1"
            },
            {
                "text": "Information Collection and Use",
                "type": "h2"
            }
        ],
        "passage": "The Application does not gather precise information about the location of your mobile device.",
        "annotations": [
            {
                "requirement": "Data Categories",
                "value": "precise information about the location of your mobile device",
                "performed": true
            }
        ]
    },
    {
        "type": "text",
        "context": [
            {
                "text": "PunjiPay privacy policy",
                "type": "h1"
            },
            {
                "text": "Information Collection and Use",
                "type": "h2"
            }
        ],
        "passage": "The Service Provider may use the information you provided to contact you from time to time to provide you with important information, required notices and marketing promotions.",
        "annotations": [
            {
                "requirement": "Processing Purpose",
                "value": "contact you",
                "performed": true
            },
            {
                "requirement": "Processing Purpose",
                "value": "provide you with important information",
                "performed": true
            },
            {
                "requirement": "Processing Purpose",
                "value": "provide you with [...] required notices",
                "performed": true
            },
            {
                "requirement": "Processing Purpose",
                "value": "provide you with [...] marketing promotions",
                "performed": true
            }
        ]
    },
    {
        "type": "text",
        "context": [
            {
                "text": "PunjiPay privacy policy",
                "type": "h1"
            },
            {
                "text": "Information Collection and Use",
                "type": "h2"
            }
        ],
        "passage": "For a better experience, while using the Application, the Service Provider may require you to provide us with certain personally identifiable information. The information that the Service Provider request will be retained by them and used as described in this privacy policy.",
        "annotations": []
    },
    {
        "type": "headline",
        "context": [
            {
                "text": "PunjiPay privacy policy",
                "type": "h1"
            },
            {
                "text": "Information Collection and Use",
                "type": "h2"
            }
        ],
        "passage": "Third Party Access",
        "annotations": []
    },
    {
        "type": "text",
        "context": [
            {
                "text": "PunjiPay privacy policy",
                "type": "h1"
            },
            {
                "text": "Third Party Access",
                "type": "h2"
            }
        ],
        "passage": "Only aggregated, anonymized data is periodically transmitted to external services to aid the Service Provider in improving the Application and their service. The Service Provider may share your information with third parties in the ways that are described in this privacy statement.",
        "annotations": [
            {
                "requirement": "Data Categories",
                "value": "aggregated, anonymized data",
                "performed": true
            },
            {
                "requirement": "Processing Purpose",
                "value": "improving the Application and their service",
                "performed": true
            },
            {
                "requirement": "Data Recipients",
                "value": "third parties",
                "performed": true
            }
        ]
    },
    {
        "type": "text",
        "context": [
            {
                "text": "PunjiPay privacy policy",
                "type": "h1"
            },
            {
                "text": "Third Party Access",
                "type": "h2"
            }
        ],
        "passage": "Please note that the Application utilizes third-party services that have their own Privacy Policy about handling data. Below are the links to the Privacy Policy of the third-party service providers used by the Application:",
        "annotations": [
            {
                "requirement": "Data Recipients",
                "value": "third-party services",
                "performed": true
            }
        ]
    },
    {
        "type": "list_item",
        "context": [
            {
                "text": "PunjiPay privacy policy",
                "type": "h1"
            },
            {
                "text": "Third Party Access",
                "type": "h2"
            },
            {
                "text": "Please note that the Application utilizes third-party services that have their own Privacy Policy about handling data. Below are the links to the Privacy Policy of the third-party service providers used by the Application:",
                "type": "list_intro"
            }
        ],
        "passage": "Google Play Services",
        "annotations": [
            {
                "requirement": "Data Recipients",
                "value": "Google Play Services",
                "performed": true
            }
        ]
    },
    {
        "type": "text",
        "context": [
            {
                "text": "PunjiPay privacy policy",
                "type": "h1"
            },
            {
                "text": "Third Party Access",
                "type": "h2"
            }
        ],
        "passage": "The Service Provider may disclose User Provided and Automatically Collected Information:",
        "annotations": [
            {
                "requirement": "Processing Purpose",
                "value": "disclose User Provided and Automatically Collected Information",
                "performed": true
            }
        ]
    },
    {
        "type": "list_item",
        "context": [
            {
                "text": "PunjiPay privacy policy",
                "type": "h1"
            },
            {
                "text": "Third Party Access",
                "type": "h2"
            },
            {
                "text": "The Service Provider may disclose User Provided and Automatically Collected Information:",
                "type": "list_intro"
            }
        ],
        "passage": "as required by law, such as to comply with a subpoena, or similar legal process;",
        "annotations": [
            {
                "requirement": "Legal Basis for Processing",
                "value": "comply with a subpoena",
                "performed": true
            }
        ]
    },
    {
        "type": "list_item",
        "context": [
            {
                "text": "PunjiPay privacy policy",
                "type": "h1"
            },
            {
                "text": "Third Party Access",
                "type": "h2"
            },
            {
                "text": "The Service Provider may disclose User Provided and Automatically Collected Information:",
                "type": "list_intro"
            }
        ],
        "passage": "when they believe in good faith that disclosure is necessary to protect their rights, protect your safety or the safety of others, investigate fraud, or respond to a government request;",
        "annotations": [
            {
                "requirement": "Processing Purpose",
                "value": "protect their rights",
                "performed": true
            },
            {
                "requirement": "Processing Purpose",
                "value": "protect your safety",
                "performed": true
            },
            {
                "requirement": "Processing Purpose",
                "value": "protect [...] the safety of others",
                "performed": true
            },
            {
                "requirement": "Processing Purpose",
                "value": "investigate fraud",
                "performed": true
            },
            {
                "requirement": "Processing Purpose",
                "value": "respond to a government request",
                "performed": true
            }
        ]
    },
    {
        "type": "list_item",
        "context": [
            {
                "text": "PunjiPay privacy policy",
                "type": "h1"
            },
            {
                "text": "Third Party Access",
                "type": "h2"
            },
            {
                "text": "The Service Provider may disclose User Provided and Automatically Collected Information:",
                "type": "list_intro"
            }
        ],
        "passage": "with their trusted services providers who work on their behalf, do not have an independent use of the information we disclose to them, and have agreed to adhere to the rules set forth in this privacy statement.",
        "annotations": [
            {
                "requirement": "Data Recipients",
                "value": "their trusted services providers who work on their behalf",
                "performed": true
            }
        ]
    },
    {
        "type": "headline",
        "context": [
            {
                "text": "PunjiPay privacy policy",
                "type": "h1"
            },
            {
                "text": "Third Party Access",
                "type": "h2"
            }
        ],
        "passage": "Opt-Out Rights",
        "annotations": []
    },
    {
        "type": "text",
        "context": [
            {
                "text": "PunjiPay privacy policy",
                "type": "h1"
            },
            {
                "text": "Opt-Out Rights",
                "type": "h2"
            }
        ],
        "passage": "You can stop all collection of information by the Application easily by uninstalling it. You may use the standard uninstall processes as may be available as part of your mobile device or via the mobile application marketplace or network.",
        "annotations": [
            {
                "requirement": "Right to Object",
                "value": "stop all collection of information by the Application",
                "performed": true
            }
        ]
    },
    {
        "type": "headline",
        "context": [
            {
                "text": "PunjiPay privacy policy",
                "type": "h1"
            },
            {
                "text": "Opt-Out Rights",
                "type": "h2"
            }
        ],
        "passage": "Data Retention Policy",
        "annotations": []
    },
    {
        "type": "text",
        "context": [
            {
                "text": "PunjiPay privacy policy",
                "type": "h1"
            },
            {
                "text": "Data Retention Policy",
                "type": "h2"
            }
        ],
        "passage": "The Service Provider will retain User Provided data for as long as you use the Application and for a reasonable time thereafter. If you'd like them to delete User Provided Data that you have provided via the Application, please contact them at amankumar7657gd@gmail.com and they will respond in a reasonable time.",
        "annotations": [
            {
                "requirement": "Data Retention Period",
                "value": "as long as you use the Application and for a reasonable time thereafter",
                "performed": true
            },
            {
                "requirement": "Controller Contact",
                "value": "amankumar7657gd@gmail.com",
                "performed": true
            }
        ]
    },
    {
        "type": "headline",
        "context": [
            {
                "text": "PunjiPay privacy policy",
                "type": "h1"
            },
            {
                "text": "Data Retention Policy",
                "type": "h2"
            }
        ],
        "passage": "Children",
        "annotations": []
    },
    {
        "type": "text",
        "context": [
            {
                "text": "PunjiPay privacy policy",
                "type": "h1"
            },
            {
                "text": "Children",
                "type": "h2"
            }
        ],
        "passage": "The Service Provider does not use the Application to knowingly solicit data from or market to children under the age of 13.",
        "annotations": []
    },
    {
        "type": "text",
        "context": [
            {
                "text": "PunjiPay privacy policy",
                "type": "h1"
            },
            {
                "text": "Children",
                "type": "h2"
            }
        ],
        "passage": "The Application does not address anyone under the age of 13. The Service Provider does not knowingly collect personally identifiable information from children under 13 years of age. In the case the Service Provider discover that a child under 13 has provided personal information, the Service Provider will immediately delete this from their servers. If you are a parent or guardian and you are aware that your child has provided us with personal information, please contact the Service Provider (amankumar7657gd@gmail.com) so that they will be able to take the necessary actions.",
        "annotations": [
            {
                "requirement": "Controller Contact",
                "value": "amankumar7657gd@gmail.com",
                "performed": true
            }
        ]
    },
    {
        "type": "headline",
        "context": [
            {
                "text": "PunjiPay privacy policy",
                "type": "h1"
            },
            {
                "text": "Children",
                "type": "h2"
            }
        ],
        "passage": "Security",
        "annotations": []
    },
    {
        "type": "text",
        "context": [
            {
                "text": "PunjiPay privacy policy",
                "type": "h1"
            },
            {
                "text": "Security",
                "type": "h2"
            }
        ],
        "passage": "The Service Provider is concerned about safeguarding the confidentiality of your information. The Service Provider provides physical, electronic, and procedural safeguards to protect information the Service Provider processes and maintains.",
        "annotations": []
    },
    {
        "type": "headline",
        "context": [
            {
                "text": "PunjiPay privacy policy",
                "type": "h1"
            },
            {
                "text": "Security",
                "type": "h2"
            }
        ],
        "passage": "Changes",
        "annotations": []
    },
    {
        "type": "text",
        "context": [
            {
                "text": "PunjiPay privacy policy",
                "type": "h1"
            },
            {
                "text": "Changes",
                "type": "h2"
            }
        ],
        "passage": "This Privacy Policy may be updated from time to time for any reason. The Service Provider will notify you of any changes to the Privacy Policy by updating this page with the new Privacy Policy. You are advised to consult this Privacy Policy regularly for any changes, as continued use is deemed approval of all changes.",
        "annotations": []
    },
    {
        "type": "text",
        "context": [
            {
                "text": "PunjiPay privacy policy",
                "type": "h1"
            },
            {
                "text": "Changes",
                "type": "h2"
            }
        ],
        "passage": "This privacy policy is effective as of 2024-04-20",
        "annotations": []
    },
    {
        "type": "headline",
        "context": [
            {
                "text": "PunjiPay privacy policy",
                "type": "h1"
            },
            {
                "text": "Changes",
                "type": "h2"
            }
        ],
        "passage": "Your Consent",
        "annotations": []
    },
    {
        "type": "text",
        "context": [
            {
                "text": "PunjiPay privacy policy",
                "type": "h1"
            },
            {
                "text": "Your Consent",
                "type": "h2"
            }
        ],
        "passage": "By using the Application, you are consenting to the processing of your information as set forth in this Privacy Policy now and as amended by us.",
        "annotations": [
            {
                "requirement": "Legal Basis for Processing",
                "value": "you are consenting to the processing of your information",
                "performed": true
            }
        ]
    },
    {
        "type": "headline",
        "context": [
            {
                "text": "PunjiPay privacy policy",
                "type": "h1"
            },
            {
                "text": "Your Consent",
                "type": "h2"
            }
        ],
        "passage": "Contact Us",
        "annotations": []
    },
    {
        "type": "text",
        "context": [
            {
                "text": "PunjiPay privacy policy",
                "type": "h1"
            },
            {
                "text": "Contact Us",
                "type": "h2"
            }
        ],
        "passage": "If you have any questions regarding privacy while using the Application, or have questions about the practices, please contact the Service Provider via email at amankumar7657gd@gmail.com.",
        "annotations": [
            {
                "requirement": "Controller Contact",
                "value": "amankumar7657gd@gmail.com",
                "performed": true
            }
        ]
    }
]