[
    {
        "type": "headline",
        "context": [],
        "passage": "Privacy Policy",
        "annotations": []
    },
    {
        "type": "headline",
        "context": [
            {
                "text": "Privacy Policy",
                "type": "h2"
            }
        ],
        "passage": "Introduction",
        "annotations": []
    },
    {
        "type": "text",
        "context": [
            {
                "text": "Privacy Policy",
                "type": "h2"
            },
            {
                "text": "Introduction",
                "type": "h3"
            }
        ],
        "passage": "Our privacy policy will help you understand what information we collect at \u0645\u0643\u062a\u0628\u0629 \u0627\u0644\u0641\u064a\u062f\u064a\u0648\u0647\u0627\u062a \u0627\u0644\u0645\u0633\u064a\u062d\u064a\u0629, how \u0645\u0643\u062a\u0628\u0629 \u0627\u0644\u0641\u064a\u062f\u064a\u0648\u0647\u0627\u062a \u0627\u0644\u0645\u0633\u064a\u062d\u064a\u0629 uses it, and what choices you have. \u0645\u0643\u062a\u0628\u0629 \u0627\u0644\u0641\u064a\u062f\u064a\u0648\u0647\u0627\u062a \u0627\u0644\u0645\u0633\u064a\u062d\u064a\u0629 built the \u0645\u0643\u062a\u0628\u0629 \u0627\u0644\u0641\u064a\u062f\u064a\u0648\u0647\u0627\u062a \u0627\u0644\u0645\u0633\u064a\u062d\u064a\u0629 app as a free app. This SERVICE is provided by \u0645\u0643\u062a\u0628\u0629 \u0627\u0644\u0641\u064a\u062f\u064a\u0648\u0647\u0627\u062a \u0627\u0644\u0645\u0633\u064a\u062d\u064a\u0629 at no cost and is intended for use as is. If you choose to use our Service, then you agree to the collection and use of information in relation with this policy. The Personal Information that we collect are used for providing and improving the Service. We will not use or share your information with anyone except as described in this Privacy Policy.",
        "annotations": []
    },
    {
        "type": "text",
        "context": [
            {
                "text": "Privacy Policy",
                "type": "h2"
            },
            {
                "text": "Introduction",
                "type": "h3"
            }
        ],
        "passage": "The terms used in this Privacy Policy have the same meanings as in our Terms and Conditions, which is accessible in our website, unless otherwise defined in this Privacy Policy.",
        "annotations": []
    },
    {
        "type": "headline",
        "context": [
            {
                "text": "Privacy Policy",
                "type": "h2"
            },
            {
                "text": "Introduction",
                "type": "h3"
            }
        ],
        "passage": "Information Collection and Use",
        "annotations": []
    },
    {
        "type": "text",
        "context": [
            {
                "text": "Privacy Policy",
                "type": "h2"
            },
            {
                "text": "Information Collection and Use",
                "type": "h3"
            }
        ],
        "passage": "For a better experience while using our Service, we may require you to provide us with certain personally identifiable information, including but not limited to users name, email address, gender, location, pictures. The information that we request will be retained by us and used as described in this privacy policy.",
        "annotations": [
            {
                "requirement": "Data Categories",
                "value": "users name",
                "performed": true
            },
            {
                "requirement": "Data Categories",
                "value": "email address",
                "performed": true
            },
            {
                "requirement": "Data Categories",
                "value": "gender",
                "performed": true
            },
            {
                "requirement": "Data Categories",
                "value": "location",
                "performed": true
            },
            {
                "requirement": "Data Categories",
                "value": "pictures",
                "performed": true
            }
        ]
    },
    {
        "type": "text",
        "context": [
            {
                "text": "Privacy Policy",
                "type": "h2"
            },
            {
                "text": "Information Collection and Use",
                "type": "h3"
            }
        ],
        "passage": "The app does use third party services that may collect information used to identify you.",
        "annotations": []
    },
    {
        "type": "headline",
        "context": [
            {
                "text": "Privacy Policy",
                "type": "h2"
            },
            {
                "text": "Information Collection and Use",
                "type": "h3"
            }
        ],
        "passage": "Cookies",
        "annotations": []
    },
    {
        "type": "text",
        "context": [
            {
                "text": "Privacy Policy",
                "type": "h2"
            },
            {
                "text": "Cookies",
                "type": "h3"
            }
        ],
        "passage": "Cookies are files with small amount of data that is commonly used an anonymous unique identifier. These are sent to your browser from the website that you visit and are stored on your devices\u2019s internal memory.",
        "annotations": []
    },
    {
        "type": "text",
        "context": [
            {
                "text": "Privacy Policy",
                "type": "h2"
            },
            {
                "text": "Cookies",
                "type": "h3"
            }
        ],
        "passage": "This Services does not uses these \u201ccookies\u201d explicitly. However, the app may use third party code and libraries that use \u201ccookies\u201d to collection information and to improve their services. You have the option to either accept or refuse these cookies, and know when a cookie is being sent to your device. If you choose to refuse our cookies, you may not be able to use some portions of this Service.",
        "annotations": []
    },
    {
        "type": "headline",
        "context": [
            {
                "text": "Privacy Policy",
                "type": "h2"
            },
            {
                "text": "Cookies",
                "type": "h3"
            }
        ],
        "passage": "Location Information",
        "annotations": []
    },
    {
        "type": "text",
        "context": [
            {
                "text": "Privacy Policy",
                "type": "h2"
            },
            {
                "text": "Location Information",
                "type": "h3"
            }
        ],
        "passage": "Some of the services may use location information transmitted from users' mobile phones. We only use this information within the scope necessary for the designated service.",
        "annotations": [
            {
                "requirement": "Data Categories",
                "value": "location information",
                "performed": true
            },
            {
                "requirement": "Source of Data",
                "value": "mobile phones",
                "performed": true
            }
        ]
    },
    {
        "type": "headline",
        "context": [
            {
                "text": "Privacy Policy",
                "type": "h2"
            },
            {
                "text": "Location Information",
                "type": "h3"
            }
        ],
        "passage": "Device Information",
        "annotations": []
    },
    {
        "type": "text",
        "context": [
            {
                "text": "Privacy Policy",
                "type": "h2"
            },
            {
                "text": "Device Information",
                "type": "h3"
            }
        ],
        "passage": "We collect information from your device in some cases. The information will be utilized for the provision of better service and to prevent fraudulent acts. Additionally, such information will not include that which will identify the individual user.",
        "annotations": [
            {
                "requirement": "Data Categories",
                "value": "information from your device",
                "performed": true
            },
            {
                "requirement": "Processing Purpose",
                "value": "provision of better service",
                "performed": true
            },
            {
                "requirement": "Processing Purpose",
                "value": "prevent fraudulent acts",
                "performed": true
            }
        ]
    },
    {
        "type": "headline",
        "context": [
            {
                "text": "Privacy Policy",
                "type": "h2"
            },
            {
                "text": "Device Information",
                "type": "h3"
            }
        ],
        "passage": "Service Providers",
        "annotations": []
    },
    {
        "type": "text",
        "context": [
            {
                "text": "Privacy Policy",
                "type": "h2"
            },
            {
                "text": "Service Providers",
                "type": "h3"
            }
        ],
        "passage": "We may employ third-party companies and individuals due to the following reasons:",
        "annotations": [
            {
                "requirement": "Data Recipients",
                "value": "third-party companies and individuals",
                "performed": true
            }
        ]
    },
    {
        "type": "list_item",
        "context": [
            {
                "text": "Privacy Policy",
                "type": "h2"
            },
            {
                "text": "Service Providers",
                "type": "h3"
            },
            {
                "text": "We may employ third-party companies and individuals due to the following reasons:",
                "type": "list_intro"
            }
        ],
        "passage": "To facilitate our Service;",
        "annotations": []
    },
    {
        "type": "list_item",
        "context": [
            {
                "text": "Privacy Policy",
                "type": "h2"
            },
            {
                "text": "Service Providers",
                "type": "h3"
            },
            {
                "text": "We may employ third-party companies and individuals due to the following reasons:",
                "type": "list_intro"
            }
        ],
        "passage": "To provide the Service on our behalf;",
        "annotations": []
    },
    {
        "type": "list_item",
        "context": [
            {
                "text": "Privacy Policy",
                "type": "h2"
            },
            {
                "text": "Service Providers",
                "type": "h3"
            },
            {
                "text": "We may employ third-party companies and individuals due to the following reasons:",
                "type": "list_intro"
            }
        ],
        "passage": "To perform Service-related services; or",
        "annotations": [
            {
                "requirement": "Data Recipients",
                "value": "third-party companies and individuals",
                "performed": true
            }
        ]
    },
    {
        "type": "list_item",
        "context": [
            {
                "text": "Privacy Policy",
                "type": "h2"
            },
            {
                "text": "Service Providers",
                "type": "h3"
            },
            {
                "text": "We may employ third-party companies and individuals due to the following reasons:",
                "type": "list_intro"
            }
        ],
        "passage": "To assist us in analyzing how our Service is used.",
        "annotations": [
            {
                "requirement": "Processing Purpose",
                "value": "analyzing how our Service is used",
                "performed": true
            },
            {
                "requirement": "Data Recipients",
                "value": "third-party companies and individuals",
                "performed": true
            }
        ]
    },
    {
        "type": "text",
        "context": [
            {
                "text": "Privacy Policy",
                "type": "h2"
            },
            {
                "text": "Service Providers",
                "type": "h3"
            }
        ],
        "passage": "We want to inform users of this Service that these third parties have access to your Personal Information. The reason is to perform the tasks assigned to them on our behalf. However, they are obligated not to disclose or use the information for any other purpose.",
        "annotations": [
            {
                "requirement": "Data Recipients",
                "value": "these third parties",
                "performed": true
            },
            {
                "requirement": "Processing Purpose",
                "value": "perform the tasks assigned to them on our behalf",
                "performed": true
            }
        ]
    },
    {
        "type": "headline",
        "context": [
            {
                "text": "Privacy Policy",
                "type": "h2"
            },
            {
                "text": "Service Providers",
                "type": "h3"
            }
        ],
        "passage": "Security",
        "annotations": []
    },
    {
        "type": "text",
        "context": [
            {
                "text": "Privacy Policy",
                "type": "h2"
            },
            {
                "text": "Security",
                "type": "h3"
            }
        ],
        "passage": "We value your trust in providing us your Personal Information, thus we are striving to use commercially acceptable means of protecting it. But remember that no method of transmission over the internet, or method of electronic storage is 100% secure and reliable, and we cannot guarantee its absolute security.",
        "annotations": []
    },
    {
        "type": "headline",
        "context": [
            {
                "text": "Privacy Policy",
                "type": "h2"
            },
            {
                "text": "Security",
                "type": "h3"
            }
        ],
        "passage": "Children\u2019s Privacy",
        "annotations": []
    },
    {
        "type": "text",
        "context": [
            {
                "text": "Privacy Policy",
                "type": "h2"
            },
            {
                "text": "Children\u2019s Privacy",
                "type": "h3"
            }
        ],
        "passage": "This Services address anyone appove the age of 3 and all ages becase this app is familiare app and didn't collect any information from users and so suitable for children from all ages.",
        "annotations": []
    },
    {
        "type": "headline",
        "context": [
            {
                "text": "Privacy Policy",
                "type": "h2"
            },
            {
                "text": "Children\u2019s Privacy",
                "type": "h3"
            }
        ],
        "passage": "Changes to This Privacy Policy",
        "annotations": []
    },
    {
        "type": "text",
        "context": [
            {
                "text": "Privacy Policy",
                "type": "h2"
            },
            {
                "text": "Changes to This Privacy Policy",
                "type": "h3"
            }
        ],
        "passage": "We may update our Privacy Policy from time to time. Thus, you are advised to review this page periodically for any changes. We will notify you of any changes by posting the new Privacy Policy on this page. These changes are effective immediately, after they are posted on this page.",
        "annotations": []
    },
    {
        "type": "headline",
        "context": [
            {
                "text": "Privacy Policy",
                "type": "h2"
            },
            {
                "text": "Changes to This Privacy Policy",
                "type": "h3"
            }
        ],
        "passage": "Contact Us",
        "annotations": []
    },
    {
        "type": "text",
        "context": [
            {
                "text": "Privacy Policy",
                "type": "h2"
            },
            {
                "text": "Contact Us",
                "type": "h3"
            }
        ],
        "passage": "If you have any questions or suggestions about our Privacy Policy, do not hesitate to contact us.",
        "annotations": []
    },
    {
        "type": "text",
        "context": [
            {
                "text": "Privacy Policy",
                "type": "h2"
            },
            {
                "text": "Contact Us",
                "type": "h3"
            }
        ],
        "passage": "Contact Information:",
        "annotations": []
    },
    {
        "type": "text",
        "context": [
            {
                "text": "Privacy Policy",
                "type": "h2"
            },
            {
                "text": "Contact Us",
                "type": "h3"
            }
        ],
        "passage": "Email: [kerolesmored@gmail.com]",
        "annotations": [
            {
                "requirement": "Controller Contact",
                "value": "kerolesmored@gmail.com",
                "performed": true
            }
        ]
    }
]