[
    {
        "type": "headline",
        "context": [],
        "passage": "daanipuui/NotifyMe Privacy Policy",
        "annotations": []
    },
    {
        "type": "headline",
        "context": [
            {
                "text": "daanipuui/NotifyMe Privacy Policy",
                "type": "h1"
            }
        ],
        "passage": "NotifyMe PRIVACY POLICY FOR APP USERS",
        "annotations": [
            {
                "requirement": "Controller Name",
                "value": "NotifyMe",
                "performed": true
            }
        ]
    },
    {
        "type": "text",
        "context": [
            {
                "text": "daanipuui/NotifyMe Privacy Policy",
                "type": "h1"
            },
            {
                "text": "NotifyMe PRIVACY POLICY FOR APP USERS",
                "type": "h2"
            }
        ],
        "passage": "We know that you care about how your personal information is used and shared, and we take your privacy seriously.",
        "annotations": []
    },
    {
        "type": "text",
        "context": [
            {
                "text": "daanipuui/NotifyMe Privacy Policy",
                "type": "h1"
            },
            {
                "text": "NotifyMe PRIVACY POLICY FOR APP USERS",
                "type": "h2"
            }
        ],
        "passage": "Please read the following to learn more about our privacy practices (\u201cPrivacy Policy\u201d).",
        "annotations": []
    },
    {
        "type": "text",
        "context": [
            {
                "text": "daanipuui/NotifyMe Privacy Policy",
                "type": "h1"
            },
            {
                "text": "NotifyMe PRIVACY POLICY FOR APP USERS",
                "type": "h2"
            }
        ],
        "passage": "By using NotifyMe you accept the practices outlined in this Privacy Policy.",
        "annotations": []
    },
    {
        "type": "headline",
        "context": [
            {
                "text": "daanipuui/NotifyMe Privacy Policy",
                "type": "h1"
            },
            {
                "text": "NotifyMe PRIVACY POLICY FOR APP USERS",
                "type": "h2"
            }
        ],
        "passage": "WHAT PERSONAL INFORMATION DOES NotifyMe COLLECT?",
        "annotations": []
    },
    {
        "type": "text",
        "context": [
            {
                "text": "daanipuui/NotifyMe Privacy Policy",
                "type": "h1"
            },
            {
                "text": "NotifyMe PRIVACY POLICY FOR APP USERS",
                "type": "h2"
            },
            {
                "text": "WHAT PERSONAL INFORMATION DOES NotifyMe COLLECT?",
                "type": "h3"
            }
        ],
        "passage": "We do not collect any type of information from you when you use NotifyMe.",
        "annotations": [
            {
                "requirement": "Data Categories",
                "value": "any type of information",
                "performed": false
            }
        ]
    },
    {
        "type": "text",
        "context": [
            {
                "text": "daanipuui/NotifyMe Privacy Policy",
                "type": "h1"
            },
            {
                "text": "NotifyMe PRIVACY POLICY FOR APP USERS",
                "type": "h2"
            },
            {
                "text": "WHAT PERSONAL INFORMATION DOES NotifyMe COLLECT?",
                "type": "h3"
            }
        ],
        "passage": "No information is shared with anyone and no information is transferred to our or 3rd party servers.",
        "annotations": []
    },
    {
        "type": "headline",
        "context": [
            {
                "text": "daanipuui/NotifyMe Privacy Policy",
                "type": "h1"
            },
            {
                "text": "NotifyMe PRIVACY POLICY FOR APP USERS",
                "type": "h2"
            },
            {
                "text": "WHAT PERSONAL INFORMATION DOES NotifyMe COLLECT?",
                "type": "h3"
            }
        ],
        "passage": "WHY NotifyMe needs GET_ACCOUNTS PERMISSION?",
        "annotations": []
    },
    {
        "type": "text",
        "context": [
            {
                "text": "daanipuui/NotifyMe Privacy Policy",
                "type": "h1"
            },
            {
                "text": "NotifyMe PRIVACY POLICY FOR APP USERS",
                "type": "h2"
            },
            {
                "text": "WHY NotifyMe needs GET_ACCOUNTS PERMISSION?",
                "type": "h3"
            }
        ],
        "passage": "In order to send emails on your behalf, NotifyMe uses OAuth2 protocol to connect to Gmail service which requires\n  GET_ACCOUNTS to authenticate.",
        "annotations": [
            {
                "requirement": "Processing Purpose",
                "value": "send emails on your behalf",
                "performed": true
            },
            {
                "requirement": "Data Recipients",
                "value": "Gmail",
                "performed": true
            }
        ]
    },
    {
        "type": "text",
        "context": [
            {
                "text": "daanipuui/NotifyMe Privacy Policy",
                "type": "h1"
            },
            {
                "text": "NotifyMe PRIVACY POLICY FOR APP USERS",
                "type": "h2"
            },
            {
                "text": "WHY NotifyMe needs GET_ACCOUNTS PERMISSION?",
                "type": "h3"
            }
        ],
        "passage": "To revoke the access to your Gmail account, you can sign out.",
        "annotations": []
    },
    {
        "type": "headline",
        "context": [
            {
                "text": "daanipuui/NotifyMe Privacy Policy",
                "type": "h1"
            },
            {
                "text": "NotifyMe PRIVACY POLICY FOR APP USERS",
                "type": "h2"
            },
            {
                "text": "WHY NotifyMe needs GET_ACCOUNTS PERMISSION?",
                "type": "h3"
            }
        ],
        "passage": "CONDITIONS OF USE",
        "annotations": []
    },
    {
        "type": "text",
        "context": [
            {
                "text": "daanipuui/NotifyMe Privacy Policy",
                "type": "h1"
            },
            {
                "text": "NotifyMe PRIVACY POLICY FOR APP USERS",
                "type": "h2"
            },
            {
                "text": "CONDITIONS OF USE",
                "type": "h3"
            }
        ],
        "passage": "If you decide to access or use NotifyMe, any possible dispute over privacy is subject to this Privacy Policy and our Terms of Use.",
        "annotations": []
    },
    {
        "type": "headline",
        "context": [
            {
                "text": "daanipuui/NotifyMe Privacy Policy",
                "type": "h1"
            },
            {
                "text": "NotifyMe PRIVACY POLICY FOR APP USERS",
                "type": "h2"
            },
            {
                "text": "CONDITIONS OF USE",
                "type": "h3"
            }
        ],
        "passage": "QUESTIONS OR CONCERNS",
        "annotations": []
    },
    {
        "type": "text",
        "context": [
            {
                "text": "daanipuui/NotifyMe Privacy Policy",
                "type": "h1"
            },
            {
                "text": "NotifyMe PRIVACY POLICY FOR APP USERS",
                "type": "h2"
            },
            {
                "text": "QUESTIONS OR CONCERNS",
                "type": "h3"
            }
        ],
        "passage": "If you have any questions or concerns regarding privacy in connection with the Services, please send us a detailed message at danielpuiu@windowslive.com. We will make every effort to resolve your concerns.",
        "annotations": [
            {
                "requirement": "Controller Contact",
                "value": "danielpuiu@windowslive.com",
                "performed": true
            }
        ]
    }
]