[
    {
        "type": "text",
        "context": [],
        "passage": "Maths By Rajesh Lamba collects information about users such as Name, Email address, Phone numbers etc. This information is never presented or displayed to other users on Maths By Rajesh Lamba site and never shared with any third party. It is solely used for authenticating users to use the services provided by Maths By Rajesh Lamba . Other Information such as address and credit card are solely used for making payment to Maths By Rajesh Lamba when users purchase the course. The credit card numbers may be encrypted and never shared with any other party.",
        "annotations": [
            {
                "requirement": "Controller Name",
                "value": "Maths By Rajesh Lamba",
                "performed": true
            },
            {
                "requirement": "Data Categories",
                "value": "Name",
                "performed": true
            },
            {
                "requirement": "Data Categories",
                "value": "Email address",
                "performed": true
            },
            {
                "requirement": "Data Categories",
                "value": "Phone numbers",
                "performed": true
            },
            {
                "requirement": "Data Categories",
                "value": "address",
                "performed": true
            },
            {
                "requirement": "Data Categories",
                "value": "credit card",
                "performed": true
            },
            {
                "requirement": "Processing Purpose",
                "value": "authenticating users to use the services provided by Maths By Rajesh Lamba",
                "performed": true
            },
            {
                "requirement": "Processing Purpose",
                "value": "making payment to Maths By Rajesh Lamba when users purchase the course",
                "performed": true
            },
            {
                "requirement": "Data Recipients",
                "value": "never shared with any third party",
                "performed": true
            }
        ]
    },
    {
        "type": "text",
        "context": [],
        "passage": "Maths By Rajesh Lamba also logs some identifiable and some non-personally-identifiable information including IP address, preferences, aggregate user data, and browser type, from users and visitors to the site. This data is used to manage the website, track usage and improve the website services. This non-personally-identifiable information may be shared with third-parties to provide more relevant services and advertisements to members. But identifiable information is never shared with third party. User IP addresses are recorded for security and monitoring purposes.",
        "annotations": [
            {
                "requirement": "Data Categories",
                "value": "IP address",
                "performed": true
            },
            {
                "requirement": "Data Categories",
                "value": "preferences",
                "performed": true
            },
            {
                "requirement": "Data Categories",
                "value": "aggregate user data",
                "performed": true
            },
            {
                "requirement": "Data Categories",
                "value": "browser type",
                "performed": true
            },
            {
                "requirement": "Processing Purpose",
                "value": "manage the website",
                "performed": true
            },
            {
                "requirement": "Processing Purpose",
                "value": "track usage",
                "performed": true
            },
            {
                "requirement": "Processing Purpose",
                "value": "improve the website services",
                "performed": true
            },
            {
                "requirement": "Data Recipients",
                "value": "third-parties",
                "performed": true
            },
            {
                "requirement": "Processing Purpose",
                "value": "security and monitoring purposes",
                "performed": true
            }
        ]
    },
    {
        "type": "text",
        "context": [],
        "passage": "Maths By Rajesh Lamba may also sometime send updates and important notifications regarding the service to user's email address.",
        "annotations": [
            {
                "requirement": "Processing Purpose",
                "value": "send updates and important notifications regarding the service",
                "performed": true
            },
            {
                "requirement": "Data Categories",
                "value": "user's email address",
                "performed": true
            }
        ]
    },
    {
        "type": "text",
        "context": [],
        "passage": "From time to time, Maths By Rajesh Lamba or a partner may sponsor a promotion, sweepstake or contest on Maths By Rajesh Lamba. Users may be asked to provide personal information including name, email address or home address or to answer questions in order to participate. Maths By Rajesh Lamba may transfer personal information to certain ad partners that you have explicitly requested to receive information from. It will be clear at the point of collection who is collecting the personal information and whose privacy statement will apply.",
        "annotations": [
            {
                "requirement": "Controller Name",
                "value": "Maths By Rajesh Lamba",
                "performed": true
            },
            {
                "requirement": "Data Categories",
                "value": "name",
                "performed": true
            },
            {
                "requirement": "Data Categories",
                "value": "email address",
                "performed": true
            },
            {
                "requirement": "Data Categories",
                "value": "home address",
                "performed": true
            },
            {
                "requirement": "Processing Purpose",
                "value": "participate",
                "performed": true
            },
            {
                "requirement": "Data Recipients",
                "value": "certain ad partners that you have explicitly requested to receive information from",
                "performed": true
            }
        ]
    },
    {
        "type": "text",
        "context": [],
        "passage": "If the user has registered on Maths By Rajesh Lamba and used a coupon or gift code provided by either Maths By Rajesh Lamba or one of our partners or affiliate site, then the partner may contact the user to get feedback on the service and potentially offer other promotions on time to time via phone, mail or email.",
        "annotations": [
            {
                "requirement": "Data Categories",
                "value": "coupon or gift code",
                "performed": true
            },
            {
                "requirement": "Processing Purpose",
                "value": "contact the user to get feedback on the service",
                "performed": true
            },
            {
                "requirement": "Processing Purpose",
                "value": "potentially offer other promotions on time to time",
                "performed": true
            },
            {
                "requirement": "Data Categories",
                "value": "phone",
                "performed": true
            },
            {
                "requirement": "Data Categories",
                "value": "mail",
                "performed": true
            },
            {
                "requirement": "Data Categories",
                "value": "email",
                "performed": true
            }
        ]
    }
]