[
    {
        "type": "headline",
        "context": [],
        "passage": "Privacy Policy",
        "annotations": []
    },
    {
        "type": "text",
        "context": [
            {
                "text": "Privacy Policy",
                "type": "h1"
            }
        ],
        "passage": "Your privacy is critically important to us.",
        "annotations": []
    },
    {
        "type": "text",
        "context": [
            {
                "text": "Privacy Policy",
                "type": "h1"
            }
        ],
        "passage": "Saskatoon Media Group is located at:",
        "annotations": [
            {
                "requirement": "Controller Name",
                "value": "Saskatoon Media Group",
                "performed": true
            }
        ]
    },
    {
        "type": "text",
        "context": [
            {
                "text": "Privacy Policy",
                "type": "h1"
            }
        ],
        "passage": "Saskatoon Media Group",
        "annotations": [
            {
                "requirement": "Controller Name",
                "value": "Saskatoon Media Group",
                "performed": true
            }
        ]
    },
    {
        "type": "text",
        "context": [
            {
                "text": "Privacy Policy",
                "type": "h1"
            }
        ],
        "passage": "366 3rd Ave, S.",
        "annotations": [
            {
                "requirement": "Controller Contact",
                "value": "366 3rd Ave, S.",
                "performed": true
            }
        ]
    },
    {
        "type": "text",
        "context": [
            {
                "text": "Privacy Policy",
                "type": "h1"
            }
        ],
        "passage": "3062449175",
        "annotations": []
    },
    {
        "type": "text",
        "context": [
            {
                "text": "Privacy Policy",
                "type": "h1"
            }
        ],
        "passage": "It is Saskatoon Media Group\u2019s policy to respect your privacy regarding any information we may collect while operating our website. This Privacy Policy applies to 929thebullrocks.com (hereinafter, \"us\", \"we\", or \"929thebullrocks.com\"). We respect your privacy and are committed to protecting personally identifiable information you may provide us through the Website. We have adopted this privacy policy (\"Privacy Policy\") to explain what information may be collected on our Website, how we use this information, and under what circumstances we may disclose the information to third parties. This Privacy Policy applies only to information we collect through the Website and does not apply to our collection of information from other sources.",
        "annotations": [
            {
                "requirement": "Controller Name",
                "value": "Saskatoon Media Group",
                "performed": true
            }
        ]
    },
    {
        "type": "text",
        "context": [
            {
                "text": "Privacy Policy",
                "type": "h1"
            }
        ],
        "passage": "This Privacy Policy, together with the Terms and conditions posted on our Website, set forth the general rules and policies governing your use of our Website. Depending on your activities when visiting our Website, you may be required to agree to additional terms and conditions.",
        "annotations": []
    },
    {
        "type": "headline",
        "context": [
            {
                "text": "Privacy Policy",
                "type": "h1"
            }
        ],
        "passage": "- Website Visitors",
        "annotations": []
    },
    {
        "type": "text",
        "context": [
            {
                "text": "Privacy Policy",
                "type": "h1"
            },
            {
                "text": "- Website Visitors",
                "type": "h2"
            }
        ],
        "passage": "Like most website operators, Saskatoon Media Group collects non-personally-identifying information of the sort that web browsers and servers typically make available, such as the browser type, language preference, referring site, and the date and time of each visitor request. Saskatoon Media Group\u2019s purpose in collecting non-personally identifying information is to better understand how Saskatoon Media Group\u2019s visitors use its website. From time to time, Saskatoon Media Group may release non-personally-identifying information in the aggregate, e.g., by publishing a report on trends in the usage of its website.",
        "annotations": [
            {
                "requirement": "Data Categories",
                "value": "browser type",
                "performed": true
            },
            {
                "requirement": "Data Categories",
                "value": "language preference",
                "performed": true
            },
            {
                "requirement": "Data Categories",
                "value": "referring site",
                "performed": true
            },
            {
                "requirement": "Data Categories",
                "value": "date [...] of each visitor request",
                "performed": true
            },
            {
                "requirement": "Processing Purpose",
                "value": "better understand how Saskatoon Media Group\u2019s visitors use its website",
                "performed": true
            },
            {
                "requirement": "Processing Purpose",
                "value": "publishing a report on trends in the usage of its website",
                "performed": true
            }
        ]
    },
    {
        "type": "text",
        "context": [
            {
                "text": "Privacy Policy",
                "type": "h1"
            },
            {
                "text": "- Website Visitors",
                "type": "h2"
            }
        ],
        "passage": "Saskatoon Media Group also collects potentially personally-identifying information like Internet Protocol (IP) addresses for logged in users and for users leaving comments on http://929thebullrocks.com blog posts. Saskatoon Media Group only discloses logged in user and commenter IP addresses under the same circumstances that it uses and discloses personally-identifying information as described below.",
        "annotations": [
            {
                "requirement": "Data Categories",
                "value": "Internet Protocol (IP) addresses",
                "performed": true
            },
            {
                "requirement": "Data Categories",
                "value": "logged in user and commenter IP addresses",
                "performed": true
            },
            {
                "requirement": "Controller Name",
                "value": "Saskatoon Media Group",
                "performed": true
            }
        ]
    },
    {
        "type": "headline",
        "context": [
            {
                "text": "Privacy Policy",
                "type": "h1"
            },
            {
                "text": "- Website Visitors",
                "type": "h2"
            }
        ],
        "passage": "- Gathering of Personally-Identifying Information",
        "annotations": []
    },
    {
        "type": "text",
        "context": [
            {
                "text": "Privacy Policy",
                "type": "h1"
            },
            {
                "text": "- Gathering of Personally-Identifying Information",
                "type": "h2"
            }
        ],
        "passage": "Certain visitors to Saskatoon Media Group\u2019s websites choose to interact with Saskatoon Media Group in ways that require Saskatoon Media Group to gather personally-identifying information. The amount and type of information that Saskatoon Media Group gathers depends on the nature of the interaction. For example, we ask visitors who sign up for a blog at http://929thebullrocks.com to provide a username and email address.",
        "annotations": [
            {
                "requirement": "Data Categories",
                "value": "a username",
                "performed": true
            },
            {
                "requirement": "Data Categories",
                "value": "email address",
                "performed": true
            },
            {
                "requirement": "Controller Name",
                "value": "Saskatoon Media Group",
                "performed": true
            }
        ]
    },
    {
        "type": "headline",
        "context": [
            {
                "text": "Privacy Policy",
                "type": "h1"
            },
            {
                "text": "- Gathering of Personally-Identifying Information",
                "type": "h2"
            }
        ],
        "passage": "- Security",
        "annotations": []
    },
    {
        "type": "text",
        "context": [
            {
                "text": "Privacy Policy",
                "type": "h1"
            },
            {
                "text": "- Security",
                "type": "h2"
            }
        ],
        "passage": "The security of your Personal Information is important to us, but remember that no method of transmission over the Internet, or method of electronic storage is 100% secure. While we strive to use commercially acceptable means to protect your Personal Information, we cannot guarantee its absolute security.",
        "annotations": []
    },
    {
        "type": "headline",
        "context": [
            {
                "text": "Privacy Policy",
                "type": "h1"
            },
            {
                "text": "- Security",
                "type": "h2"
            }
        ],
        "passage": "- Advertisements",
        "annotations": []
    },
    {
        "type": "text",
        "context": [
            {
                "text": "Privacy Policy",
                "type": "h1"
            },
            {
                "text": "- Advertisements",
                "type": "h2"
            }
        ],
        "passage": "Ads appearing on our website may be delivered to users by advertising partners, who may set cookies. These cookies allow the ad server to recognize your computer each time they send you an online advertisement to compile information about you or others who use your computer. This information allows ad networks to, among other things, deliver targeted advertisements that they believe will be of most interest to you. This Privacy Policy covers the use of cookies by Saskatoon Media Group and does not cover the use of cookies by any advertisers.",
        "annotations": [
            {
                "requirement": "Processing Purpose",
                "value": "compile information about you or others who use your computer",
                "performed": true
            },
            {
                "requirement": "Processing Purpose",
                "value": "deliver targeted advertisements",
                "performed": true
            },
            {
                "requirement": "Source of Data",
                "value": "advertising partners",
                "performed": true
            }
        ]
    },
    {
        "type": "headline",
        "context": [
            {
                "text": "Privacy Policy",
                "type": "h1"
            },
            {
                "text": "- Advertisements",
                "type": "h2"
            }
        ],
        "passage": "- Links To External Sites",
        "annotations": []
    },
    {
        "type": "text",
        "context": [
            {
                "text": "Privacy Policy",
                "type": "h1"
            },
            {
                "text": "- Links To External Sites",
                "type": "h2"
            }
        ],
        "passage": "Our Service may contain links to external sites that are not operated by us. If you click on a third party link, you will be directed to that third party's site. We strongly advise you to review the Privacy Policy and terms and conditions of every site you visit.",
        "annotations": []
    },
    {
        "type": "text",
        "context": [
            {
                "text": "Privacy Policy",
                "type": "h1"
            },
            {
                "text": "- Links To External Sites",
                "type": "h2"
            }
        ],
        "passage": "We have no control over, and assume no responsibility for the content, privacy policies or practices of any third party sites, products or services.",
        "annotations": []
    },
    {
        "type": "headline",
        "context": [
            {
                "text": "Privacy Policy",
                "type": "h1"
            },
            {
                "text": "- Links To External Sites",
                "type": "h2"
            }
        ],
        "passage": "- 929thebullrocks.com uses Google AdWords for remarketing",
        "annotations": [
            {
                "requirement": "Processing Purpose",
                "value": "remarketing",
                "performed": true
            },
            {
                "requirement": "Data Recipients",
                "value": "Google AdWords",
                "performed": true
            }
        ]
    },
    {
        "type": "text",
        "context": [
            {
                "text": "Privacy Policy",
                "type": "h1"
            },
            {
                "text": "- 929thebullrocks.com uses Google AdWords for remarketing",
                "type": "h2"
            }
        ],
        "passage": "929thebullrocks.com uses the remarketing services to advertise on third party websites (including Google) to previous visitors to our site. It could mean that we advertise to previous visitors who haven\u2019t completed a task on our site, for example using the contact form to make an enquiry. This could be in the form of an advertisement on the Google search results page, or a site in the Google Display Network. Third-party vendors, including Google, use cookies to serve ads based on someone\u2019s past visits. Of course, any data collected will be used in accordance with our own privacy policy and Google\u2019s privacy policy.",
        "annotations": [
            {
                "requirement": "Processing Purpose",
                "value": "advertise on third party websites (including Google)",
                "performed": true
            },
            {
                "requirement": "Data Recipients",
                "value": "Third-party vendors, including Google",
                "performed": true
            },
            {
                "requirement": "Data Categories",
                "value": "someone's past visits",
                "performed": true
            },
            {
                "requirement": "Data Recipients",
                "value": "Google Display Network",
                "performed": true
            },
            {
                "requirement": "Data Recipients",
                "value": "Google",
                "performed": true
            }
        ]
    },
    {
        "type": "text",
        "context": [
            {
                "text": "Privacy Policy",
                "type": "h1"
            },
            {
                "text": "- 929thebullrocks.com uses Google AdWords for remarketing",
                "type": "h2"
            }
        ],
        "passage": "You can set preferences for how Google advertises to you using the Google Ad Preferences page, and if you want to you can opt out of interest-based advertising entirely by cookie settings or permanently using a browser plugin.",
        "annotations": [
            {
                "requirement": "Right to Object",
                "value": "you can opt out of interest-based advertising entirely",
                "performed": true
            }
        ]
    },
    {
        "type": "headline",
        "context": [
            {
                "text": "Privacy Policy",
                "type": "h1"
            },
            {
                "text": "- 929thebullrocks.com uses Google AdWords for remarketing",
                "type": "h2"
            }
        ],
        "passage": "- Protection of Certain Personally-Identifying Information",
        "annotations": []
    },
    {
        "type": "text",
        "context": [
            {
                "text": "Privacy Policy",
                "type": "h1"
            },
            {
                "text": "- Protection of Certain Personally-Identifying Information",
                "type": "h2"
            }
        ],
        "passage": "Saskatoon Media Group discloses potentially personally-identifying and personally-identifying information only to those of its employees, contractors and affiliated organizations that (i) need to know that information in order to process it on Saskatoon Media Group\u2019s behalf or to provide services available at Saskatoon Media Group\u2019s website, and (ii) that have agreed not to disclose it to others. Some of those employees, contractors and affiliated organizations may be located outside of your home country; by using Saskatoon Media Group\u2019s website, you consent to the transfer of such information to them. Saskatoon Media Group will not rent or sell potentially personally-identifying and personally-identifying information to anyone. Other than to its employees, contractors and affiliated organizations, as described above, Saskatoon Media Group discloses potentially personally-identifying and personally-identifying information only in response to a subpoena, court order or other governmental request, or when Saskatoon Media Group believes in good faith that disclosure is reasonably necessary to protect the property or rights of Saskatoon Media Group, third parties or the public at large.",
        "annotations": [
            {
                "requirement": "Data Recipients",
                "value": "its employees",
                "performed": true
            },
            {
                "requirement": "Data Recipients",
                "value": "contractors",
                "performed": true
            },
            {
                "requirement": "Data Recipients",
                "value": "affiliated organizations",
                "performed": true
            },
            {
                "requirement": "Third-country Transfers",
                "value": "outside of your home country",
                "performed": true
            },
            {
                "requirement": "Controller Name",
                "value": "Saskatoon Media Group",
                "performed": true
            }
        ]
    },
    {
        "type": "text",
        "context": [
            {
                "text": "Privacy Policy",
                "type": "h1"
            },
            {
                "text": "- Protection of Certain Personally-Identifying Information",
                "type": "h2"
            }
        ],
        "passage": "If you are a registered user of http://929thebullrocks.com and have supplied your email address, Saskatoon Media Group may occasionally send you an email to tell you about new features, solicit your feedback, or just keep you up to date with what\u2019s going on with Saskatoon Media Group and our products. We primarily use our blog to communicate this type of information, so we expect to keep this type of email to a minimum. If you send us a request (for example via a support email or via one of our feedback mechanisms), we reserve the right to publish it in order to help us clarify or respond to your request or to help us support other users. Saskatoon Media Group takes all measures reasonably necessary to protect against the unauthorized access, use, alteration or destruction of potentially personally-identifying and personally-identifying information.",
        "annotations": [
            {
                "requirement": "Data Categories",
                "value": "your email address",
                "performed": true
            },
            {
                "requirement": "Processing Purpose",
                "value": "tell you about new features",
                "performed": true
            },
            {
                "requirement": "Processing Purpose",
                "value": "solicit your feedback",
                "performed": true
            },
            {
                "requirement": "Processing Purpose",
                "value": "keep you up to date with what\u2019s going on with Saskatoon Media Group and our products",
                "performed": true
            },
            {
                "requirement": "Processing Purpose",
                "value": "help us clarify or respond to your request or to help us support other users",
                "performed": true
            },
            {
                "requirement": "Data Categories",
                "value": "potentially personally-identifying and personally-identifying information",
                "performed": true
            }
        ]
    },
    {
        "type": "headline",
        "context": [
            {
                "text": "Privacy Policy",
                "type": "h1"
            },
            {
                "text": "- Protection of Certain Personally-Identifying Information",
                "type": "h2"
            }
        ],
        "passage": "- Aggregated Statistics",
        "annotations": []
    },
    {
        "type": "text",
        "context": [
            {
                "text": "Privacy Policy",
                "type": "h1"
            },
            {
                "text": "- Aggregated Statistics",
                "type": "h2"
            }
        ],
        "passage": "Saskatoon Media Group may collect statistics about the behavior of visitors to its website. Saskatoon Media Group may display this information publicly or provide it to others. However, Saskatoon Media Group does not disclose your personally-identifying information.",
        "annotations": [
            {
                "requirement": "Data Categories",
                "value": "statistics about the behavior of visitors to its website",
                "performed": true
            },
            {
                "requirement": "Data Recipients",
                "value": "others",
                "performed": true
            }
        ]
    },
    {
        "type": "headline",
        "context": [
            {
                "text": "Privacy Policy",
                "type": "h1"
            },
            {
                "text": "- Aggregated Statistics",
                "type": "h2"
            }
        ],
        "passage": "- Affiliate Disclosure",
        "annotations": []
    },
    {
        "type": "text",
        "context": [
            {
                "text": "Privacy Policy",
                "type": "h1"
            },
            {
                "text": "- Affiliate Disclosure",
                "type": "h2"
            }
        ],
        "passage": "This site uses affiliate links and does earn a commission from certain links. This does not affect your purchases or the price you may pay.",
        "annotations": []
    },
    {
        "type": "headline",
        "context": [
            {
                "text": "Privacy Policy",
                "type": "h1"
            },
            {
                "text": "- Affiliate Disclosure",
                "type": "h2"
            }
        ],
        "passage": "- Cookies",
        "annotations": []
    },
    {
        "type": "text",
        "context": [
            {
                "text": "Privacy Policy",
                "type": "h1"
            },
            {
                "text": "- Cookies",
                "type": "h2"
            }
        ],
        "passage": "To enrich and perfect your online experience, Saskatoon Media Group uses \"Cookies\", similar technologies and services provided by others to display personalized content, appropriate advertising and store your preferences on your computer.",
        "annotations": [
            {
                "requirement": "Processing Purpose",
                "value": "enrich and perfect your online experience",
                "performed": true
            },
            {
                "requirement": "Processing Purpose",
                "value": "display personalized content",
                "performed": true
            },
            {
                "requirement": "Data Categories",
                "value": "your preferences",
                "performed": true
            },
            {
                "requirement": "Controller Name",
                "value": "Saskatoon Media Group",
                "performed": true
            },
            {
                "requirement": "Processing Purpose",
                "value": "display [...] appropriate advertising",
                "performed": true
            }
        ]
    },
    {
        "type": "text",
        "context": [
            {
                "text": "Privacy Policy",
                "type": "h1"
            },
            {
                "text": "- Cookies",
                "type": "h2"
            }
        ],
        "passage": "A cookie is a string of information that a website stores on a visitor\u2019s computer, and that the visitor\u2019s browser provides to the website each time the visitor returns. Saskatoon Media Group uses cookies to help Saskatoon Media Group identify and track visitors, their usage of http://929thebullrocks.com, and their website access preferences. Saskatoon Media Group visitors who do not wish to have cookies placed on their computers should set their browsers to refuse cookies before using Saskatoon Media Group\u2019s websites, with the drawback that certain features of Saskatoon Media Group\u2019s websites may not function properly without the aid of cookies.",
        "annotations": [
            {
                "requirement": "Processing Purpose",
                "value": "identify and track visitors",
                "performed": true
            },
            {
                "requirement": "Controller Name",
                "value": "Saskatoon Media Group",
                "performed": true
            }
        ]
    },
    {
        "type": "text",
        "context": [
            {
                "text": "Privacy Policy",
                "type": "h1"
            },
            {
                "text": "- Cookies",
                "type": "h2"
            }
        ],
        "passage": "By continuing to navigate our website without changing your cookie settings, you hereby acknowledge and agree to Saskatoon Media Group's use of cookies.",
        "annotations": []
    },
    {
        "type": "headline",
        "context": [
            {
                "text": "Privacy Policy",
                "type": "h1"
            },
            {
                "text": "- Cookies",
                "type": "h2"
            }
        ],
        "passage": "- E-commerce",
        "annotations": []
    },
    {
        "type": "text",
        "context": [
            {
                "text": "Privacy Policy",
                "type": "h1"
            },
            {
                "text": "- E-commerce",
                "type": "h2"
            }
        ],
        "passage": "Those who engage in transactions with Saskatoon Media Group \u2013 by purchasing Saskatoon Media Group's services or products, are asked to provide additional information, including as necessary the personal and financial information required to process those transactions. In each case, Saskatoon Media Group collects such information only insofar as is necessary or appropriate to fulfill the purpose of the visitor\u2019s interaction with Saskatoon Media Group. Saskatoon Media Group does not disclose personally-identifying information other than as described below. And visitors can always refuse to supply personally-identifying information, with the caveat that it may prevent them from engaging in certain website-related activities.",
        "annotations": [
            {
                "requirement": "Data Categories",
                "value": "personal and financial information",
                "performed": true
            },
            {
                "requirement": "Processing Purpose",
                "value": "process those transactions",
                "performed": true
            },
            {
                "requirement": "Processing Purpose",
                "value": "fulfill the purpose of the visitor\u2019s interaction with Saskatoon Media Group",
                "performed": true
            }
        ]
    },
    {
        "type": "headline",
        "context": [
            {
                "text": "Privacy Policy",
                "type": "h1"
            },
            {
                "text": "- E-commerce",
                "type": "h2"
            }
        ],
        "passage": "Privacy Policy Changes",
        "annotations": []
    },
    {
        "type": "text",
        "context": [
            {
                "text": "Privacy Policy",
                "type": "h1"
            },
            {
                "text": "Privacy Policy Changes",
                "type": "h2"
            }
        ],
        "passage": "Although most changes are likely to be minor, Saskatoon Media Group may change its Privacy Policy from time to time, and in Saskatoon Media Group\u2019s sole discretion. Saskatoon Media Group encourages visitors to frequently check this page for any changes to its Privacy Policy. Your continued use of this site after any change in this Privacy Policy will constitute your acceptance of such change.",
        "annotations": [
            {
                "requirement": "Controller Name",
                "value": "Saskatoon Media Group",
                "performed": true
            }
        ]
    },
    {
        "type": "text",
        "context": [
            {
                "text": "Privacy Policy",
                "type": "h1"
            },
            {
                "text": "Privacy Policy Changes",
                "type": "h2"
            }
        ],
        "passage": "If you have any questions about this Privacy Policy, please contact us via or phone.",
        "annotations": []
    }
]