[
    {
        "type": "headline",
        "context": [],
        "passage": "Privacy Notice Of Coredy Robot",
        "annotations": []
    },
    {
        "type": "text",
        "context": [
            {
                "text": "Privacy Notice Of Coredy Robot",
                "type": "h1"
            }
        ],
        "passage": "Updated Date: 2019-3-18",
        "annotations": []
    },
    {
        "type": "text",
        "context": [
            {
                "text": "Privacy Notice Of Coredy Robot",
                "type": "h1"
            }
        ],
        "passage": "CoredyTech Inc., its affiliates and subsidiaries (\u201cwe\u201d, \u201cus\u201d, \u201cour\u201d, \u201cCoredy\u201d) are committed to protecting your privacy. This Privacy Statement (\u201cStatement\u201d) describes our practices in connection with information privacy on personal data we process through your individual use of the following services, products, and related mobile applications (collectively, the \u201cProducts\u201d)",
        "annotations": [
            {
                "requirement": "Controller Name",
                "value": "CoredyTech Inc.",
                "performed": true
            }
        ]
    },
    {
        "type": "text",
        "context": [
            {
                "text": "Privacy Notice Of Coredy Robot",
                "type": "h1"
            }
        ],
        "passage": "In this Privacy Notice, \u201cPersonal Data\u201d means information that can be used to identify an individual, either from that information alone, or from that information and other information we have access to about that individual. \u201cSmart Devices\u201d refers to those nonstandard computing devices produced or manufactured by hardware manufacturers, with human-machine interface and the ability to transmit data that connect wirelessly to a network, including: smart home appliances, smart wearable devices, smart air cleaning devices, etc. \u201cApps\u201d refers to those mobile applications developed by Coredy that provide end users remote control to Smart Devices and with the ability to connect to Coredy Robot Platform.",
        "annotations": []
    },
    {
        "type": "text",
        "context": [
            {
                "text": "Privacy Notice Of Coredy Robot",
                "type": "h1"
            }
        ],
        "passage": "For other branded mobile applications powered by Coredy Robot, our Clients control all the Personal Data collected through our Products. We collect the information under the direction of our Clients and the processing of such information shall be limited to the purpose of providing the service for which our Clients has engaged us. If you are a customer of one of our Clients and would no longer like to be contacted by one of our Clients that use our service, please contact the Client that you interact with directly.",
        "annotations": [
            {
                "requirement": "Controller Name",
                "value": "our Clients",
                "performed": true
            },
            {
                "requirement": "Processing Purpose",
                "value": "providing the service for which our Clients has engaged us",
                "performed": true
            }
        ]
    },
    {
        "type": "headline",
        "context": [
            {
                "text": "Privacy Notice Of Coredy Robot",
                "type": "h1"
            }
        ],
        "passage": "What Personal Data do we collect",
        "annotations": []
    },
    {
        "type": "text",
        "context": [
            {
                "text": "Privacy Notice Of Coredy Robot",
                "type": "h1"
            },
            {
                "text": "What Personal Data do we collect",
                "type": "h2"
            }
        ],
        "passage": "In order to provide our services to you, we will ask you to provide necessary personal data that is required to provide those services. If you do not provide your personal data, we may not be able to provide you with our products or services.",
        "annotations": [
            {
                "requirement": "Mandatory Data Disclosure",
                "value": "you to provide necessary personal data that is required to provide those services",
                "performed": true
            },
            {
                "requirement": "Mandatory Data Disclosure",
                "value": "If you do not provide your personal data, we may not be able to provide you with our products or services",
                "performed": true
            }
        ]
    },
    {
        "type": "headline",
        "context": [
            {
                "text": "Privacy Notice Of Coredy Robot",
                "type": "h1"
            },
            {
                "text": "What Personal Data do we collect",
                "type": "h2"
            }
        ],
        "passage": "Information You Voluntarily Provide Us",
        "annotations": []
    },
    {
        "type": "text",
        "context": [
            {
                "text": "Privacy Notice Of Coredy Robot",
                "type": "h1"
            },
            {
                "text": "What Personal Data do we collect",
                "type": "h2"
            },
            {
                "text": "Information You Voluntarily Provide Us",
                "type": "h3"
            }
        ],
        "passage": "Account or Profile Data: When you register an account with us, we may collect your contact details, such as your email address, phone number, and user name. During your interaction with our Products, we may further collect your nickname, profile picture, country code, language preference or time zone information into your account.",
        "annotations": [
            {
                "requirement": "Data Categories",
                "value": "contact details",
                "performed": true
            },
            {
                "requirement": "Data Categories",
                "value": "your email address",
                "performed": true
            },
            {
                "requirement": "Data Categories",
                "value": "phone number",
                "performed": true
            },
            {
                "requirement": "Data Categories",
                "value": "user name",
                "performed": true
            },
            {
                "requirement": "Data Categories",
                "value": "nickname",
                "performed": true
            },
            {
                "requirement": "Data Categories",
                "value": "profile picture",
                "performed": true
            },
            {
                "requirement": "Data Categories",
                "value": "country code",
                "performed": true
            },
            {
                "requirement": "Data Categories",
                "value": "language preference",
                "performed": true
            },
            {
                "requirement": "Data Categories",
                "value": "time zone information",
                "performed": true
            }
        ]
    },
    {
        "type": "text",
        "context": [
            {
                "text": "Privacy Notice Of Coredy Robot",
                "type": "h1"
            },
            {
                "text": "What Personal Data do we collect",
                "type": "h2"
            },
            {
                "text": "Information You Voluntarily Provide Us",
                "type": "h3"
            }
        ],
        "passage": "Feedback: When using feedback and suggestion features in our Products, we will collect your email address, mobile phone number and your feedback content to address your problems and solve device failures on a timely basis.",
        "annotations": [
            {
                "requirement": "Data Categories",
                "value": "your email address",
                "performed": true
            },
            {
                "requirement": "Data Categories",
                "value": "mobile phone number",
                "performed": true
            },
            {
                "requirement": "Data Categories",
                "value": "your feedback content",
                "performed": true
            },
            {
                "requirement": "Processing Purpose",
                "value": "address your problems and solve device failures on a timely basis",
                "performed": true
            }
        ]
    },
    {
        "type": "headline",
        "context": [
            {
                "text": "Privacy Notice Of Coredy Robot",
                "type": "h1"
            },
            {
                "text": "What Personal Data do we collect",
                "type": "h2"
            },
            {
                "text": "Information You Voluntarily Provide Us",
                "type": "h3"
            }
        ],
        "passage": "Information We Collect Automatically",
        "annotations": []
    },
    {
        "type": "text",
        "context": [
            {
                "text": "Privacy Notice Of Coredy Robot",
                "type": "h1"
            },
            {
                "text": "What Personal Data do we collect",
                "type": "h2"
            },
            {
                "text": "Information We Collect Automatically",
                "type": "h3"
            }
        ],
        "passage": "Device Information: When you interact with our Product, we automatically collect device information, such as the MAC address of your devices, IP address, wireless connection information, operating system type and version, application version number, push notification identifier, log files, and mobile network information.",
        "annotations": [
            {
                "requirement": "Data Categories",
                "value": "MAC address of your devices",
                "performed": true
            },
            {
                "requirement": "Data Categories",
                "value": "IP address",
                "performed": true
            },
            {
                "requirement": "Data Categories",
                "value": "wireless connection information",
                "performed": true
            },
            {
                "requirement": "Data Categories",
                "value": "operating system type and version",
                "performed": true
            },
            {
                "requirement": "Data Categories",
                "value": "application version number",
                "performed": true
            },
            {
                "requirement": "Data Categories",
                "value": "push notification identifier",
                "performed": true
            },
            {
                "requirement": "Data Categories",
                "value": "log files",
                "performed": true
            },
            {
                "requirement": "Data Categories",
                "value": "mobile network information",
                "performed": true
            }
        ]
    },
    {
        "type": "text",
        "context": [
            {
                "text": "Privacy Notice Of Coredy Robot",
                "type": "h1"
            },
            {
                "text": "What Personal Data do we collect",
                "type": "h2"
            },
            {
                "text": "Information We Collect Automatically",
                "type": "h3"
            }
        ],
        "passage": "Usage Data: During your interaction with our Sites and Services, we automatically collect usage data relating to visits, clicks, downloads, messages sent/received, and other usage of our Sites and Services.",
        "annotations": [
            {
                "requirement": "Data Categories",
                "value": "usage data relating to visits, clicks, downloads, messages sent/received, and other usage of our Sites and Services",
                "performed": true
            }
        ]
    },
    {
        "type": "text",
        "context": [
            {
                "text": "Privacy Notice Of Coredy Robot",
                "type": "h1"
            },
            {
                "text": "What Personal Data do we collect",
                "type": "h2"
            },
            {
                "text": "Information We Collect Automatically",
                "type": "h3"
            }
        ],
        "passage": "Log information: When you use our app, the application and exception log may be uploaded.",
        "annotations": [
            {
                "requirement": "Data Categories",
                "value": "Log information",
                "performed": true
            },
            {
                "requirement": "Data Categories",
                "value": "the application and exception log",
                "performed": true
            }
        ]
    },
    {
        "type": "text",
        "context": [
            {
                "text": "Privacy Notice Of Coredy Robot",
                "type": "h1"
            },
            {
                "text": "What Personal Data do we collect",
                "type": "h2"
            },
            {
                "text": "Information We Collect Automatically",
                "type": "h3"
            }
        ],
        "passage": "Location Information: We may collect information about your real-time precise or non-precise geo-location when you use our specific Products or Services, such as robot cleaner and weather service.",
        "annotations": [
            {
                "requirement": "Data Categories",
                "value": "real-time precise or non-precise geo-location",
                "performed": true
            },
            {
                "requirement": "Processing Purpose",
                "value": "when you use our specific Products or Services, such as robot cleaner and weather service",
                "performed": true
            }
        ]
    },
    {
        "type": "text",
        "context": [
            {
                "text": "Privacy Notice Of Coredy Robot",
                "type": "h1"
            },
            {
                "text": "What Personal Data do we collect",
                "type": "h2"
            },
            {
                "text": "Information We Collect Automatically",
                "type": "h3"
            }
        ],
        "passage": "Smart Devices Related Information:",
        "annotations": [
            {
                "requirement": "Data Categories",
                "value": "Smart Devices Related Information",
                "performed": true
            }
        ]
    },
    {
        "type": "text",
        "context": [
            {
                "text": "Privacy Notice Of Coredy Robot",
                "type": "h1"
            },
            {
                "text": "What Personal Data do we collect",
                "type": "h2"
            },
            {
                "text": "Information We Collect Automatically",
                "type": "h3"
            }
        ],
        "passage": "Basic information of Smart Devices: When you connect your Smart Devices with our Products or Services, we may collect basic information about your Smart Devices such as device name, device ID, online status, activation time, firmware version, and upgrade information.",
        "annotations": [
            {
                "requirement": "Data Categories",
                "value": "device name",
                "performed": true
            },
            {
                "requirement": "Data Categories",
                "value": "device ID",
                "performed": true
            },
            {
                "requirement": "Data Categories",
                "value": "online status",
                "performed": true
            },
            {
                "requirement": "Data Categories",
                "value": "activation time",
                "performed": true
            },
            {
                "requirement": "Data Categories",
                "value": "firmware version",
                "performed": true
            },
            {
                "requirement": "Data Categories",
                "value": "upgrade information",
                "performed": true
            }
        ]
    },
    {
        "type": "text",
        "context": [
            {
                "text": "Privacy Notice Of Coredy Robot",
                "type": "h1"
            },
            {
                "text": "What Personal Data do we collect",
                "type": "h2"
            },
            {
                "text": "Information We Collect Automatically",
                "type": "h3"
            }
        ],
        "passage": "Information reported by Smart Devices: Depending on the different Smart Devices you elect to connect with our Products or Services, we may collect different information reported by your Smart Devices.",
        "annotations": [
            {
                "requirement": "Data Categories",
                "value": "Information reported by Smart Devices",
                "performed": true
            },
            {
                "requirement": "Data Categories",
                "value": "information reported by your Smart Devices",
                "performed": true
            }
        ]
    },
    {
        "type": "headline",
        "context": [
            {
                "text": "Privacy Notice Of Coredy Robot",
                "type": "h1"
            },
            {
                "text": "What Personal Data do we collect",
                "type": "h2"
            },
            {
                "text": "Information We Collect Automatically",
                "type": "h3"
            }
        ],
        "passage": "Purposes and legal basis for processing Personal Data",
        "annotations": [
            {
                "requirement": "Processing Purpose",
                "value": "Purposes",
                "performed": true
            },
            {
                "requirement": "Legal Basis for Processing",
                "value": "legal basis for processing Personal Data",
                "performed": true
            }
        ]
    },
    {
        "type": "text",
        "context": [
            {
                "text": "Privacy Notice Of Coredy Robot",
                "type": "h1"
            },
            {
                "text": "Purposes and legal basis for processing Personal Data",
                "type": "h2"
            }
        ],
        "passage": "The purpose for which we may process information about you are as follows:",
        "annotations": [
            {
                "requirement": "Processing Purpose",
                "value": "The purpose PLACEHOLDER we may process information about you",
                "performed": true
            }
        ]
    },
    {
        "type": "list_item",
        "context": [
            {
                "text": "Privacy Notice Of Coredy Robot",
                "type": "h1"
            },
            {
                "text": "Purposes and legal basis for processing Personal Data",
                "type": "h2"
            },
            {
                "text": "The purpose for which we may process information about you are as follows:",
                "type": "list_intro"
            }
        ],
        "passage": "\u2022\u200b Provide You Services: We process your account and profile data, device information, usage data, location information, and Smart Device related information to provide you with our Products and Services that you have requested or purchased. The legal basis for this processing is to perform our contract with you according to our Terms of Use.,",
        "annotations": [
            {
                "requirement": "Processing Purpose",
                "value": "provide you with our Products and Services that you have requested or purchased",
                "performed": true
            },
            {
                "requirement": "Data Categories",
                "value": "your account and profile data",
                "performed": true
            },
            {
                "requirement": "Data Categories",
                "value": "device information",
                "performed": true
            },
            {
                "requirement": "Data Categories",
                "value": "usage data",
                "performed": true
            },
            {
                "requirement": "Data Categories",
                "value": "location information",
                "performed": true
            },
            {
                "requirement": "Data Categories",
                "value": "Smart Device related information",
                "performed": true
            },
            {
                "requirement": "Legal Basis for Processing",
                "value": "to perform our contract with you according to our Terms of Use",
                "performed": true
            }
        ]
    },
    {
        "type": "list_item",
        "context": [
            {
                "text": "Privacy Notice Of Coredy Robot",
                "type": "h1"
            },
            {
                "text": "Purposes and legal basis for processing Personal Data",
                "type": "h2"
            },
            {
                "text": "The purpose for which we may process information about you are as follows:",
                "type": "list_intro"
            }
        ],
        "passage": "\u2022\u200b Improve Our Services: We process your device information, usage data, location information and Smart Device related information to ensure the functions and safety of our Products, to develop and improve our Products and Services, to analyze the efficiency of our operations, and to prevent and trace fraudulent or inappropriate usage. The legal basis for this processing is to perform our contract with you according to our Terms of Use.",
        "annotations": [
            {
                "requirement": "Processing Purpose",
                "value": "improve our Products and Services",
                "performed": true
            },
            {
                "requirement": "Processing Purpose",
                "value": "ensure the functions and safety of our Products",
                "performed": true
            },
            {
                "requirement": "Processing Purpose",
                "value": "analyze the efficiency of our operations",
                "performed": true
            },
            {
                "requirement": "Processing Purpose",
                "value": "prevent and trace fraudulent or inappropriate usage",
                "performed": true
            },
            {
                "requirement": "Data Categories",
                "value": "your device information",
                "performed": true
            },
            {
                "requirement": "Data Categories",
                "value": "usage data",
                "performed": true
            },
            {
                "requirement": "Data Categories",
                "value": "location information",
                "performed": true
            },
            {
                "requirement": "Data Categories",
                "value": "Smart Device related information",
                "performed": true
            },
            {
                "requirement": "Legal Basis for Processing",
                "value": "to perform our contract with you according to our Terms of Use",
                "performed": true
            }
        ]
    },
    {
        "type": "list_item",
        "context": [
            {
                "text": "Privacy Notice Of Coredy Robot",
                "type": "h1"
            },
            {
                "text": "Purposes and legal basis for processing Personal Data",
                "type": "h2"
            },
            {
                "text": "The purpose for which we may process information about you are as follows:",
                "type": "list_intro"
            }
        ],
        "passage": "\u2022\u200b Non-marketing Communication: We process your personal data to send you important information regarding the Services, changes to our terms, conditions, and policies and/or other administrative information. Because this information may be important, you may not opt-out of receiving such communications. The legal basis for this processing is to perform our contract with you according to our Terms of Use.",
        "annotations": [
            {
                "requirement": "Processing Purpose",
                "value": "send you important information regarding the Services, changes to our terms, conditions, and policies and/or other administrative information",
                "performed": true
            },
            {
                "requirement": "Mandatory Data Disclosure",
                "value": "you may not opt-out of receiving such communications",
                "performed": true
            },
            {
                "requirement": "Legal Basis for Processing",
                "value": "to perform our contract with you according to our Terms of Use",
                "performed": true
            }
        ]
    },
    {
        "type": "list_item",
        "context": [
            {
                "text": "Privacy Notice Of Coredy Robot",
                "type": "h1"
            },
            {
                "text": "Purposes and legal basis for processing Personal Data",
                "type": "h2"
            },
            {
                "text": "The purpose for which we may process information about you are as follows:",
                "type": "list_intro"
            }
        ],
        "passage": "\u2022\u200b Marketing Communication: We may process your personal data to provide marketing and promotional materials to you on our Products and Services. If we do so, each communication we send you will contain instructions permitting you to opt-out of receiving future communications of that nature. The legal basis for this processing is your consent. Additionally, if you consent to participate in our lottery, contest or other promotions, we may use your personal data to manage such activities.",
        "annotations": [
            {
                "requirement": "Processing Purpose",
                "value": "provide marketing and promotional materials to you on our Products and Services",
                "performed": true
            },
            {
                "requirement": "Legal Basis for Processing",
                "value": "your consent",
                "performed": true
            },
            {
                "requirement": "Processing Purpose",
                "value": "manage PLACEHOLDER lottery, contest or other promotions",
                "performed": true
            }
        ]
    },
    {
        "type": "list_item",
        "context": [
            {
                "text": "Privacy Notice Of Coredy Robot",
                "type": "h1"
            },
            {
                "text": "Purposes and legal basis for processing Personal Data",
                "type": "h2"
            },
            {
                "text": "The purpose for which we may process information about you are as follows:",
                "type": "list_intro"
            }
        ],
        "passage": "\u2022\u200b Personalization: We may process your account and profile data, usage data, device information to personalize product design and to provide you with services tailored for you, such as recommending and displaying information and advertisements regarding products suited to you, and to invite you to participate in surveys relating to your use of our Products. The legal basis for this processing is your consent.",
        "annotations": [
            {
                "requirement": "Processing Purpose",
                "value": "personalize product design",
                "performed": true
            },
            {
                "requirement": "Processing Purpose",
                "value": "provide you with services tailored for you",
                "performed": true
            },
            {
                "requirement": "Processing Purpose",
                "value": "recommending and displaying information and advertisements regarding products suited to you",
                "performed": true
            },
            {
                "requirement": "Processing Purpose",
                "value": "invite you to participate in surveys relating to your use of our Products",
                "performed": true
            },
            {
                "requirement": "Data Categories",
                "value": "your account and profile data",
                "performed": true
            },
            {
                "requirement": "Data Categories",
                "value": "usage data",
                "performed": true
            },
            {
                "requirement": "Data Categories",
                "value": "device information",
                "performed": true
            },
            {
                "requirement": "Legal Basis for Processing",
                "value": "your consent",
                "performed": true
            }
        ]
    },
    {
        "type": "list_item",
        "context": [
            {
                "text": "Privacy Notice Of Coredy Robot",
                "type": "h1"
            },
            {
                "text": "Purposes and legal basis for processing Personal Data",
                "type": "h2"
            },
            {
                "text": "The purpose for which we may process information about you are as follows:",
                "type": "list_intro"
            }
        ],
        "passage": "\u2022\u200b Legal Compliance: We may process your personal data as we believe to be necessary or appropriate: (a) to comply with applicable laws and regulations; (b) to comply with legal process; (c) to respond to requests from public and government authorities (d) to enforce our terms and conditions; (e) to protect our operations, business and systems; (f) to protect our rights, privacy, safety or property, and/or that of other users, including you; and (g) to allow us to pursue available remedies or limit the damages that we may sustain.",
        "annotations": [
            {
                "requirement": "Processing Purpose",
                "value": "to comply with applicable laws and regulations",
                "performed": true
            },
            {
                "requirement": "Processing Purpose",
                "value": "to comply with legal process",
                "performed": true
            },
            {
                "requirement": "Processing Purpose",
                "value": "to respond to requests from public and government authorities",
                "performed": true
            },
            {
                "requirement": "Processing Purpose",
                "value": "to enforce our terms and conditions",
                "performed": true
            },
            {
                "requirement": "Processing Purpose",
                "value": "to protect our operations, business and systems",
                "performed": true
            },
            {
                "requirement": "Processing Purpose",
                "value": "to protect our rights, privacy, safety or property, and/or that of other users, including you",
                "performed": true
            },
            {
                "requirement": "Processing Purpose",
                "value": "to allow us to pursue available remedies or limit the damages that we may sustain",
                "performed": true
            }
        ]
    },
    {
        "type": "headline",
        "context": [
            {
                "text": "Privacy Notice Of Coredy Robot",
                "type": "h1"
            },
            {
                "text": "Purposes and legal basis for processing Personal Data",
                "type": "h2"
            }
        ],
        "passage": "Who do we share Personal Data with?",
        "annotations": []
    },
    {
        "type": "text",
        "context": [
            {
                "text": "Privacy Notice Of Coredy Robot",
                "type": "h1"
            },
            {
                "text": "Who do we share Personal Data with?",
                "type": "h2"
            }
        ],
        "passage": "At Coredy, we only share personal data in ways that we tell you about.",
        "annotations": [
            {
                "requirement": "Data Recipients",
                "value": "we only share personal data in ways that we tell you about",
                "performed": true
            }
        ]
    },
    {
        "type": "text",
        "context": [
            {
                "text": "Privacy Notice Of Coredy Robot",
                "type": "h1"
            },
            {
                "text": "Who do we share Personal Data with?",
                "type": "h2"
            }
        ],
        "passage": "We may share your Personal Data with the following recipients:",
        "annotations": [
            {
                "requirement": "Data Recipients",
                "value": "the following recipients",
                "performed": true
            }
        ]
    },
    {
        "type": "list_item",
        "context": [
            {
                "text": "Privacy Notice Of Coredy Robot",
                "type": "h1"
            },
            {
                "text": "Who do we share Personal Data with?",
                "type": "h2"
            },
            {
                "text": "We may share your Personal Data with the following recipients:",
                "type": "list_intro"
            }
        ],
        "passage": "\u25e6\u200b To our third party service providers who perform certain business-related functions for us, such as website hosting, data analysis, payment and credit card processing, infrastructure provision, IT services, customer support service, e-mail delivery services, and other similar services to enable them to provide services to us.",
        "annotations": [
            {
                "requirement": "Data Recipients",
                "value": "our third party service providers who perform certain business-related functions for us",
                "performed": true
            },
            {
                "requirement": "Processing Purpose",
                "value": "website hosting, data analysis, payment and credit card processing, infrastructure provision, IT services, customer support service, e-mail delivery services, and other similar services",
                "performed": true
            }
        ]
    },
    {
        "type": "list_item",
        "context": [
            {
                "text": "Privacy Notice Of Coredy Robot",
                "type": "h1"
            },
            {
                "text": "Who do we share Personal Data with?",
                "type": "h2"
            },
            {
                "text": "We may share your Personal Data with the following recipients:",
                "type": "list_intro"
            }
        ],
        "passage": "\u25e6\u200b To our customers and other business partners who provide you, directly or indirectly, with your Smart Devices, and/or networks and systems through which you access and use our Sites and Services.",
        "annotations": [
            {
                "requirement": "Data Recipients",
                "value": "To our customers and other business partners",
                "performed": true
            },
            {
                "requirement": "Data Recipients",
                "value": "who provide you, directly or indirectly, with your Smart Devices",
                "performed": true
            },
            {
                "requirement": "Data Recipients",
                "value": "networks and systems through which you access and use our Sites and Services",
                "performed": true
            }
        ]
    },
    {
        "type": "list_item",
        "context": [
            {
                "text": "Privacy Notice Of Coredy Robot",
                "type": "h1"
            },
            {
                "text": "Who do we share Personal Data with?",
                "type": "h2"
            },
            {
                "text": "We may share your Personal Data with the following recipients:",
                "type": "list_intro"
            }
        ],
        "passage": "\u25e6\u200b To an affiliate or other third party in the event of any reorganization, merger, sale, joint venture, assignment, transfer or other disposition of all or any portion of our business, assets or stock (including without limitation in connection with any bankruptcy or similar proceedings). In such an event, you will be notified via email and/or a prominent notice on our website of any change in ownership, incompatible new uses of your personal information, and choices you may have regarding your personal information.",
        "annotations": [
            {
                "requirement": "Data Recipients",
                "value": "an affiliate or other third party",
                "performed": true
            }
        ]
    },
    {
        "type": "list_item",
        "context": [
            {
                "text": "Privacy Notice Of Coredy Robot",
                "type": "h1"
            },
            {
                "text": "Who do we share Personal Data with?",
                "type": "h2"
            },
            {
                "text": "We may share your Personal Data with the following recipients:",
                "type": "list_intro"
            }
        ],
        "passage": "\u25e6\u200b As we believe to be necessary or appropriate: (a) to comply with applicable laws and regulations; (b) to comply with legal process; (c) to respond to requests from public and government authorities, including public and government authorities outside your country of residence; (d) to enforce our terms and conditions; (e) to protect our operations, business and systems; (f) to protect our rights, privacy, safety or property, and/or that of other users, including you; and (g) to allow us to pursue available remedies or limit the damages that we may sustain.",
        "annotations": [
            {
                "requirement": "Processing Purpose",
                "value": "to comply with applicable laws and regulations",
                "performed": true
            },
            {
                "requirement": "Processing Purpose",
                "value": "to comply with legal process",
                "performed": true
            },
            {
                "requirement": "Processing Purpose",
                "value": "to respond to requests from public and government authorities, including public and government authorities outside your country of residence",
                "performed": true
            },
            {
                "requirement": "Processing Purpose",
                "value": "to enforce our terms and conditions",
                "performed": true
            },
            {
                "requirement": "Processing Purpose",
                "value": "to protect our operations, business and systems",
                "performed": true
            },
            {
                "requirement": "Processing Purpose",
                "value": "to protect our rights, privacy, safety or property, and/or that of other users, including you",
                "performed": true
            },
            {
                "requirement": "Processing Purpose",
                "value": "to allow us to pursue available remedies or limit the damages that we may sustain",
                "performed": true
            }
        ]
    },
    {
        "type": "list_item",
        "context": [
            {
                "text": "Privacy Notice Of Coredy Robot",
                "type": "h1"
            },
            {
                "text": "Who do we share Personal Data with?",
                "type": "h2"
            },
            {
                "text": "We may share your Personal Data with the following recipients:",
                "type": "list_intro"
            }
        ],
        "passage": "\u25e6\u200b To subsidiaries or affiliates within our corporate family, to carry out regular business activities.",
        "annotations": [
            {
                "requirement": "Data Recipients",
                "value": "subsidiaries",
                "performed": true
            },
            {
                "requirement": "Data Recipients",
                "value": "affiliates within our corporate family",
                "performed": true
            }
        ]
    },
    {
        "type": "text",
        "context": [
            {
                "text": "Privacy Notice Of Coredy Robot",
                "type": "h1"
            },
            {
                "text": "Who do we share Personal Data with?",
                "type": "h2"
            }
        ],
        "passage": "Except for the third parties described above, to third parties only with your consent.",
        "annotations": [
            {
                "requirement": "Data Recipients",
                "value": "third parties described above",
                "performed": true
            },
            {
                "requirement": "Data Recipients",
                "value": "to third parties only with your consent",
                "performed": true
            }
        ]
    },
    {
        "type": "headline",
        "context": [
            {
                "text": "Privacy Notice Of Coredy Robot",
                "type": "h1"
            },
            {
                "text": "Who do we share Personal Data with?",
                "type": "h2"
            }
        ],
        "passage": "Your Rights Relating to Your Personal Data",
        "annotations": []
    },
    {
        "type": "text",
        "context": [
            {
                "text": "Privacy Notice Of Coredy Robot",
                "type": "h1"
            },
            {
                "text": "Your Rights Relating to Your Personal Data",
                "type": "h2"
            }
        ],
        "passage": "We respect your rights and control over your personal data. You may exercise any of the following rights:",
        "annotations": [
            {
                "requirement": "Right to Access",
                "value": "You may exercise any of the following rights",
                "performed": true
            },
            {
                "requirement": "Right to Rectification",
                "value": "You may exercise any of the following rights",
                "performed": true
            },
            {
                "requirement": "Right to Erasure",
                "value": "You may exercise any of the following rights",
                "performed": true
            },
            {
                "requirement": "Right to Restrict",
                "value": "You may exercise any of the following rights",
                "performed": true
            },
            {
                "requirement": "Right to Object",
                "value": "You may exercise any of the following rights",
                "performed": true
            },
            {
                "requirement": "Right to Portability",
                "value": "You may exercise any of the following rights",
                "performed": true
            }
        ]
    },
    {
        "type": "list_item",
        "context": [
            {
                "text": "Privacy Notice Of Coredy Robot",
                "type": "h1"
            },
            {
                "text": "Your Rights Relating to Your Personal Data",
                "type": "h2"
            },
            {
                "text": "We respect your rights and control over your personal data. You may exercise any of the following rights:",
                "type": "list_intro"
            }
        ],
        "passage": "\u25e6\u200b Via the \u201cProfile \u2013 Personal Center\u201d in our Products (for Product version 3.2 and later)",
        "annotations": []
    },
    {
        "type": "list_item",
        "context": [
            {
                "text": "Privacy Notice Of Coredy Robot",
                "type": "h1"
            },
            {
                "text": "Your Rights Relating to Your Personal Data",
                "type": "h2"
            },
            {
                "text": "We respect your rights and control over your personal data. You may exercise any of the following rights:",
                "type": "list_intro"
            }
        ],
        "passage": "\u25e6\u200b By emailing us at appreports@coredytech.com (for Product version before 3.2)",
        "annotations": [
            {
                "requirement": "Controller Contact",
                "value": "appreports@coredytech.com",
                "performed": true
            }
        ]
    },
    {
        "type": "text",
        "context": [
            {
                "text": "Privacy Notice Of Coredy Robot",
                "type": "h1"
            },
            {
                "text": "Your Rights Relating to Your Personal Data",
                "type": "h2"
            }
        ],
        "passage": "You do not have to pay a fee and we will aim to respond you within 30 days. If you decide to email us, in your request, please make clear what information you would like to have changed, whether you would like to have your personal information deleted from our database or otherwise let us know what limitations you would like to put on our use of your personal information. Please note that we may ask you to verify your identity before taking further action on your request, for security purposes.",
        "annotations": [
            {
                "requirement": "Right to Rectification",
                "value": "you would like to have changed",
                "performed": true
            },
            {
                "requirement": "Right to Erasure",
                "value": "you would like to have your personal information deleted from our database",
                "performed": true
            },
            {
                "requirement": "Right to Restrict",
                "value": "what limitations you would like to put on our use of your personal information",
                "performed": true
            }
        ]
    },
    {
        "type": "text",
        "context": [
            {
                "text": "Privacy Notice Of Coredy Robot",
                "type": "h1"
            },
            {
                "text": "Your Rights Relating to Your Personal Data",
                "type": "h2"
            }
        ],
        "passage": "You may:",
        "annotations": []
    },
    {
        "type": "list_item",
        "context": [
            {
                "text": "Privacy Notice Of Coredy Robot",
                "type": "h1"
            },
            {
                "text": "Your Rights Relating to Your Personal Data",
                "type": "h2"
            },
            {
                "text": "You may:",
                "type": "list_intro"
            }
        ],
        "passage": "\u25e6\u200b Request access to the personal data that we process about you;",
        "annotations": [
            {
                "requirement": "Right to Access",
                "value": "Request access to the personal data that we process about you",
                "performed": true
            }
        ]
    },
    {
        "type": "list_item",
        "context": [
            {
                "text": "Privacy Notice Of Coredy Robot",
                "type": "h1"
            },
            {
                "text": "Your Rights Relating to Your Personal Data",
                "type": "h2"
            },
            {
                "text": "You may:",
                "type": "list_intro"
            }
        ],
        "passage": "\u25e6\u200b Request that we correct inaccurate or incomplete personal information about you;",
        "annotations": [
            {
                "requirement": "Right to Rectification",
                "value": "Request that we correct inaccurate or incomplete personal information about you",
                "performed": true
            }
        ]
    },
    {
        "type": "list_item",
        "context": [
            {
                "text": "Privacy Notice Of Coredy Robot",
                "type": "h1"
            },
            {
                "text": "Your Rights Relating to Your Personal Data",
                "type": "h2"
            },
            {
                "text": "You may:",
                "type": "list_intro"
            }
        ],
        "passage": "\u25e6\u200b Request deletion of personal data about you;",
        "annotations": [
            {
                "requirement": "Right to Erasure",
                "value": "Request deletion of personal data about you",
                "performed": true
            }
        ]
    },
    {
        "type": "list_item",
        "context": [
            {
                "text": "Privacy Notice Of Coredy Robot",
                "type": "h1"
            },
            {
                "text": "Your Rights Relating to Your Personal Data",
                "type": "h2"
            },
            {
                "text": "You may:",
                "type": "list_intro"
            }
        ],
        "passage": "\u25e6\u200b Request restrictions, temporarily or permanently, on our processing of some or all personal data about you;",
        "annotations": [
            {
                "requirement": "Right to Restrict",
                "value": "restrictions, temporarily or permanently, on our processing of some or all personal data about you",
                "performed": true
            }
        ]
    },
    {
        "type": "list_item",
        "context": [
            {
                "text": "Privacy Notice Of Coredy Robot",
                "type": "h1"
            },
            {
                "text": "Your Rights Relating to Your Personal Data",
                "type": "h2"
            },
            {
                "text": "You may:",
                "type": "list_intro"
            }
        ],
        "passage": "\u25e6\u200b Request transfer of personal information to you or a third party where we process the data based on your consent or a contract with you, and where our processing is automated; and",
        "annotations": [
            {
                "requirement": "Right to Portability",
                "value": "transfer of personal information to you or a third party",
                "performed": true
            }
        ]
    },
    {
        "type": "list_item",
        "context": [
            {
                "text": "Privacy Notice Of Coredy Robot",
                "type": "h1"
            },
            {
                "text": "Your Rights Relating to Your Personal Data",
                "type": "h2"
            },
            {
                "text": "You may:",
                "type": "list_intro"
            }
        ],
        "passage": "\u25e6\u200b Opt-out or object to our use of personal data about you where our use is based on your consent or our legitimate interests.",
        "annotations": [
            {
                "requirement": "Right to Object",
                "value": "Opt-out or object to our use of personal data about you",
                "performed": true
            },
            {
                "requirement": "Legal Basis for Processing",
                "value": "your consent",
                "performed": true
            },
            {
                "requirement": "Legitimate Interests for Processing",
                "value": "our legitimate interests",
                "performed": true
            }
        ]
    },
    {
        "type": "headline",
        "context": [
            {
                "text": "Privacy Notice Of Coredy Robot",
                "type": "h1"
            },
            {
                "text": "Your Rights Relating to Your Personal Data",
                "type": "h2"
            }
        ],
        "passage": "Information Security Safeguards",
        "annotations": []
    },
    {
        "type": "text",
        "context": [
            {
                "text": "Privacy Notice Of Coredy Robot",
                "type": "h1"
            },
            {
                "text": "Information Security Safeguards",
                "type": "h2"
            }
        ],
        "passage": "We use commercially reasonable physical, administrative, and technical safeguards to preserve the integrity and security of your personal information. Coredy provides various security strategies to effectively ensure data security of user and device. As for device access, Coredy proprietary algorithms are employed to ensure data isolation, access authentication, applying for authorization. As for data communication, communication using security algorithms and transmission encryption protocols and commercial level information encryption transmission based on dynamic keys are supported. As for data processing, strict data filtering and validation and complete data audit are applied. As for data storage, all confidential information of users will be safely encrypted for storage. If you have reason to believe that your interaction with us is no longer secure (for example, if you feel that the security of any account you might have with us has been compromised), you must immediately notify us of the problem by appreports@coredytech.com.",
        "annotations": [
            {
                "requirement": "Controller Contact",
                "value": "appreports@coredytech.com",
                "performed": true
            }
        ]
    },
    {
        "type": "headline",
        "context": [
            {
                "text": "Privacy Notice Of Coredy Robot",
                "type": "h1"
            },
            {
                "text": "Information Security Safeguards",
                "type": "h2"
            }
        ],
        "passage": "Information Retention Period",
        "annotations": []
    },
    {
        "type": "text",
        "context": [
            {
                "text": "Privacy Notice Of Coredy Robot",
                "type": "h1"
            },
            {
                "text": "Information Retention Period",
                "type": "h2"
            }
        ],
        "passage": "We process your personal data for the minimum period necessary for the purposes set out in this Privacy Notice, unless there is a specific legal requirement for us to keep the data for a longer retention period. We determine the appropriate retention period based on the amount, nature, and sensitivity of your personal data, and after the retention period ends, we will destruct your personal data. When we are unable to do so for technical reasons, we will ensure that appropriate measures are put in place to prevent any further such use of your personal data.",
        "annotations": [
            {
                "requirement": "Data Retention Period",
                "value": "the minimum period necessary for the purposes set out in this Privacy Notice",
                "performed": true
            },
            {
                "requirement": "Data Retention Period",
                "value": "there is a specific legal requirement for us to keep the data for a longer retention period",
                "performed": true
            },
            {
                "requirement": "Data Retention Period",
                "value": "after the retention period ends, we will destruct your personal data",
                "performed": true
            }
        ]
    },
    {
        "type": "headline",
        "context": [
            {
                "text": "Privacy Notice Of Coredy Robot",
                "type": "h1"
            },
            {
                "text": "Information Retention Period",
                "type": "h2"
            }
        ],
        "passage": "Changes to this Policy Notice",
        "annotations": []
    },
    {
        "type": "text",
        "context": [
            {
                "text": "Privacy Notice Of Coredy Robot",
                "type": "h1"
            },
            {
                "text": "Changes to this Policy Notice",
                "type": "h2"
            }
        ],
        "passage": "We may update this Privacy Notice to reflect changes to our information practices. If we make any material changes we will notify you by email (send to the e-mail address specified in your account) or by means of a notice in the mobile applications prior to the change becoming effective. We encourage you to periodically review this page for the latest information on our privacy practices.",
        "annotations": []
    },
    {
        "type": "headline",
        "context": [
            {
                "text": "Privacy Notice Of Coredy Robot",
                "type": "h1"
            },
            {
                "text": "Changes to this Policy Notice",
                "type": "h2"
            }
        ],
        "passage": "Legal application and jurisdiction",
        "annotations": []
    },
    {
        "type": "text",
        "context": [
            {
                "text": "Privacy Notice Of Coredy Robot",
                "type": "h1"
            },
            {
                "text": "Legal application and jurisdiction",
                "type": "h2"
            }
        ],
        "passage": "This policy is formulated in accordance with the laws of the United States of America (U.S.A) and shall be governed by the laws of the United States of America (U.S.A).",
        "annotations": []
    },
    {
        "type": "text",
        "context": [
            {
                "text": "Privacy Notice Of Coredy Robot",
                "type": "h1"
            },
            {
                "text": "Legal application and jurisdiction",
                "type": "h2"
            }
        ],
        "passage": "If you have any questions about our practices or this Privacy Notice, please contact us as follows:",
        "annotations": [
            {
                "requirement": "Controller Contact",
                "value": "please contact us",
                "performed": true
            }
        ]
    },
    {
        "type": "text",
        "context": [
            {
                "text": "Privacy Notice Of Coredy Robot",
                "type": "h1"
            },
            {
                "text": "Legal application and jurisdiction",
                "type": "h2"
            }
        ],
        "passage": "CoredyTech Inc.",
        "annotations": [
            {
                "requirement": "Controller Name",
                "value": "CoredyTech Inc.",
                "performed": true
            }
        ]
    },
    {
        "type": "text",
        "context": [
            {
                "text": "Privacy Notice Of Coredy Robot",
                "type": "h1"
            },
            {
                "text": "Legal application and jurisdiction",
                "type": "h2"
            }
        ],
        "passage": "Email: appreports@coredytech.com.",
        "annotations": [
            {
                "requirement": "Controller Contact",
                "value": "appreports@coredytech.com",
                "performed": true
            }
        ]
    }
]