[
    {
        "type": "headline",
        "context": [],
        "passage": "Privacy Policy",
        "annotations": []
    },
    {
        "type": "headline",
        "context": [
            {
                "text": "Privacy Policy",
                "type": "h1"
            }
        ],
        "passage": "Introduction",
        "annotations": []
    },
    {
        "type": "text",
        "context": [
            {
                "text": "Privacy Policy",
                "type": "h1"
            },
            {
                "text": "Introduction",
                "type": "h2"
            }
        ],
        "passage": "Welcome to Text Repeater (\"the App\"). This Privacy Policy is designed to help you understand how we collect, use, disclose, and safeguard your personal information while using our App. We value your privacy and want to ensure that you are informed about how your data is handled. Please take a moment to read this Privacy Policy carefully.",
        "annotations": []
    },
    {
        "type": "headline",
        "context": [
            {
                "text": "Privacy Policy",
                "type": "h1"
            },
            {
                "text": "Introduction",
                "type": "h2"
            }
        ],
        "passage": "Information We Collect",
        "annotations": []
    },
    {
        "type": "text",
        "context": [
            {
                "text": "Privacy Policy",
                "type": "h1"
            },
            {
                "text": "Information We Collect",
                "type": "h2"
            }
        ],
        "passage": "The Text Repeater App does not collect any personal information from its users. We do not require any permissions or access to your device's data, contacts, or any other personal information.",
        "annotations": [
            {
                "requirement": "Data Categories",
                "value": "personal information",
                "performed": false
            }
        ]
    },
    {
        "type": "headline",
        "context": [
            {
                "text": "Privacy Policy",
                "type": "h1"
            },
            {
                "text": "Information We Collect",
                "type": "h2"
            }
        ],
        "passage": "How We Use Your Information",
        "annotations": []
    },
    {
        "type": "text",
        "context": [
            {
                "text": "Privacy Policy",
                "type": "h1"
            },
            {
                "text": "How We Use Your Information",
                "type": "h2"
            }
        ],
        "passage": "Since we do not collect any personal information, we do not use your information in any way. The App's primary function is to allow users to input text and generate repeated text, which can be copied and shared.",
        "annotations": [
            {
                "requirement": "Data Categories",
                "value": "do not collect any personal information",
                "performed": false
            },
            {
                "requirement": "Processing Purpose",
                "value": "do not use your information in any way",
                "performed": false
            }
        ]
    },
    {
        "type": "headline",
        "context": [
            {
                "text": "Privacy Policy",
                "type": "h1"
            },
            {
                "text": "How We Use Your Information",
                "type": "h2"
            }
        ],
        "passage": "Disclosure of Your Information",
        "annotations": []
    },
    {
        "type": "text",
        "context": [
            {
                "text": "Privacy Policy",
                "type": "h1"
            },
            {
                "text": "Disclosure of Your Information",
                "type": "h2"
            }
        ],
        "passage": "We do not collect or share any personal information, and therefore, we do not disclose your information to third parties.",
        "annotations": [
            {
                "requirement": "Data Categories",
                "value": "We do not collect or share any personal information",
                "performed": false
            },
            {
                "requirement": "Data Recipients",
                "value": "we do not disclose your information to third parties",
                "performed": false
            }
        ]
    },
    {
        "type": "headline",
        "context": [
            {
                "text": "Privacy Policy",
                "type": "h1"
            },
            {
                "text": "Disclosure of Your Information",
                "type": "h2"
            }
        ],
        "passage": "Data Security",
        "annotations": []
    },
    {
        "type": "text",
        "context": [
            {
                "text": "Privacy Policy",
                "type": "h1"
            },
            {
                "text": "Data Security",
                "type": "h2"
            }
        ],
        "passage": "While we do not collect personal information, we are committed to ensuring the security of any text data entered into the App. Our servers do not store the text you enter, and any generated text is only temporarily stored on your device for your convenience. We use industry-standard security measures to protect your data from unauthorized access.",
        "annotations": [
            {
                "requirement": "Data Categories",
                "value": "personal information",
                "performed": false
            },
            {
                "requirement": "Data Categories",
                "value": "text data entered into the App",
                "performed": true
            },
            {
                "requirement": "Data Retention Period",
                "value": "only temporarily stored on your device",
                "performed": true
            }
        ]
    },
    {
        "type": "headline",
        "context": [
            {
                "text": "Privacy Policy",
                "type": "h1"
            },
            {
                "text": "Data Security",
                "type": "h2"
            }
        ],
        "passage": "Children's Privacy",
        "annotations": []
    },
    {
        "type": "text",
        "context": [
            {
                "text": "Privacy Policy",
                "type": "h1"
            },
            {
                "text": "Children's Privacy",
                "type": "h2"
            }
        ],
        "passage": "The Text Repeater App is not intended for use by children under the age of 13. We do not knowingly collect any personal information from children under 13 years old. If you are a parent or guardian and believe that your child has provided us with any information, please contact us at the email address provided below, and we will take the necessary steps to remove that information from our systems.",
        "annotations": [
            {
                "requirement": "Controller Contact",
                "value": "contact us at the email address provided below",
                "performed": true
            }
        ]
    },
    {
        "type": "headline",
        "context": [
            {
                "text": "Privacy Policy",
                "type": "h1"
            },
            {
                "text": "Children's Privacy",
                "type": "h2"
            }
        ],
        "passage": "Changes to Our Privacy Policy",
        "annotations": []
    },
    {
        "type": "text",
        "context": [
            {
                "text": "Privacy Policy",
                "type": "h1"
            },
            {
                "text": "Changes to Our Privacy Policy",
                "type": "h2"
            }
        ],
        "passage": "We may update this Privacy Policy from time to time to reflect changes in our practices or for other operational, legal, or regulatory reasons. Any changes to this Privacy Policy will be posted on this page, and the revised policy will be effective immediately upon posting. We encourage you to review this Privacy Policy periodically to stay informed about how we are protecting your information.",
        "annotations": []
    },
    {
        "type": "headline",
        "context": [
            {
                "text": "Privacy Policy",
                "type": "h1"
            },
            {
                "text": "Changes to Our Privacy Policy",
                "type": "h2"
            }
        ],
        "passage": "Contact Us",
        "annotations": []
    },
    {
        "type": "text",
        "context": [
            {
                "text": "Privacy Policy",
                "type": "h1"
            },
            {
                "text": "Contact Us",
                "type": "h2"
            }
        ],
        "passage": "If you have any questions, concerns, or feedback regarding this Privacy Policy or our privacy practices, please contact us at:",
        "annotations": [
            {
                "requirement": "Controller Contact",
                "value": "please contact us at",
                "performed": true
            }
        ]
    },
    {
        "type": "text",
        "context": [
            {
                "text": "Privacy Policy",
                "type": "h1"
            },
            {
                "text": "Contact Us",
                "type": "h2"
            }
        ],
        "passage": "Email: downloadervcinc@gmail.com",
        "annotations": [
            {
                "requirement": "Controller Contact",
                "value": "downloadervcinc@gmail.com",
                "performed": true
            }
        ]
    },
    {
        "type": "headline",
        "context": [
            {
                "text": "Privacy Policy",
                "type": "h1"
            },
            {
                "text": "Contact Us",
                "type": "h2"
            }
        ],
        "passage": "Conclusion",
        "annotations": []
    },
    {
        "type": "text",
        "context": [
            {
                "text": "Privacy Policy",
                "type": "h1"
            },
            {
                "text": "Conclusion",
                "type": "h2"
            }
        ],
        "passage": "We appreciate your use of the Text Repeater App and your trust in us. Your privacy is important, and we want to assure you that we do not collect or store personal information. We are here to address any questions or concerns you may have about your data or our privacy practices. Thank you for using Text Repeater!",
        "annotations": [
            {
                "requirement": "Data Categories",
                "value": "we do not collect or store personal information",
                "performed": false
            }
        ]
    }
]