[
    {
        "type": "headline",
        "context": [],
        "passage": "Icareus Suite / MyIcareus Privacy Policy",
        "annotations": []
    },
    {
        "type": "headline",
        "context": [
            {
                "text": "Icareus Suite / MyIcareus Privacy Policy",
                "type": "h1"
            }
        ],
        "passage": "Privacy Policy",
        "annotations": []
    },
    {
        "type": "text",
        "context": [
            {
                "text": "Icareus Suite / MyIcareus Privacy Policy",
                "type": "h1"
            },
            {
                "text": "Privacy Policy",
                "type": "h2"
            }
        ],
        "passage": "Icareus Ltd (\u201cus\u201d, \u201cwe\u201d, or \u201cour\u201d) operates the Icareus Suite / MyIcareus /Icareus TV mobile applications (the \u201cService\u201d).",
        "annotations": [
            {
                "requirement": "Controller Name",
                "value": "Icareus Ltd",
                "performed": true
            }
        ]
    },
    {
        "type": "text",
        "context": [
            {
                "text": "Icareus Suite / MyIcareus Privacy Policy",
                "type": "h1"
            },
            {
                "text": "Privacy Policy",
                "type": "h2"
            }
        ],
        "passage": "This page informs you of our policies regarding the collection, use, and disclosure of personal data when you use our Service and the choices you have associated with that data.",
        "annotations": []
    },
    {
        "type": "text",
        "context": [
            {
                "text": "Icareus Suite / MyIcareus Privacy Policy",
                "type": "h1"
            },
            {
                "text": "Privacy Policy",
                "type": "h2"
            }
        ],
        "passage": "We use your data to provide and improve the Service. By using the Service, you agree to the collection and use of information in accordance with this policy. Unless otherwise defined in this Privacy Policy, terms used in this Privacy Policy have the same meanings as in our Terms and Conditions.",
        "annotations": [
            {
                "requirement": "Processing Purpose",
                "value": "provide [...] the Service",
                "performed": true
            },
            {
                "requirement": "Processing Purpose",
                "value": "improve the Service",
                "performed": true
            }
        ]
    },
    {
        "type": "headline",
        "context": [
            {
                "text": "Icareus Suite / MyIcareus Privacy Policy",
                "type": "h1"
            },
            {
                "text": "Privacy Policy",
                "type": "h2"
            }
        ],
        "passage": "Information Collection And Use",
        "annotations": []
    },
    {
        "type": "text",
        "context": [
            {
                "text": "Icareus Suite / MyIcareus Privacy Policy",
                "type": "h1"
            },
            {
                "text": "Information Collection And Use",
                "type": "h2"
            }
        ],
        "passage": "We collect several different types of information for various purposes to provide and improve our Service to you.",
        "annotations": [
            {
                "requirement": "Processing Purpose",
                "value": "provide [...] our Service to you",
                "performed": true
            },
            {
                "requirement": "Processing Purpose",
                "value": "improve our Service to you",
                "performed": true
            }
        ]
    },
    {
        "type": "headline",
        "context": [
            {
                "text": "Icareus Suite / MyIcareus Privacy Policy",
                "type": "h1"
            },
            {
                "text": "Information Collection And Use",
                "type": "h2"
            }
        ],
        "passage": "Types of Data Collected",
        "annotations": []
    },
    {
        "type": "headline",
        "context": [
            {
                "text": "Icareus Suite / MyIcareus Privacy Policy",
                "type": "h1"
            },
            {
                "text": "Information Collection And Use",
                "type": "h2"
            },
            {
                "text": "Types of Data Collected",
                "type": "h3"
            }
        ],
        "passage": "Personal Data",
        "annotations": [
            {
                "requirement": "Data Categories",
                "value": "Personal Data",
                "performed": true
            }
        ]
    },
    {
        "type": "text",
        "context": [
            {
                "text": "Icareus Suite / MyIcareus Privacy Policy",
                "type": "h1"
            },
            {
                "text": "Information Collection And Use",
                "type": "h2"
            },
            {
                "text": "Types of Data Collected",
                "type": "h3"
            },
            {
                "text": "Personal Data",
                "type": "h4"
            }
        ],
        "passage": "While using our Service, we may ask you to provide us with certain personally identifiable information that can be used to contact or identify you (\u201cPersonal Data\u201d). Personally identifiable information may include, but is not limited to:",
        "annotations": [
            {
                "requirement": "Data Categories",
                "value": "certain personally identifiable information",
                "performed": true
            }
        ]
    },
    {
        "type": "list_item",
        "context": [
            {
                "text": "Icareus Suite / MyIcareus Privacy Policy",
                "type": "h1"
            },
            {
                "text": "Information Collection And Use",
                "type": "h2"
            },
            {
                "text": "Types of Data Collected",
                "type": "h3"
            },
            {
                "text": "Personal Data",
                "type": "h4"
            },
            {
                "text": "While using our Service, we may ask you to provide us with certain personally identifiable information that can be used to contact or identify you (\u201cPersonal Data\u201d). Personally identifiable information may include, but is not limited to:",
                "type": "list_intro"
            }
        ],
        "passage": "Email address",
        "annotations": [
            {
                "requirement": "Data Categories",
                "value": "Email address",
                "performed": true
            }
        ]
    },
    {
        "type": "list_item",
        "context": [
            {
                "text": "Icareus Suite / MyIcareus Privacy Policy",
                "type": "h1"
            },
            {
                "text": "Information Collection And Use",
                "type": "h2"
            },
            {
                "text": "Types of Data Collected",
                "type": "h3"
            },
            {
                "text": "Personal Data",
                "type": "h4"
            },
            {
                "text": "While using our Service, we may ask you to provide us with certain personally identifiable information that can be used to contact or identify you (\u201cPersonal Data\u201d). Personally identifiable information may include, but is not limited to:",
                "type": "list_intro"
            }
        ],
        "passage": "First name and last name",
        "annotations": [
            {
                "requirement": "Data Categories",
                "value": "First name",
                "performed": true
            },
            {
                "requirement": "Data Categories",
                "value": "last name",
                "performed": true
            }
        ]
    },
    {
        "type": "list_item",
        "context": [
            {
                "text": "Icareus Suite / MyIcareus Privacy Policy",
                "type": "h1"
            },
            {
                "text": "Information Collection And Use",
                "type": "h2"
            },
            {
                "text": "Types of Data Collected",
                "type": "h3"
            },
            {
                "text": "Personal Data",
                "type": "h4"
            },
            {
                "text": "While using our Service, we may ask you to provide us with certain personally identifiable information that can be used to contact or identify you (\u201cPersonal Data\u201d). Personally identifiable information may include, but is not limited to:",
                "type": "list_intro"
            }
        ],
        "passage": "Phone number",
        "annotations": [
            {
                "requirement": "Data Categories",
                "value": "Phone number",
                "performed": true
            }
        ]
    },
    {
        "type": "list_item",
        "context": [
            {
                "text": "Icareus Suite / MyIcareus Privacy Policy",
                "type": "h1"
            },
            {
                "text": "Information Collection And Use",
                "type": "h2"
            },
            {
                "text": "Types of Data Collected",
                "type": "h3"
            },
            {
                "text": "Personal Data",
                "type": "h4"
            },
            {
                "text": "While using our Service, we may ask you to provide us with certain personally identifiable information that can be used to contact or identify you (\u201cPersonal Data\u201d). Personally identifiable information may include, but is not limited to:",
                "type": "list_intro"
            }
        ],
        "passage": "Address, State, Province, ZIP/Postal code, City",
        "annotations": [
            {
                "requirement": "Data Categories",
                "value": "Address",
                "performed": true
            },
            {
                "requirement": "Data Categories",
                "value": "State",
                "performed": true
            },
            {
                "requirement": "Data Categories",
                "value": "Province",
                "performed": true
            },
            {
                "requirement": "Data Categories",
                "value": "ZIP/Postal code",
                "performed": true
            },
            {
                "requirement": "Data Categories",
                "value": "City",
                "performed": true
            }
        ]
    },
    {
        "type": "list_item",
        "context": [
            {
                "text": "Icareus Suite / MyIcareus Privacy Policy",
                "type": "h1"
            },
            {
                "text": "Information Collection And Use",
                "type": "h2"
            },
            {
                "text": "Types of Data Collected",
                "type": "h3"
            },
            {
                "text": "Personal Data",
                "type": "h4"
            },
            {
                "text": "While using our Service, we may ask you to provide us with certain personally identifiable information that can be used to contact or identify you (\u201cPersonal Data\u201d). Personally identifiable information may include, but is not limited to:",
                "type": "list_intro"
            }
        ],
        "passage": "Cookies and Usage Data",
        "annotations": [
            {
                "requirement": "Data Categories",
                "value": "Usage Data",
                "performed": true
            }
        ]
    },
    {
        "type": "headline",
        "context": [
            {
                "text": "Icareus Suite / MyIcareus Privacy Policy",
                "type": "h1"
            },
            {
                "text": "Information Collection And Use",
                "type": "h2"
            },
            {
                "text": "Types of Data Collected",
                "type": "h3"
            },
            {
                "text": "Personal Data",
                "type": "h4"
            }
        ],
        "passage": "Usage Data",
        "annotations": [
            {
                "requirement": "Data Categories",
                "value": "Usage Data",
                "performed": true
            }
        ]
    },
    {
        "type": "text",
        "context": [
            {
                "text": "Icareus Suite / MyIcareus Privacy Policy",
                "type": "h1"
            },
            {
                "text": "Information Collection And Use",
                "type": "h2"
            },
            {
                "text": "Types of Data Collected",
                "type": "h3"
            },
            {
                "text": "Usage Data",
                "type": "h4"
            }
        ],
        "passage": "When you access the Service by or through a mobile device, we may collect certain information automatically, including, but not limited to, the type of mobile device you use, your mobile device unique ID, the IP address of your mobile device, your mobile operating system, the type of mobile Internet browser you use, unique device identifiers and other diagnostic data (\u201cUsage Data\u201d).",
        "annotations": [
            {
                "requirement": "Data Categories",
                "value": "the type of mobile device you use",
                "performed": true
            },
            {
                "requirement": "Data Categories",
                "value": "your mobile device unique ID",
                "performed": true
            },
            {
                "requirement": "Data Categories",
                "value": "the IP address of your mobile device",
                "performed": true
            },
            {
                "requirement": "Data Categories",
                "value": "your mobile operating system",
                "performed": true
            },
            {
                "requirement": "Data Categories",
                "value": "the type of mobile Internet browser you use",
                "performed": true
            },
            {
                "requirement": "Data Categories",
                "value": "unique device identifiers",
                "performed": true
            },
            {
                "requirement": "Data Categories",
                "value": "other diagnostic data",
                "performed": true
            },
            {
                "requirement": "Data Categories",
                "value": "Usage Data",
                "performed": true
            }
        ]
    },
    {
        "type": "headline",
        "context": [
            {
                "text": "Icareus Suite / MyIcareus Privacy Policy",
                "type": "h1"
            },
            {
                "text": "Information Collection And Use",
                "type": "h2"
            },
            {
                "text": "Types of Data Collected",
                "type": "h3"
            },
            {
                "text": "Usage Data",
                "type": "h4"
            }
        ],
        "passage": "Tracking & Cookies Data",
        "annotations": []
    },
    {
        "type": "text",
        "context": [
            {
                "text": "Icareus Suite / MyIcareus Privacy Policy",
                "type": "h1"
            },
            {
                "text": "Information Collection And Use",
                "type": "h2"
            },
            {
                "text": "Types of Data Collected",
                "type": "h3"
            },
            {
                "text": "Tracking & Cookies Data",
                "type": "h4"
            }
        ],
        "passage": "We use cookies and similar tracking technologies to track the activity on our Service and hold certain information.",
        "annotations": [
            {
                "requirement": "Processing Purpose",
                "value": "track the activity on our Service",
                "performed": true
            },
            {
                "requirement": "Processing Purpose",
                "value": "hold certain information",
                "performed": true
            }
        ]
    },
    {
        "type": "text",
        "context": [
            {
                "text": "Icareus Suite / MyIcareus Privacy Policy",
                "type": "h1"
            },
            {
                "text": "Information Collection And Use",
                "type": "h2"
            },
            {
                "text": "Types of Data Collected",
                "type": "h3"
            },
            {
                "text": "Tracking & Cookies Data",
                "type": "h4"
            }
        ],
        "passage": "Cookies are files with small amount of data which may include an anonymous unique identifier. Cookies are sent to your browser from a website and stored on your device. Tracking technologies also used are beacons, tags, and scripts to collect and track information and to improve and analyze our Service.",
        "annotations": [
            {
                "requirement": "Data Categories",
                "value": "an anonymous unique identifier",
                "performed": true
            },
            {
                "requirement": "Processing Purpose",
                "value": "collect [...] information",
                "performed": true
            },
            {
                "requirement": "Processing Purpose",
                "value": "track information",
                "performed": true
            },
            {
                "requirement": "Processing Purpose",
                "value": "improve [...] our Service",
                "performed": true
            },
            {
                "requirement": "Processing Purpose",
                "value": "analyze our Service",
                "performed": true
            }
        ]
    },
    {
        "type": "text",
        "context": [
            {
                "text": "Icareus Suite / MyIcareus Privacy Policy",
                "type": "h1"
            },
            {
                "text": "Information Collection And Use",
                "type": "h2"
            },
            {
                "text": "Types of Data Collected",
                "type": "h3"
            },
            {
                "text": "Tracking & Cookies Data",
                "type": "h4"
            }
        ],
        "passage": "You can instruct your browser to refuse all cookies or to indicate when a cookie is being sent. However, if you do not accept cookies, you may not be able to use some portions of our Service.",
        "annotations": []
    },
    {
        "type": "text",
        "context": [
            {
                "text": "Icareus Suite / MyIcareus Privacy Policy",
                "type": "h1"
            },
            {
                "text": "Information Collection And Use",
                "type": "h2"
            },
            {
                "text": "Types of Data Collected",
                "type": "h3"
            },
            {
                "text": "Tracking & Cookies Data",
                "type": "h4"
            }
        ],
        "passage": "Examples of Cookies we use:",
        "annotations": []
    },
    {
        "type": "list_item",
        "context": [
            {
                "text": "Icareus Suite / MyIcareus Privacy Policy",
                "type": "h1"
            },
            {
                "text": "Information Collection And Use",
                "type": "h2"
            },
            {
                "text": "Types of Data Collected",
                "type": "h3"
            },
            {
                "text": "Tracking & Cookies Data",
                "type": "h4"
            },
            {
                "text": "Examples of Cookies we use:",
                "type": "list_intro"
            }
        ],
        "passage": "Session Cookies. We use Session Cookies to operate our Service.",
        "annotations": [
            {
                "requirement": "Processing Purpose",
                "value": "operate our Service",
                "performed": true
            }
        ]
    },
    {
        "type": "list_item",
        "context": [
            {
                "text": "Icareus Suite / MyIcareus Privacy Policy",
                "type": "h1"
            },
            {
                "text": "Information Collection And Use",
                "type": "h2"
            },
            {
                "text": "Types of Data Collected",
                "type": "h3"
            },
            {
                "text": "Tracking & Cookies Data",
                "type": "h4"
            },
            {
                "text": "Examples of Cookies we use:",
                "type": "list_intro"
            }
        ],
        "passage": "Preference Cookies. We use Preference Cookies to remember your preferences and various settings.",
        "annotations": [
            {
                "requirement": "Processing Purpose",
                "value": "remember your preferences",
                "performed": true
            },
            {
                "requirement": "Processing Purpose",
                "value": "remember [...] various settings",
                "performed": true
            }
        ]
    },
    {
        "type": "list_item",
        "context": [
            {
                "text": "Icareus Suite / MyIcareus Privacy Policy",
                "type": "h1"
            },
            {
                "text": "Information Collection And Use",
                "type": "h2"
            },
            {
                "text": "Types of Data Collected",
                "type": "h3"
            },
            {
                "text": "Tracking & Cookies Data",
                "type": "h4"
            },
            {
                "text": "Examples of Cookies we use:",
                "type": "list_intro"
            }
        ],
        "passage": "Security Cookies. We use Security Cookies for security purposes.",
        "annotations": []
    },
    {
        "type": "headline",
        "context": [
            {
                "text": "Icareus Suite / MyIcareus Privacy Policy",
                "type": "h1"
            },
            {
                "text": "Information Collection And Use",
                "type": "h2"
            },
            {
                "text": "Types of Data Collected",
                "type": "h3"
            },
            {
                "text": "Tracking & Cookies Data",
                "type": "h4"
            }
        ],
        "passage": "Use of Data",
        "annotations": []
    },
    {
        "type": "text",
        "context": [
            {
                "text": "Icareus Suite / MyIcareus Privacy Policy",
                "type": "h1"
            },
            {
                "text": "Information Collection And Use",
                "type": "h2"
            },
            {
                "text": "Use of Data",
                "type": "h3"
            }
        ],
        "passage": "Icareus Ltd uses the collected data for various purposes:",
        "annotations": [
            {
                "requirement": "Controller Name",
                "value": "Icareus Ltd",
                "performed": true
            }
        ]
    },
    {
        "type": "list_item",
        "context": [
            {
                "text": "Icareus Suite / MyIcareus Privacy Policy",
                "type": "h1"
            },
            {
                "text": "Information Collection And Use",
                "type": "h2"
            },
            {
                "text": "Use of Data",
                "type": "h3"
            },
            {
                "text": "Icareus Ltd uses the collected data for various purposes:",
                "type": "list_intro"
            }
        ],
        "passage": "To provide and maintain the Service",
        "annotations": [
            {
                "requirement": "Processing Purpose",
                "value": "provide [...] the Service",
                "performed": true
            },
            {
                "requirement": "Processing Purpose",
                "value": "maintain the Service",
                "performed": true
            }
        ]
    },
    {
        "type": "list_item",
        "context": [
            {
                "text": "Icareus Suite / MyIcareus Privacy Policy",
                "type": "h1"
            },
            {
                "text": "Information Collection And Use",
                "type": "h2"
            },
            {
                "text": "Use of Data",
                "type": "h3"
            },
            {
                "text": "Icareus Ltd uses the collected data for various purposes:",
                "type": "list_intro"
            }
        ],
        "passage": "To notify you about changes to our Service",
        "annotations": [
            {
                "requirement": "Processing Purpose",
                "value": "notify you about changes to our Service",
                "performed": true
            }
        ]
    },
    {
        "type": "list_item",
        "context": [
            {
                "text": "Icareus Suite / MyIcareus Privacy Policy",
                "type": "h1"
            },
            {
                "text": "Information Collection And Use",
                "type": "h2"
            },
            {
                "text": "Use of Data",
                "type": "h3"
            },
            {
                "text": "Icareus Ltd uses the collected data for various purposes:",
                "type": "list_intro"
            }
        ],
        "passage": "To allow you to participate in interactive features of our Service when you choose to do so",
        "annotations": [
            {
                "requirement": "Processing Purpose",
                "value": "allow you to participate in interactive features of our Service",
                "performed": true
            }
        ]
    },
    {
        "type": "list_item",
        "context": [
            {
                "text": "Icareus Suite / MyIcareus Privacy Policy",
                "type": "h1"
            },
            {
                "text": "Information Collection And Use",
                "type": "h2"
            },
            {
                "text": "Use of Data",
                "type": "h3"
            },
            {
                "text": "Icareus Ltd uses the collected data for various purposes:",
                "type": "list_intro"
            }
        ],
        "passage": "To provide customer care and support",
        "annotations": [
            {
                "requirement": "Processing Purpose",
                "value": "provide customer care and support",
                "performed": true
            }
        ]
    },
    {
        "type": "list_item",
        "context": [
            {
                "text": "Icareus Suite / MyIcareus Privacy Policy",
                "type": "h1"
            },
            {
                "text": "Information Collection And Use",
                "type": "h2"
            },
            {
                "text": "Use of Data",
                "type": "h3"
            },
            {
                "text": "Icareus Ltd uses the collected data for various purposes:",
                "type": "list_intro"
            }
        ],
        "passage": "To provide analysis or valuable information so that we can improve the Service",
        "annotations": [
            {
                "requirement": "Processing Purpose",
                "value": "provide analysis or valuable information",
                "performed": true
            },
            {
                "requirement": "Processing Purpose",
                "value": "improve the Service",
                "performed": true
            }
        ]
    },
    {
        "type": "list_item",
        "context": [
            {
                "text": "Icareus Suite / MyIcareus Privacy Policy",
                "type": "h1"
            },
            {
                "text": "Information Collection And Use",
                "type": "h2"
            },
            {
                "text": "Use of Data",
                "type": "h3"
            },
            {
                "text": "Icareus Ltd uses the collected data for various purposes:",
                "type": "list_intro"
            }
        ],
        "passage": "To monitor the usage of the Service",
        "annotations": [
            {
                "requirement": "Processing Purpose",
                "value": "monitor the usage of the Service",
                "performed": true
            }
        ]
    },
    {
        "type": "list_item",
        "context": [
            {
                "text": "Icareus Suite / MyIcareus Privacy Policy",
                "type": "h1"
            },
            {
                "text": "Information Collection And Use",
                "type": "h2"
            },
            {
                "text": "Use of Data",
                "type": "h3"
            },
            {
                "text": "Icareus Ltd uses the collected data for various purposes:",
                "type": "list_intro"
            }
        ],
        "passage": "To detect, prevent and address technical issues",
        "annotations": [
            {
                "requirement": "Processing Purpose",
                "value": "detect [...] technical issues",
                "performed": true
            },
            {
                "requirement": "Processing Purpose",
                "value": "prevent [...] technical issues",
                "performed": true
            },
            {
                "requirement": "Processing Purpose",
                "value": "address [...] technical issues",
                "performed": true
            }
        ]
    },
    {
        "type": "headline",
        "context": [
            {
                "text": "Icareus Suite / MyIcareus Privacy Policy",
                "type": "h1"
            },
            {
                "text": "Information Collection And Use",
                "type": "h2"
            },
            {
                "text": "Use of Data",
                "type": "h3"
            }
        ],
        "passage": "Transfer Of Data",
        "annotations": []
    },
    {
        "type": "text",
        "context": [
            {
                "text": "Icareus Suite / MyIcareus Privacy Policy",
                "type": "h1"
            },
            {
                "text": "Information Collection And Use",
                "type": "h2"
            },
            {
                "text": "Transfer Of Data",
                "type": "h3"
            }
        ],
        "passage": "Your information, including Personal Data, may be transferred to \u2014 and maintained on \u2014 computers located outside of your state, province, country or other governmental jurisdiction where the data protection laws may differ than those from your jurisdiction.",
        "annotations": [
            {
                "requirement": "Third-country Transfers",
                "value": "computers located outside of your state, province, country or other governmental jurisdiction",
                "performed": true
            }
        ]
    },
    {
        "type": "text",
        "context": [
            {
                "text": "Icareus Suite / MyIcareus Privacy Policy",
                "type": "h1"
            },
            {
                "text": "Information Collection And Use",
                "type": "h2"
            },
            {
                "text": "Transfer Of Data",
                "type": "h3"
            }
        ],
        "passage": "If you are located outside Finland and choose to provide information to us, please note that we transfer the data, including Personal Data, to Finland and process it there.",
        "annotations": [
            {
                "requirement": "Third-country Transfers",
                "value": "Finland",
                "performed": true
            }
        ]
    },
    {
        "type": "text",
        "context": [
            {
                "text": "Icareus Suite / MyIcareus Privacy Policy",
                "type": "h1"
            },
            {
                "text": "Information Collection And Use",
                "type": "h2"
            },
            {
                "text": "Transfer Of Data",
                "type": "h3"
            }
        ],
        "passage": "Your consent to this Privacy Policy followed by your submission of such information represents your agreement to that transfer.",
        "annotations": [
            {
                "requirement": "Legal Basis for Processing",
                "value": "Your consent to this Privacy Policy followed by your submission of such information represents your agreement to that transfer.",
                "performed": true
            }
        ]
    },
    {
        "type": "text",
        "context": [
            {
                "text": "Icareus Suite / MyIcareus Privacy Policy",
                "type": "h1"
            },
            {
                "text": "Information Collection And Use",
                "type": "h2"
            },
            {
                "text": "Transfer Of Data",
                "type": "h3"
            }
        ],
        "passage": "Icareus Ltd will take all steps reasonably necessary to ensure that your data is treated securely and in accordance with this Privacy Policy and no transfer of your Personal Data will take place to an organization or a country unless there are adequate controls in place including the security of your data and other personal information.",
        "annotations": []
    },
    {
        "type": "headline",
        "context": [
            {
                "text": "Icareus Suite / MyIcareus Privacy Policy",
                "type": "h1"
            },
            {
                "text": "Information Collection And Use",
                "type": "h2"
            },
            {
                "text": "Transfer Of Data",
                "type": "h3"
            }
        ],
        "passage": "Disclosure Of Data",
        "annotations": []
    },
    {
        "type": "headline",
        "context": [
            {
                "text": "Icareus Suite / MyIcareus Privacy Policy",
                "type": "h1"
            },
            {
                "text": "Information Collection And Use",
                "type": "h2"
            },
            {
                "text": "Disclosure Of Data",
                "type": "h3"
            }
        ],
        "passage": "Legal Requirements",
        "annotations": []
    },
    {
        "type": "text",
        "context": [
            {
                "text": "Icareus Suite / MyIcareus Privacy Policy",
                "type": "h1"
            },
            {
                "text": "Information Collection And Use",
                "type": "h2"
            },
            {
                "text": "Disclosure Of Data",
                "type": "h3"
            },
            {
                "text": "Legal Requirements",
                "type": "h4"
            }
        ],
        "passage": "Icareus Ltd may disclose your Personal Data in the good faith belief that such action is necessary to:",
        "annotations": [
            {
                "requirement": "Data Recipients",
                "value": "Icareus Ltd",
                "performed": true
            }
        ]
    },
    {
        "type": "list_item",
        "context": [
            {
                "text": "Icareus Suite / MyIcareus Privacy Policy",
                "type": "h1"
            },
            {
                "text": "Information Collection And Use",
                "type": "h2"
            },
            {
                "text": "Disclosure Of Data",
                "type": "h3"
            },
            {
                "text": "Legal Requirements",
                "type": "h4"
            },
            {
                "text": "Icareus Ltd may disclose your Personal Data in the good faith belief that such action is necessary to:",
                "type": "list_intro"
            }
        ],
        "passage": "To comply with a legal obligation",
        "annotations": [
            {
                "requirement": "Legal Basis for Processing",
                "value": "To comply with a legal obligation",
                "performed": true
            }
        ]
    },
    {
        "type": "list_item",
        "context": [
            {
                "text": "Icareus Suite / MyIcareus Privacy Policy",
                "type": "h1"
            },
            {
                "text": "Information Collection And Use",
                "type": "h2"
            },
            {
                "text": "Disclosure Of Data",
                "type": "h3"
            },
            {
                "text": "Legal Requirements",
                "type": "h4"
            },
            {
                "text": "Icareus Ltd may disclose your Personal Data in the good faith belief that such action is necessary to:",
                "type": "list_intro"
            }
        ],
        "passage": "To protect and defend the rights or property of Icareus Ltd",
        "annotations": [
            {
                "requirement": "Processing Purpose",
                "value": "protect and defend the rights or property of Icareus Ltd",
                "performed": true
            },
            {
                "requirement": "Legal Basis for Processing",
                "value": "protect\u00a0and defend the rights or property of Icareus Ltd",
                "performed": true
            }
        ]
    },
    {
        "type": "list_item",
        "context": [
            {
                "text": "Icareus Suite / MyIcareus Privacy Policy",
                "type": "h1"
            },
            {
                "text": "Information Collection And Use",
                "type": "h2"
            },
            {
                "text": "Disclosure Of Data",
                "type": "h3"
            },
            {
                "text": "Legal Requirements",
                "type": "h4"
            },
            {
                "text": "Icareus Ltd may disclose your Personal Data in the good faith belief that such action is necessary to:",
                "type": "list_intro"
            }
        ],
        "passage": "To prevent or investigate possible wrongdoing in connection with the Service",
        "annotations": [
            {
                "requirement": "Processing Purpose",
                "value": "prevent [...] wrongdoing in connection with the Service",
                "performed": true
            },
            {
                "requirement": "Processing Purpose",
                "value": "investigate possible wrongdoing in connection with the Service",
                "performed": true
            }
        ]
    },
    {
        "type": "list_item",
        "context": [
            {
                "text": "Icareus Suite / MyIcareus Privacy Policy",
                "type": "h1"
            },
            {
                "text": "Information Collection And Use",
                "type": "h2"
            },
            {
                "text": "Disclosure Of Data",
                "type": "h3"
            },
            {
                "text": "Legal Requirements",
                "type": "h4"
            },
            {
                "text": "Icareus Ltd may disclose your Personal Data in the good faith belief that such action is necessary to:",
                "type": "list_intro"
            }
        ],
        "passage": "To protect the personal safety of users of the Service or the public",
        "annotations": [
            {
                "requirement": "Processing Purpose",
                "value": "protect the personal safety of users of the Service or the public",
                "performed": true
            },
            {
                "requirement": "Legal Basis for Processing",
                "value": "protect the personal safety of users of the Service or the public",
                "performed": true
            }
        ]
    },
    {
        "type": "list_item",
        "context": [
            {
                "text": "Icareus Suite / MyIcareus Privacy Policy",
                "type": "h1"
            },
            {
                "text": "Information Collection And Use",
                "type": "h2"
            },
            {
                "text": "Disclosure Of Data",
                "type": "h3"
            },
            {
                "text": "Legal Requirements",
                "type": "h4"
            },
            {
                "text": "Icareus Ltd may disclose your Personal Data in the good faith belief that such action is necessary to:",
                "type": "list_intro"
            }
        ],
        "passage": "To protect against legal liability",
        "annotations": [
            {
                "requirement": "Processing Purpose",
                "value": "protect against legal liability",
                "performed": true
            },
            {
                "requirement": "Legal Basis for Processing",
                "value": "protect\u00a0against legal liability",
                "performed": true
            }
        ]
    },
    {
        "type": "headline",
        "context": [
            {
                "text": "Icareus Suite / MyIcareus Privacy Policy",
                "type": "h1"
            },
            {
                "text": "Information Collection And Use",
                "type": "h2"
            },
            {
                "text": "Disclosure Of Data",
                "type": "h3"
            },
            {
                "text": "Legal Requirements",
                "type": "h4"
            }
        ],
        "passage": "Security Of Data",
        "annotations": []
    },
    {
        "type": "text",
        "context": [
            {
                "text": "Icareus Suite / MyIcareus Privacy Policy",
                "type": "h1"
            },
            {
                "text": "Security Of Data",
                "type": "h2"
            }
        ],
        "passage": "The security of your data is important to us, but remember that no method of transmission over the Internet, or method of electronic storage is 100% secure. While we strive to use commercially acceptable means to protect your Personal Data, we cannot guarantee its absolute security.",
        "annotations": []
    },
    {
        "type": "headline",
        "context": [
            {
                "text": "Icareus Suite / MyIcareus Privacy Policy",
                "type": "h1"
            },
            {
                "text": "Security Of Data",
                "type": "h2"
            }
        ],
        "passage": "Service Providers",
        "annotations": []
    },
    {
        "type": "text",
        "context": [
            {
                "text": "Icareus Suite / MyIcareus Privacy Policy",
                "type": "h1"
            },
            {
                "text": "Service Providers",
                "type": "h2"
            }
        ],
        "passage": "We may employ third party companies and individuals to facilitate our Service (\u201cService Providers\u201d), to provide the Service on our behalf, to perform Service-related services or to assist us in analyzing how our Service is used.",
        "annotations": [
            {
                "requirement": "Data Recipients",
                "value": "third party companies and individuals",
                "performed": true
            },
            {
                "requirement": "Processing Purpose",
                "value": "facilitate our Service",
                "performed": true
            },
            {
                "requirement": "Processing Purpose",
                "value": "provide the Service on our behalf",
                "performed": true
            },
            {
                "requirement": "Processing Purpose",
                "value": "perform Service-related services",
                "performed": true
            },
            {
                "requirement": "Processing Purpose",
                "value": "assist us in analyzing how our Service is used",
                "performed": true
            }
        ]
    },
    {
        "type": "text",
        "context": [
            {
                "text": "Icareus Suite / MyIcareus Privacy Policy",
                "type": "h1"
            },
            {
                "text": "Service Providers",
                "type": "h2"
            }
        ],
        "passage": "These third parties have access to your Personal Data only to perform these tasks on our behalf and are obligated not to disclose or use it for any other purpose.",
        "annotations": [
            {
                "requirement": "Data Recipients",
                "value": "These third parties",
                "performed": true
            },
            {
                "requirement": "Data Categories",
                "value": "your Personal Data",
                "performed": true
            }
        ]
    },
    {
        "type": "headline",
        "context": [
            {
                "text": "Icareus Suite / MyIcareus Privacy Policy",
                "type": "h1"
            },
            {
                "text": "Service Providers",
                "type": "h2"
            }
        ],
        "passage": "Analytics",
        "annotations": []
    },
    {
        "type": "text",
        "context": [
            {
                "text": "Icareus Suite / MyIcareus Privacy Policy",
                "type": "h1"
            },
            {
                "text": "Service Providers",
                "type": "h2"
            },
            {
                "text": "Analytics",
                "type": "h3"
            }
        ],
        "passage": "We may use third-party Service Providers to monitor and analyze the use of our Service.",
        "annotations": [
            {
                "requirement": "Processing Purpose",
                "value": "monitor [...] the use of our Service",
                "performed": true
            },
            {
                "requirement": "Processing Purpose",
                "value": "analyze the use of our Service",
                "performed": true
            },
            {
                "requirement": "Data Recipients",
                "value": "third-party Service Providers",
                "performed": true
            }
        ]
    },
    {
        "type": "headline",
        "context": [
            {
                "text": "Icareus Suite / MyIcareus Privacy Policy",
                "type": "h1"
            },
            {
                "text": "Service Providers",
                "type": "h2"
            },
            {
                "text": "Analytics",
                "type": "h3"
            }
        ],
        "passage": "Google Analytics",
        "annotations": []
    },
    {
        "type": "text",
        "context": [
            {
                "text": "Icareus Suite / MyIcareus Privacy Policy",
                "type": "h1"
            },
            {
                "text": "Service Providers",
                "type": "h2"
            },
            {
                "text": "Analytics",
                "type": "h3"
            },
            {
                "text": "Google Analytics",
                "type": "h4"
            }
        ],
        "passage": "Google Analytics is a web analytics service offered by Google that tracks and reports website traffic. Google uses the data collected to track and monitor the use of our Service. This data is shared with other Google services. Google may use the collected data to contextualize and personalize the ads of its own advertising network.",
        "annotations": [
            {
                "requirement": "Processing Purpose",
                "value": "track and monitor the use of our Service",
                "performed": true
            },
            {
                "requirement": "Data Recipients",
                "value": "Google services",
                "performed": true
            },
            {
                "requirement": "Processing Purpose",
                "value": "contextualize and personalize the ads of its own advertising network",
                "performed": true
            },
            {
                "requirement": "Data Recipients",
                "value": "Google Analytics",
                "performed": true
            },
            {
                "requirement": "Processing Purpose",
                "value": "tracks and reports website traffic",
                "performed": true
            },
            {
                "requirement": "Processing Purpose",
                "value": "Google may use the collected data to contextualize\u00a0and personalize the ads",
                "performed": true
            }
        ]
    },
    {
        "type": "text",
        "context": [
            {
                "text": "Icareus Suite / MyIcareus Privacy Policy",
                "type": "h1"
            },
            {
                "text": "Service Providers",
                "type": "h2"
            },
            {
                "text": "Analytics",
                "type": "h3"
            },
            {
                "text": "Google Analytics",
                "type": "h4"
            }
        ],
        "passage": "You may opt-out of certain Google Analytics features through your mobile device settings, such as your device advertising settings or by following the instructions provided by Google in their Privacy Policy: https://policies.google.com/privacy?hl=en",
        "annotations": [
            {
                "requirement": "Data Recipients",
                "value": "Google Analytics",
                "performed": true
            }
        ]
    },
    {
        "type": "text",
        "context": [
            {
                "text": "Icareus Suite / MyIcareus Privacy Policy",
                "type": "h1"
            },
            {
                "text": "Service Providers",
                "type": "h2"
            },
            {
                "text": "Analytics",
                "type": "h3"
            },
            {
                "text": "Google Analytics",
                "type": "h4"
            }
        ],
        "passage": "For more information on the privacy practices of Google, please visit the Google Privacy & Terms web page: https://policies.google.com/privacy?hl=en",
        "annotations": []
    },
    {
        "type": "headline",
        "context": [
            {
                "text": "Icareus Suite / MyIcareus Privacy Policy",
                "type": "h1"
            },
            {
                "text": "Service Providers",
                "type": "h2"
            },
            {
                "text": "Analytics",
                "type": "h3"
            },
            {
                "text": "Google Analytics",
                "type": "h4"
            }
        ],
        "passage": "Links To Other Sites",
        "annotations": []
    },
    {
        "type": "text",
        "context": [
            {
                "text": "Icareus Suite / MyIcareus Privacy Policy",
                "type": "h1"
            },
            {
                "text": "Links To Other Sites",
                "type": "h2"
            }
        ],
        "passage": "Our Service may contain links to other sites that are not operated by us. If you click on a third party link, you will be directed to that third party\u2019s site. We strongly advise you to review the Privacy Policy of every site you visit.",
        "annotations": []
    },
    {
        "type": "text",
        "context": [
            {
                "text": "Icareus Suite / MyIcareus Privacy Policy",
                "type": "h1"
            },
            {
                "text": "Links To Other Sites",
                "type": "h2"
            }
        ],
        "passage": "We have no control over and assume no responsibility for the content, privacy policies or practices of any third party sites or services.",
        "annotations": []
    },
    {
        "type": "headline",
        "context": [
            {
                "text": "Icareus Suite / MyIcareus Privacy Policy",
                "type": "h1"
            },
            {
                "text": "Links To Other Sites",
                "type": "h2"
            }
        ],
        "passage": "Children\u2019s Privacy",
        "annotations": []
    },
    {
        "type": "text",
        "context": [
            {
                "text": "Icareus Suite / MyIcareus Privacy Policy",
                "type": "h1"
            },
            {
                "text": "Children\u2019s Privacy",
                "type": "h2"
            }
        ],
        "passage": "Our Service does not address anyone under the age of 18 (\u201cChildren\u201d).",
        "annotations": []
    },
    {
        "type": "text",
        "context": [
            {
                "text": "Icareus Suite / MyIcareus Privacy Policy",
                "type": "h1"
            },
            {
                "text": "Children\u2019s Privacy",
                "type": "h2"
            }
        ],
        "passage": "We do not knowingly collect personally identifiable information from anyone under the age of 18. If you are a parent or guardian and you are aware that your Children has provided us with Personal Data, please contact us. If we become aware that we have collected Personal Data from children without verification of parental consent, we take steps to remove that information from our servers.",
        "annotations": [
            {
                "requirement": "Data Categories",
                "value": "personally identifiable information from anyone under the age of 18",
                "performed": false
            }
        ]
    },
    {
        "type": "headline",
        "context": [
            {
                "text": "Icareus Suite / MyIcareus Privacy Policy",
                "type": "h1"
            },
            {
                "text": "Children\u2019s Privacy",
                "type": "h2"
            }
        ],
        "passage": "Changes To This Privacy Policy",
        "annotations": []
    },
    {
        "type": "text",
        "context": [
            {
                "text": "Icareus Suite / MyIcareus Privacy Policy",
                "type": "h1"
            },
            {
                "text": "Changes To This Privacy Policy",
                "type": "h2"
            }
        ],
        "passage": "We may update our Privacy Policy from time to time. We will notify you of any changes by posting the new Privacy Policy on this page.",
        "annotations": []
    },
    {
        "type": "text",
        "context": [
            {
                "text": "Icareus Suite / MyIcareus Privacy Policy",
                "type": "h1"
            },
            {
                "text": "Changes To This Privacy Policy",
                "type": "h2"
            }
        ],
        "passage": "We will let you know via email and/or a prominent notice on our Service, prior to the change becoming effective and update the \u201ceffective date\u201d at the top of this Privacy Policy.",
        "annotations": []
    },
    {
        "type": "text",
        "context": [
            {
                "text": "Icareus Suite / MyIcareus Privacy Policy",
                "type": "h1"
            },
            {
                "text": "Changes To This Privacy Policy",
                "type": "h2"
            }
        ],
        "passage": "You are advised to review this Privacy Policy periodically for any changes. Changes to this Privacy Policy are effective when they are posted on this page.",
        "annotations": []
    },
    {
        "type": "headline",
        "context": [
            {
                "text": "Icareus Suite / MyIcareus Privacy Policy",
                "type": "h1"
            },
            {
                "text": "Changes To This Privacy Policy",
                "type": "h2"
            }
        ],
        "passage": "Contact Us",
        "annotations": []
    },
    {
        "type": "text",
        "context": [
            {
                "text": "Icareus Suite / MyIcareus Privacy Policy",
                "type": "h1"
            },
            {
                "text": "Contact Us",
                "type": "h2"
            }
        ],
        "passage": "If you have any questions about this Privacy Policy, please contact us:",
        "annotations": []
    },
    {
        "type": "list_item",
        "context": [
            {
                "text": "Icareus Suite / MyIcareus Privacy Policy",
                "type": "h1"
            },
            {
                "text": "Contact Us",
                "type": "h2"
            },
            {
                "text": "If you have any questions about this Privacy Policy, please contact us:",
                "type": "list_intro"
            }
        ],
        "passage": "By email: marketing@icareus.com",
        "annotations": [
            {
                "requirement": "Controller Contact",
                "value": "marketing@icareus.com",
                "performed": true
            }
        ]
    },
    {
        "type": "list_item",
        "context": [
            {
                "text": "Icareus Suite / MyIcareus Privacy Policy",
                "type": "h1"
            },
            {
                "text": "Contact Us",
                "type": "h2"
            },
            {
                "text": "If you have any questions about this Privacy Policy, please contact us:",
                "type": "list_intro"
            }
        ],
        "passage": "By visiting this page on our website: http://www.icareus.com/contact/",
        "annotations": [
            {
                "requirement": "Controller Contact",
                "value": "http://www.icareus.com/contact/",
                "performed": true
            }
        ]
    }
]