[
    {
        "type": "headline",
        "context": [],
        "passage": "Android app \"Hatsumi\" - Privacy Policy",
        "annotations": []
    },
    {
        "type": "text",
        "context": [
            {
                "text": "Android app \"Hatsumi\" - Privacy Policy",
                "type": "h1"
            }
        ],
        "passage": "English | Japanese",
        "annotations": []
    },
    {
        "type": "headline",
        "context": [
            {
                "text": "Android app \"Hatsumi\" - Privacy Policy",
                "type": "h1"
            }
        ],
        "passage": "About advertising",
        "annotations": []
    },
    {
        "type": "text",
        "context": [
            {
                "text": "Android app \"Hatsumi\" - Privacy Policy",
                "type": "h1"
            },
            {
                "text": "About advertising",
                "type": "h2"
            }
        ],
        "passage": "This application uses AdMob (Google Inc.) for advertisement distribution, and may automatically acquire user information. For information to be acquired, purpose of use, provision to third parties, etc., please check the link of the application privacy policy of the advertisement distributor below.",
        "annotations": [
            {
                "requirement": "Data Recipients",
                "value": "AdMob (Google Inc.)",
                "performed": true
            },
            {
                "requirement": "Processing Purpose",
                "value": "advertisement distribution",
                "performed": true
            }
        ]
    },
    {
        "type": "text",
        "context": [
            {
                "text": "Android app \"Hatsumi\" - Privacy Policy",
                "type": "h1"
            },
            {
                "text": "About advertising",
                "type": "h2"
            }
        ],
        "passage": "AdMob (Google Inc.)",
        "annotations": [
            {
                "requirement": "Data Recipients",
                "value": "AdMob (Google Inc.)",
                "performed": true
            }
        ]
    },
    {
        "type": "text",
        "context": [
            {
                "text": "Android app \"Hatsumi\" - Privacy Policy",
                "type": "h1"
            },
            {
                "text": "About advertising",
                "type": "h2"
            }
        ],
        "passage": "https://policies.google.com/technologies/ads",
        "annotations": []
    },
    {
        "type": "headline",
        "context": [
            {
                "text": "Android app \"Hatsumi\" - Privacy Policy",
                "type": "h1"
            },
            {
                "text": "About advertising",
                "type": "h2"
            }
        ],
        "passage": "About the EU General Data Protection Regulation (GDPR)",
        "annotations": []
    },
    {
        "type": "text",
        "context": [
            {
                "text": "Android app \"Hatsumi\" - Privacy Policy",
                "type": "h1"
            },
            {
                "text": "About the EU General Data Protection Regulation (GDPR)",
                "type": "h2"
            }
        ],
        "passage": "The first time you display an ad in the European Economic Area, you will be asked to confirm the use of your personal information. Please choose whether you agree or not.",
        "annotations": [
            {
                "requirement": "Right to Withdraw Consent",
                "value": "choose whether you agree or not",
                "performed": true
            },
            {
                "requirement": "Legal Basis for Processing",
                "value": "Please choose\u00a0whether you agree or not.",
                "performed": true
            }
        ]
    },
    {
        "type": "text",
        "context": [
            {
                "text": "Android app \"Hatsumi\" - Privacy Policy",
                "type": "h1"
            },
            {
                "text": "About the EU General Data Protection Regulation (GDPR)",
                "type": "h2"
            }
        ],
        "passage": "You can change the confirmation details regarding the use of your personal information later. Please display a confirmation dialog by clicking the \"Confirm GDPR consent\" button at the bottom of the privacy policy screen. However, the dialog can only be displayed if you are using from the European Economic Area and are connected to the network. After changing the confirmation details, stop and restart the app.",
        "annotations": [
            {
                "requirement": "Right to Withdraw Consent",
                "value": "change the confirmation details regarding the use of your personal information",
                "performed": true
            }
        ]
    }
]