[
    {
        "type": "headline",
        "context": [],
        "passage": "Australian Daily Prayer private policy",
        "annotations": []
    },
    {
        "type": "text",
        "context": [
            {
                "text": "Australian Daily Prayer private policy",
                "type": "h1"
            }
        ],
        "passage": "The Android app the Australian Daily Prayer created by ampers does not collect any data from its users.",
        "annotations": [
            {
                "requirement": "Data Categories",
                "value": "does not collect any data",
                "performed": false
            }
        ]
    },
    {
        "type": "text",
        "context": [
            {
                "text": "Australian Daily Prayer private policy",
                "type": "h1"
            }
        ],
        "passage": "However, if you download this app via a third party app store such as Google Play or the Amazon Appstore you are subject to their privacy policies, where they do collect user information about your location and device when you install an app from their store. Below are links to their private policies:",
        "annotations": [
            {
                "requirement": "Source of Data",
                "value": "user information about your location and device",
                "performed": true
            }
        ]
    },
    {
        "type": "list_item",
        "context": [
            {
                "text": "Australian Daily Prayer private policy",
                "type": "h1"
            },
            {
                "text": "However, if you download this app via a third party app store such as Google Play or the Amazon Appstore you are subject to their privacy policies, where they do collect user information about your location and device when you install an app from their store. Below are links to their private policies:",
                "type": "list_intro"
            }
        ],
        "passage": "Google Play Services",
        "annotations": []
    },
    {
        "type": "list_item",
        "context": [
            {
                "text": "Australian Daily Prayer private policy",
                "type": "h1"
            },
            {
                "text": "However, if you download this app via a third party app store such as Google Play or the Amazon Appstore you are subject to their privacy policies, where they do collect user information about your location and device when you install an app from their store. Below are links to their private policies:",
                "type": "list_intro"
            }
        ],
        "passage": "Amazon Privacy Notice",
        "annotations": []
    }
]