[
    {
        "type": "text",
        "context": [],
        "passage": "Privacy Policy of \u201cChild Growth Diary\u201d",
        "annotations": [
            {
                "requirement": "Controller Name",
                "value": "Child Growth Diary",
                "performed": true
            }
        ]
    },
    {
        "type": "text",
        "context": [],
        "passage": "This Application collects some Personal Data from its Users.",
        "annotations": [
            {
                "requirement": "Data Categories",
                "value": "Personal Data",
                "performed": true
            }
        ]
    },
    {
        "type": "headline",
        "context": [],
        "passage": "Policy summary",
        "annotations": []
    },
    {
        "type": "headline",
        "context": [
            {
                "text": "Policy summary",
                "type": "h1"
            }
        ],
        "passage": "Personal Data collected for the following purposes and using the following services:",
        "annotations": []
    },
    {
        "type": "text",
        "context": [
            {
                "text": "Policy summary",
                "type": "h1"
            },
            {
                "text": "Personal Data collected for the following purposes and using the following services:",
                "type": "h2"
            }
        ],
        "passage": "Registration and authentication",
        "annotations": []
    },
    {
        "type": "text",
        "context": [
            {
                "text": "Policy summary",
                "type": "h1"
            },
            {
                "text": "Personal Data collected for the following purposes and using the following services:",
                "type": "h2"
            }
        ],
        "passage": "Direct registration",
        "annotations": []
    },
    {
        "type": "text",
        "context": [
            {
                "text": "Policy summary",
                "type": "h1"
            },
            {
                "text": "Personal Data collected for the following purposes and using the following services:",
                "type": "h2"
            }
        ],
        "passage": "Personal Data: date of birth, first name, gender, last name, picture and profile picture",
        "annotations": [
            {
                "requirement": "Data Categories",
                "value": "date of birth",
                "performed": true
            },
            {
                "requirement": "Data Categories",
                "value": "first name",
                "performed": true
            },
            {
                "requirement": "Data Categories",
                "value": "gender",
                "performed": true
            },
            {
                "requirement": "Data Categories",
                "value": "last name",
                "performed": true
            },
            {
                "requirement": "Data Categories",
                "value": "picture",
                "performed": true
            },
            {
                "requirement": "Data Categories",
                "value": "profile picture",
                "performed": true
            }
        ]
    },
    {
        "type": "headline",
        "context": [
            {
                "text": "Policy summary",
                "type": "h1"
            },
            {
                "text": "Personal Data collected for the following purposes and using the following services:",
                "type": "h2"
            }
        ],
        "passage": "Full policy",
        "annotations": []
    },
    {
        "type": "headline",
        "context": [
            {
                "text": "Full policy",
                "type": "h1"
            }
        ],
        "passage": "Data Controller and Owner",
        "annotations": []
    },
    {
        "type": "headline",
        "context": [
            {
                "text": "Full policy",
                "type": "h1"
            },
            {
                "text": "Data Controller and Owner",
                "type": "h2"
            }
        ],
        "passage": "Types of Data collected",
        "annotations": []
    },
    {
        "type": "text",
        "context": [
            {
                "text": "Full policy",
                "type": "h1"
            },
            {
                "text": "Data Controller and Owner",
                "type": "h2"
            },
            {
                "text": "Types of Data collected",
                "type": "h3"
            }
        ],
        "passage": "Among the types of Personal Data that this Application collects, by itself or through third parties, there are: first name, last name, gender, date of birth, picture and profile picture.",
        "annotations": [
            {
                "requirement": "Data Categories",
                "value": "first name",
                "performed": true
            },
            {
                "requirement": "Data Categories",
                "value": "last name",
                "performed": true
            },
            {
                "requirement": "Data Categories",
                "value": "gender",
                "performed": true
            },
            {
                "requirement": "Data Categories",
                "value": "date of birth",
                "performed": true
            },
            {
                "requirement": "Data Categories",
                "value": "picture",
                "performed": true
            },
            {
                "requirement": "Data Categories",
                "value": "profile picture",
                "performed": true
            }
        ]
    },
    {
        "type": "text",
        "context": [
            {
                "text": "Full policy",
                "type": "h1"
            },
            {
                "text": "Data Controller and Owner",
                "type": "h2"
            },
            {
                "text": "Types of Data collected",
                "type": "h3"
            }
        ],
        "passage": "Other Personal Data collected may be described in other sections of this privacy policy or by dedicated explanation text contextually with the Data collection.",
        "annotations": []
    },
    {
        "type": "text",
        "context": [
            {
                "text": "Full policy",
                "type": "h1"
            },
            {
                "text": "Data Controller and Owner",
                "type": "h2"
            },
            {
                "text": "Types of Data collected",
                "type": "h3"
            }
        ],
        "passage": "The Personal Data may be freely provided by the User, or collected automatically when using this Application.",
        "annotations": [
            {
                "requirement": "Source of Data",
                "value": "freely provided by the User",
                "performed": true
            },
            {
                "requirement": "Source of Data",
                "value": "collected automatically",
                "performed": true
            }
        ]
    },
    {
        "type": "text",
        "context": [
            {
                "text": "Full policy",
                "type": "h1"
            },
            {
                "text": "Data Controller and Owner",
                "type": "h2"
            },
            {
                "text": "Types of Data collected",
                "type": "h3"
            }
        ],
        "passage": "Any use of Cookies \u2013 or of other tracking tools \u2013 by this Application or by the owners of third party services used by this Application, unless stated otherwise, serves to identify Users and remember their preferences, for the sole purpose of providing the service required by the User.",
        "annotations": [
            {
                "requirement": "Processing Purpose",
                "value": "identify Users and remember their preferences",
                "performed": true
            },
            {
                "requirement": "Processing Purpose",
                "value": "providing the service required by the User",
                "performed": true
            }
        ]
    },
    {
        "type": "text",
        "context": [
            {
                "text": "Full policy",
                "type": "h1"
            },
            {
                "text": "Data Controller and Owner",
                "type": "h2"
            },
            {
                "text": "Types of Data collected",
                "type": "h3"
            }
        ],
        "passage": "Failure to provide certain Personal Data may make it impossible for this Application to provide its services.",
        "annotations": [
            {
                "requirement": "Mandatory Data Disclosure",
                "value": "Failure to provide certain Personal Data may make it impossible for this Application to provide its services",
                "performed": true
            }
        ]
    },
    {
        "type": "text",
        "context": [
            {
                "text": "Full policy",
                "type": "h1"
            },
            {
                "text": "Data Controller and Owner",
                "type": "h2"
            },
            {
                "text": "Types of Data collected",
                "type": "h3"
            }
        ],
        "passage": "Users are responsible for any Personal Data of third parties obtained, published or shared through this Application and confirm that they have the third party's consent to provide the Data to the Owner.",
        "annotations": [
            {
                "requirement": "Controller Name",
                "value": "Owner",
                "performed": true
            },
            {
                "requirement": "Legal Basis for Processing",
                "value": "they have the third party's consent",
                "performed": true
            }
        ]
    },
    {
        "type": "headline",
        "context": [
            {
                "text": "Full policy",
                "type": "h1"
            },
            {
                "text": "Data Controller and Owner",
                "type": "h2"
            },
            {
                "text": "Types of Data collected",
                "type": "h3"
            }
        ],
        "passage": "Mode and place of processing the Data",
        "annotations": []
    },
    {
        "type": "headline",
        "context": [
            {
                "text": "Full policy",
                "type": "h1"
            },
            {
                "text": "Mode and place of processing the Data",
                "type": "h2"
            }
        ],
        "passage": "Methods of processing",
        "annotations": []
    },
    {
        "type": "text",
        "context": [
            {
                "text": "Full policy",
                "type": "h1"
            },
            {
                "text": "Mode and place of processing the Data",
                "type": "h2"
            },
            {
                "text": "Methods of processing",
                "type": "h3"
            }
        ],
        "passage": "The Data Controller processes the Data of Users in a proper manner and shall take appropriate security measures to prevent unauthorized access, disclosure, modification, or unauthorized destruction of the Data.",
        "annotations": [
            {
                "requirement": "Controller Name",
                "value": "The Data Controller",
                "performed": true
            }
        ]
    },
    {
        "type": "text",
        "context": [
            {
                "text": "Full policy",
                "type": "h1"
            },
            {
                "text": "Mode and place of processing the Data",
                "type": "h2"
            },
            {
                "text": "Methods of processing",
                "type": "h3"
            }
        ],
        "passage": "The Data processing is carried out using computers and/or IT enabled tools, following organizational procedures and modes strictly related to the purposes indicated. In addition to the Data Controller, in some cases, the Data may be accessible to certain types of persons in charge, involved with the operation of the site (administration, sales, marketing, legal, system administration) or external parties (such as third party technical service providers, mail carriers, hosting providers, IT companies, communications agencies) appointed, if necessary, as Data Processors by the Owner. The updated list of these parties may be requested from the Data Controller at any time.",
        "annotations": [
            {
                "requirement": "Data Recipients",
                "value": "certain types of persons in charge, involved with the operation of the site (administration, sales, marketing, legal, system administration)",
                "performed": true
            },
            {
                "requirement": "Data Recipients",
                "value": "external parties (such as third party technical service providers, mail carriers, hosting providers, IT companies, communications agencies)",
                "performed": true
            }
        ]
    },
    {
        "type": "headline",
        "context": [
            {
                "text": "Full policy",
                "type": "h1"
            },
            {
                "text": "Mode and place of processing the Data",
                "type": "h2"
            },
            {
                "text": "Methods of processing",
                "type": "h3"
            }
        ],
        "passage": "Place",
        "annotations": []
    },
    {
        "type": "text",
        "context": [
            {
                "text": "Full policy",
                "type": "h1"
            },
            {
                "text": "Mode and place of processing the Data",
                "type": "h2"
            },
            {
                "text": "Place",
                "type": "h3"
            }
        ],
        "passage": "The Data is processed at the Data Controller's operating offices and in any other places where the parties involved with the processing are located. For further information, please contact the Data Controller.",
        "annotations": [
            {
                "requirement": "Controller Contact",
                "value": "contact the Data Controller",
                "performed": true
            }
        ]
    },
    {
        "type": "headline",
        "context": [
            {
                "text": "Full policy",
                "type": "h1"
            },
            {
                "text": "Mode and place of processing the Data",
                "type": "h2"
            },
            {
                "text": "Place",
                "type": "h3"
            }
        ],
        "passage": "Retention time",
        "annotations": []
    },
    {
        "type": "text",
        "context": [
            {
                "text": "Full policy",
                "type": "h1"
            },
            {
                "text": "Mode and place of processing the Data",
                "type": "h2"
            },
            {
                "text": "Retention time",
                "type": "h3"
            }
        ],
        "passage": "The Data is kept for the time necessary to provide the service requested by the User, or stated by the purposes outlined in this document, and the User can always request that the Data Controller suspend or remove the data.",
        "annotations": [
            {
                "requirement": "Data Retention Period",
                "value": "The Data is kept for the time necessary to provide the service requested by the User, or stated by the purposes outlined in this document",
                "performed": true
            }
        ]
    },
    {
        "type": "headline",
        "context": [
            {
                "text": "Full policy",
                "type": "h1"
            },
            {
                "text": "Mode and place of processing the Data",
                "type": "h2"
            },
            {
                "text": "Retention time",
                "type": "h3"
            }
        ],
        "passage": "The use of the collected Data",
        "annotations": []
    },
    {
        "type": "text",
        "context": [
            {
                "text": "Full policy",
                "type": "h1"
            },
            {
                "text": "The use of the collected Data",
                "type": "h2"
            }
        ],
        "passage": "The Data concerning the User is collected to allow the Owner to provide its services, as well as for the following purposes: Registration and authentication.",
        "annotations": [
            {
                "requirement": "Processing Purpose",
                "value": "provide its services",
                "performed": true
            },
            {
                "requirement": "Processing Purpose",
                "value": "Registration and authentication",
                "performed": true
            }
        ]
    },
    {
        "type": "text",
        "context": [
            {
                "text": "Full policy",
                "type": "h1"
            },
            {
                "text": "The use of the collected Data",
                "type": "h2"
            }
        ],
        "passage": "The Personal Data used for each purpose is outlined in the specific sections of this document.",
        "annotations": []
    },
    {
        "type": "headline",
        "context": [
            {
                "text": "Full policy",
                "type": "h1"
            },
            {
                "text": "The use of the collected Data",
                "type": "h2"
            }
        ],
        "passage": "Detailed information on the processing of Personal Data",
        "annotations": []
    },
    {
        "type": "text",
        "context": [
            {
                "text": "Full policy",
                "type": "h1"
            },
            {
                "text": "Detailed information on the processing of Personal Data",
                "type": "h2"
            }
        ],
        "passage": "Personal Data is collected for the following purposes and using the following services:",
        "annotations": [
            {
                "requirement": "Processing Purpose",
                "value": "the following purposes",
                "performed": true
            }
        ]
    },
    {
        "type": "text",
        "context": [
            {
                "text": "Full policy",
                "type": "h1"
            },
            {
                "text": "Detailed information on the processing of Personal Data",
                "type": "h2"
            }
        ],
        "passage": "Registration and authentication",
        "annotations": []
    },
    {
        "type": "text",
        "context": [
            {
                "text": "Full policy",
                "type": "h1"
            },
            {
                "text": "Detailed information on the processing of Personal Data",
                "type": "h2"
            }
        ],
        "passage": "\u201cBy registering or authenticating, Users allow this Application to identify them and give them access to dedicated services.",
        "annotations": [
            {
                "requirement": "Processing Purpose",
                "value": "identify them",
                "performed": true
            },
            {
                "requirement": "Processing Purpose",
                "value": "give them access to dedicated services",
                "performed": true
            }
        ]
    },
    {
        "type": "text",
        "context": [
            {
                "text": "Full policy",
                "type": "h1"
            },
            {
                "text": "Detailed information on the processing of Personal Data",
                "type": "h2"
            }
        ],
        "passage": "Depending on what is described below, third parties may provide registration and authentication services. In this case, this Application will be able to access some Data, stored by these third party services, for registration or identification purposes.",
        "annotations": [
            {
                "requirement": "Source of Data",
                "value": "third parties",
                "performed": true
            },
            {
                "requirement": "Processing Purpose",
                "value": "registration or identification purposes",
                "performed": true
            }
        ]
    },
    {
        "type": "text",
        "context": [
            {
                "text": "Full policy",
                "type": "h1"
            },
            {
                "text": "Detailed information on the processing of Personal Data",
                "type": "h2"
            }
        ],
        "passage": "Direct registration (This Application)",
        "annotations": []
    },
    {
        "type": "text",
        "context": [
            {
                "text": "Full policy",
                "type": "h1"
            },
            {
                "text": "Detailed information on the processing of Personal Data",
                "type": "h2"
            }
        ],
        "passage": "The User registers by filling out the registration form and providing the Personal Data directly to this Application.",
        "annotations": [
            {
                "requirement": "Data Categories",
                "value": "Personal Data",
                "performed": true
            }
        ]
    },
    {
        "type": "text",
        "context": [
            {
                "text": "Full policy",
                "type": "h1"
            },
            {
                "text": "Detailed information on the processing of Personal Data",
                "type": "h2"
            }
        ],
        "passage": "Personal Data collected: date of birth, first name, gender, last name, picture and profile picture.\u201d",
        "annotations": [
            {
                "requirement": "Data Categories",
                "value": "date of birth",
                "performed": true
            },
            {
                "requirement": "Data Categories",
                "value": "first name",
                "performed": true
            },
            {
                "requirement": "Data Categories",
                "value": "gender",
                "performed": true
            },
            {
                "requirement": "Data Categories",
                "value": "last name",
                "performed": true
            },
            {
                "requirement": "Data Categories",
                "value": "picture",
                "performed": true
            },
            {
                "requirement": "Data Categories",
                "value": "profile picture",
                "performed": true
            }
        ]
    },
    {
        "type": "headline",
        "context": [
            {
                "text": "Full policy",
                "type": "h1"
            },
            {
                "text": "Detailed information on the processing of Personal Data",
                "type": "h2"
            }
        ],
        "passage": "Additional information about Data collection and processing",
        "annotations": []
    },
    {
        "type": "headline",
        "context": [
            {
                "text": "Full policy",
                "type": "h1"
            },
            {
                "text": "Additional information about Data collection and processing",
                "type": "h2"
            }
        ],
        "passage": "Legal action",
        "annotations": []
    },
    {
        "type": "text",
        "context": [
            {
                "text": "Full policy",
                "type": "h1"
            },
            {
                "text": "Additional information about Data collection and processing",
                "type": "h2"
            },
            {
                "text": "Legal action",
                "type": "h3"
            }
        ],
        "passage": "The User's Personal Data may be used for legal purposes by the Data Controller, in Court or in the stages leading to possible legal action arising from improper use of this Application or the related services.",
        "annotations": [
            {
                "requirement": "Processing Purpose",
                "value": "legal purposes",
                "performed": true
            }
        ]
    },
    {
        "type": "text",
        "context": [
            {
                "text": "Full policy",
                "type": "h1"
            },
            {
                "text": "Additional information about Data collection and processing",
                "type": "h2"
            },
            {
                "text": "Legal action",
                "type": "h3"
            }
        ],
        "passage": "The User declares to be aware that the Data Controller may be required to reveal personal data upon request of public authorities.",
        "annotations": [
            {
                "requirement": "Mandatory Data Disclosure",
                "value": "the Data Controller may be required to reveal personal data upon request of public authorities",
                "performed": true
            }
        ]
    },
    {
        "type": "headline",
        "context": [
            {
                "text": "Full policy",
                "type": "h1"
            },
            {
                "text": "Additional information about Data collection and processing",
                "type": "h2"
            },
            {
                "text": "Legal action",
                "type": "h3"
            }
        ],
        "passage": "Additional information about User's Personal Data",
        "annotations": []
    },
    {
        "type": "text",
        "context": [
            {
                "text": "Full policy",
                "type": "h1"
            },
            {
                "text": "Additional information about Data collection and processing",
                "type": "h2"
            },
            {
                "text": "Additional information about User's Personal Data",
                "type": "h3"
            }
        ],
        "passage": "In addition to the information contained in this privacy policy, this Application may provide the User with additional and contextual information concerning particular services or the collection and processing of Personal Data upon request.",
        "annotations": []
    },
    {
        "type": "headline",
        "context": [
            {
                "text": "Full policy",
                "type": "h1"
            },
            {
                "text": "Additional information about Data collection and processing",
                "type": "h2"
            },
            {
                "text": "Additional information about User's Personal Data",
                "type": "h3"
            }
        ],
        "passage": "System logs and maintenance",
        "annotations": []
    },
    {
        "type": "text",
        "context": [
            {
                "text": "Full policy",
                "type": "h1"
            },
            {
                "text": "Additional information about Data collection and processing",
                "type": "h2"
            },
            {
                "text": "System logs and maintenance",
                "type": "h3"
            }
        ],
        "passage": "For operation and maintenance purposes, this Application and any third party services may collect files that record interaction with this Application (System logs) or use for this purpose other Personal Data (such as IP Address).",
        "annotations": [
            {
                "requirement": "Data Categories",
                "value": "files that record interaction with this Application",
                "performed": true
            },
            {
                "requirement": "Data Categories",
                "value": "IP Address",
                "performed": true
            },
            {
                "requirement": "Processing Purpose",
                "value": "operation and maintenance purposes",
                "performed": true
            }
        ]
    },
    {
        "type": "headline",
        "context": [
            {
                "text": "Full policy",
                "type": "h1"
            },
            {
                "text": "Additional information about Data collection and processing",
                "type": "h2"
            },
            {
                "text": "System logs and maintenance",
                "type": "h3"
            }
        ],
        "passage": "Information not contained in this policy",
        "annotations": []
    },
    {
        "type": "text",
        "context": [
            {
                "text": "Full policy",
                "type": "h1"
            },
            {
                "text": "Additional information about Data collection and processing",
                "type": "h2"
            },
            {
                "text": "Information not contained in this policy",
                "type": "h3"
            }
        ],
        "passage": "More details concerning the collection or processing of Personal Data may be requested from the Data Controller at any time. Please see the contact information at the beginning of this document.",
        "annotations": [
            {
                "requirement": "Controller Contact",
                "value": "Please see the contact information at the beginning of this document",
                "performed": false
            }
        ]
    },
    {
        "type": "headline",
        "context": [
            {
                "text": "Full policy",
                "type": "h1"
            },
            {
                "text": "Additional information about Data collection and processing",
                "type": "h2"
            },
            {
                "text": "Information not contained in this policy",
                "type": "h3"
            }
        ],
        "passage": "The rights of Users",
        "annotations": []
    },
    {
        "type": "text",
        "context": [
            {
                "text": "Full policy",
                "type": "h1"
            },
            {
                "text": "Additional information about Data collection and processing",
                "type": "h2"
            },
            {
                "text": "The rights of Users",
                "type": "h3"
            }
        ],
        "passage": "Users have the right, at any time, to know whether their Personal Data has been stored and can consult the Data Controller to learn about their contents and origin, to verify their accuracy or to ask for them to be supplemented, canceled, updated or corrected, or for their transformation into anonymous format or to block any data held in violation of the law, as well as to oppose their treatment for any and all legitimate reasons. Requests should be sent to the Data Controller at the contact information set out above.",
        "annotations": [
            {
                "requirement": "Right to Access",
                "value": "Users have the right, at any time, to know whether their Personal Data has been stored",
                "performed": true
            },
            {
                "requirement": "Right to Access",
                "value": "consult the Data Controller to learn about their contents and origin",
                "performed": true
            },
            {
                "requirement": "Right to Rectification",
                "value": "ask for them to be supplemented, canceled, updated or corrected",
                "performed": true
            },
            {
                "requirement": "Right to Erasure",
                "value": "canceled",
                "performed": true
            }
        ]
    },
    {
        "type": "text",
        "context": [
            {
                "text": "Full policy",
                "type": "h1"
            },
            {
                "text": "Additional information about Data collection and processing",
                "type": "h2"
            },
            {
                "text": "The rights of Users",
                "type": "h3"
            }
        ],
        "passage": "This Application does not support \u201cDo Not Track\u201d requests.",
        "annotations": []
    },
    {
        "type": "text",
        "context": [
            {
                "text": "Full policy",
                "type": "h1"
            },
            {
                "text": "Additional information about Data collection and processing",
                "type": "h2"
            },
            {
                "text": "The rights of Users",
                "type": "h3"
            }
        ],
        "passage": "To determine whether any of the third party services it uses honor the \u201cDo Not Track\u201d requests, please read their privacy policies.",
        "annotations": []
    },
    {
        "type": "headline",
        "context": [
            {
                "text": "Full policy",
                "type": "h1"
            },
            {
                "text": "Additional information about Data collection and processing",
                "type": "h2"
            },
            {
                "text": "The rights of Users",
                "type": "h3"
            }
        ],
        "passage": "Changes to this privacy policy",
        "annotations": []
    },
    {
        "type": "text",
        "context": [
            {
                "text": "Full policy",
                "type": "h1"
            },
            {
                "text": "Additional information about Data collection and processing",
                "type": "h2"
            },
            {
                "text": "Changes to this privacy policy",
                "type": "h3"
            }
        ],
        "passage": "The Data Controller reserves the right to make changes to this privacy policy at any time by giving notice to its Users on this page. It is strongly recommended to check this page often, referring to the date of the last modification listed at the bottom. If a User objects to any of the changes to the Policy, the User must cease using this Application and can request that the Data Controller remove the Personal Data. Unless stated otherwise, the then-current privacy policy applies to all Personal Data the Data Controller has about Users.",
        "annotations": []
    },
    {
        "type": "headline",
        "context": [
            {
                "text": "Full policy",
                "type": "h1"
            },
            {
                "text": "Additional information about Data collection and processing",
                "type": "h2"
            },
            {
                "text": "Changes to this privacy policy",
                "type": "h3"
            }
        ],
        "passage": "Information about this privacy policy",
        "annotations": []
    },
    {
        "type": "text",
        "context": [
            {
                "text": "Full policy",
                "type": "h1"
            },
            {
                "text": "Additional information about Data collection and processing",
                "type": "h2"
            },
            {
                "text": "Information about this privacy policy",
                "type": "h3"
            }
        ],
        "passage": "The Data Controller is responsible for this privacy policy, prepared starting from the modules",
        "annotations": [
            {
                "requirement": "Controller Name",
                "value": "The Data Controller",
                "performed": true
            }
        ]
    },
    {
        "type": "headline",
        "context": [
            {
                "text": "Full policy",
                "type": "h1"
            },
            {
                "text": "Additional information about Data collection and processing",
                "type": "h2"
            },
            {
                "text": "Information about this privacy policy",
                "type": "h3"
            }
        ],
        "passage": "Definitions and legal references",
        "annotations": []
    },
    {
        "type": "headline",
        "context": [
            {
                "text": "Full policy",
                "type": "h1"
            },
            {
                "text": "Additional information about Data collection and processing",
                "type": "h2"
            },
            {
                "text": "Definitions and legal references",
                "type": "h3"
            }
        ],
        "passage": "\u201cPersonal Data (or Data)",
        "annotations": []
    },
    {
        "type": "text",
        "context": [
            {
                "text": "Full policy",
                "type": "h1"
            },
            {
                "text": "Additional information about Data collection and processing",
                "type": "h2"
            },
            {
                "text": "Definitions and legal references",
                "type": "h3"
            },
            {
                "text": "\u201cPersonal Data (or Data)",
                "type": "h4"
            }
        ],
        "passage": "Any information regarding a natural person, a legal person, an institution or an association, which is, or can be, identified, even indirectly, by reference to any other information, including a personal identification number.",
        "annotations": []
    },
    {
        "type": "headline",
        "context": [
            {
                "text": "Full policy",
                "type": "h1"
            },
            {
                "text": "Additional information about Data collection and processing",
                "type": "h2"
            },
            {
                "text": "Definitions and legal references",
                "type": "h3"
            },
            {
                "text": "\u201cPersonal Data (or Data)",
                "type": "h4"
            }
        ],
        "passage": "Usage Data",
        "annotations": [
            {
                "requirement": "Data Categories",
                "value": "Usage Data",
                "performed": true
            }
        ]
    },
    {
        "type": "text",
        "context": [
            {
                "text": "Full policy",
                "type": "h1"
            },
            {
                "text": "Additional information about Data collection and processing",
                "type": "h2"
            },
            {
                "text": "Definitions and legal references",
                "type": "h3"
            },
            {
                "text": "Usage Data",
                "type": "h4"
            }
        ],
        "passage": "Information collected automatically from this Application (or third party services employed in this Application), which can include: the IP addresses or domain names of the computers utilized by the Users who use this Application, the URI addresses (Uniform Resource Identifier), the time of the request, the method utilized to submit the request to the server, the size of the file received in response, the numerical code indicating the status of the server's answer (successful outcome, error, etc.), the country of origin, the features of the browser and the operating system utilized by the User, the various time details per visit (e.g., the time spent on each page within the Application) and the details about the path followed within the Application with special reference to the sequence of pages visited, and other parameters about the device operating system and/or the User's IT environment.",
        "annotations": [
            {
                "requirement": "Data Categories",
                "value": "IP addresses",
                "performed": true
            },
            {
                "requirement": "Data Categories",
                "value": "domain names of the computers utilized by the Users",
                "performed": true
            },
            {
                "requirement": "Data Categories",
                "value": "URI addresses (Uniform Resource Identifier)",
                "performed": true
            },
            {
                "requirement": "Data Categories",
                "value": "time of the request",
                "performed": true
            },
            {
                "requirement": "Data Categories",
                "value": "method utilized to submit the request to the server",
                "performed": true
            },
            {
                "requirement": "Data Categories",
                "value": "size of the file received in response",
                "performed": true
            },
            {
                "requirement": "Data Categories",
                "value": "numerical code indicating the status of the server's answer (successful outcome, error, etc.)",
                "performed": true
            },
            {
                "requirement": "Data Categories",
                "value": "country of origin",
                "performed": true
            },
            {
                "requirement": "Data Categories",
                "value": "features of the browser and the operating system utilized by the User",
                "performed": true
            },
            {
                "requirement": "Data Categories",
                "value": "various time details per visit (e.g., the time spent on each page within the Application)",
                "performed": true
            },
            {
                "requirement": "Data Categories",
                "value": "details about the path followed within the Application with special reference to the sequence of pages visited",
                "performed": true
            },
            {
                "requirement": "Data Categories",
                "value": "other parameters about the device operating system and/or the User's IT environment",
                "performed": true
            }
        ]
    },
    {
        "type": "headline",
        "context": [
            {
                "text": "Full policy",
                "type": "h1"
            },
            {
                "text": "Additional information about Data collection and processing",
                "type": "h2"
            },
            {
                "text": "Definitions and legal references",
                "type": "h3"
            },
            {
                "text": "Usage Data",
                "type": "h4"
            }
        ],
        "passage": "User",
        "annotations": []
    },
    {
        "type": "text",
        "context": [
            {
                "text": "Full policy",
                "type": "h1"
            },
            {
                "text": "Additional information about Data collection and processing",
                "type": "h2"
            },
            {
                "text": "Definitions and legal references",
                "type": "h3"
            },
            {
                "text": "User",
                "type": "h4"
            }
        ],
        "passage": "The individual using this Application, which must coincide with or be authorized by the Data Subject, to whom the Personal Data refers.",
        "annotations": []
    },
    {
        "type": "headline",
        "context": [
            {
                "text": "Full policy",
                "type": "h1"
            },
            {
                "text": "Additional information about Data collection and processing",
                "type": "h2"
            },
            {
                "text": "Definitions and legal references",
                "type": "h3"
            },
            {
                "text": "User",
                "type": "h4"
            }
        ],
        "passage": "Data Subject",
        "annotations": []
    },
    {
        "type": "text",
        "context": [
            {
                "text": "Full policy",
                "type": "h1"
            },
            {
                "text": "Additional information about Data collection and processing",
                "type": "h2"
            },
            {
                "text": "Definitions and legal references",
                "type": "h3"
            },
            {
                "text": "Data Subject",
                "type": "h4"
            }
        ],
        "passage": "The legal or natural person to whom the Personal Data refers.",
        "annotations": []
    },
    {
        "type": "headline",
        "context": [
            {
                "text": "Full policy",
                "type": "h1"
            },
            {
                "text": "Additional information about Data collection and processing",
                "type": "h2"
            },
            {
                "text": "Definitions and legal references",
                "type": "h3"
            },
            {
                "text": "Data Subject",
                "type": "h4"
            }
        ],
        "passage": "Data Processor (or Data Supervisor)",
        "annotations": []
    },
    {
        "type": "text",
        "context": [
            {
                "text": "Full policy",
                "type": "h1"
            },
            {
                "text": "Additional information about Data collection and processing",
                "type": "h2"
            },
            {
                "text": "Definitions and legal references",
                "type": "h3"
            },
            {
                "text": "Data Processor (or Data Supervisor)",
                "type": "h4"
            }
        ],
        "passage": "The natural person, legal person, public administration or any other body, association or organization authorized by the Data Controller to process the Personal Data in compliance with this privacy policy.",
        "annotations": []
    },
    {
        "type": "headline",
        "context": [
            {
                "text": "Full policy",
                "type": "h1"
            },
            {
                "text": "Additional information about Data collection and processing",
                "type": "h2"
            },
            {
                "text": "Definitions and legal references",
                "type": "h3"
            },
            {
                "text": "Data Processor (or Data Supervisor)",
                "type": "h4"
            }
        ],
        "passage": "Data Controller (or Owner)",
        "annotations": []
    },
    {
        "type": "text",
        "context": [
            {
                "text": "Full policy",
                "type": "h1"
            },
            {
                "text": "Additional information about Data collection and processing",
                "type": "h2"
            },
            {
                "text": "Definitions and legal references",
                "type": "h3"
            },
            {
                "text": "Data Controller (or Owner)",
                "type": "h4"
            }
        ],
        "passage": "The natural person, legal person, public administration or any other body, association or organization with the right, also jointly with another Data Controller, to make decisions regarding the purposes, and the methods of processing of Personal Data and the means used, including the security measures concerning the operation and use of this Application. The Data Controller, unless otherwise specified, is the Owner of this Application.",
        "annotations": [
            {
                "requirement": "Controller Name",
                "value": "the Owner of this Application",
                "performed": true
            }
        ]
    },
    {
        "type": "headline",
        "context": [
            {
                "text": "Full policy",
                "type": "h1"
            },
            {
                "text": "Additional information about Data collection and processing",
                "type": "h2"
            },
            {
                "text": "Definitions and legal references",
                "type": "h3"
            },
            {
                "text": "Data Controller (or Owner)",
                "type": "h4"
            }
        ],
        "passage": "This Application",
        "annotations": []
    },
    {
        "type": "text",
        "context": [
            {
                "text": "Full policy",
                "type": "h1"
            },
            {
                "text": "Additional information about Data collection and processing",
                "type": "h2"
            },
            {
                "text": "Definitions and legal references",
                "type": "h3"
            },
            {
                "text": "This Application",
                "type": "h4"
            }
        ],
        "passage": "The hardware or software tool by which the Personal Data of the User is collected.",
        "annotations": [
            {
                "requirement": "Data Categories",
                "value": "Personal Data",
                "performed": true
            }
        ]
    },
    {
        "type": "headline",
        "context": [
            {
                "text": "Full policy",
                "type": "h1"
            },
            {
                "text": "Additional information about Data collection and processing",
                "type": "h2"
            },
            {
                "text": "Definitions and legal references",
                "type": "h3"
            },
            {
                "text": "This Application",
                "type": "h4"
            }
        ],
        "passage": "Legal information",
        "annotations": []
    },
    {
        "type": "text",
        "context": [
            {
                "text": "Full policy",
                "type": "h1"
            },
            {
                "text": "Additional information about Data collection and processing",
                "type": "h2"
            },
            {
                "text": "Definitions and legal references",
                "type": "h3"
            },
            {
                "text": "Legal information",
                "type": "h4"
            }
        ],
        "passage": "Notice to European Users: this privacy statement has been prepared in fulfillment of the obligations under Art. 10 of EC Directive n. 95/46/EC, and under the provisions of Directive 2002/58/EC, as revised by Directive 2009/136/EC, on the subject of Cookies.",
        "annotations": []
    },
    {
        "type": "text",
        "context": [
            {
                "text": "Full policy",
                "type": "h1"
            },
            {
                "text": "Additional information about Data collection and processing",
                "type": "h2"
            },
            {
                "text": "Definitions and legal references",
                "type": "h3"
            },
            {
                "text": "Legal information",
                "type": "h4"
            }
        ],
        "passage": "This privacy policy relates solely to this Application.\u201d",
        "annotations": []
    },
    {
        "type": "text",
        "context": [
            {
                "text": "Full policy",
                "type": "h1"
            },
            {
                "text": "Additional information about Data collection and processing",
                "type": "h2"
            },
            {
                "text": "Definitions and legal references",
                "type": "h3"
            },
            {
                "text": "Legal information",
                "type": "h4"
            }
        ],
        "passage": "Latest update: December 09, 2016",
        "annotations": []
    },
    {
        "type": "text",
        "context": [
            {
                "text": "Full policy",
                "type": "h1"
            },
            {
                "text": "Additional information about Data collection and processing",
                "type": "h2"
            },
            {
                "text": "Definitions and legal references",
                "type": "h3"
            },
            {
                "text": "Legal information",
                "type": "h4"
            }
        ],
        "passage": "\u00a9 CosTheta Co. All rights reserved.",
        "annotations": []
    }
]